2026-09-19 10:00:00 INFO system Request processed successfully
2026-09-19 10:00:01 INFO system Request processed successfully
2026-09-19 10:00:02 ERROR auth Authentication failed
2026-09-19 10:00:03 INFO system Request processed successfully
2026-09-19 10:00:04 INFO system Request processed successfully
2026-09-19 10:00:05 WARN database Query response slow
2026-09-19 10:00:06 ERROR database Connection timeout
2026-09-19 10:00:07 INFO system Request processed successfully
2026-09-19 10:00:08 INFO system Request processed successfully
2026-09-19 10:00:09 INFO system Request processed successfully
2026-09-19 10:00:10 INFO system Request processed successfully
2026-09-19 10:00:11 INFO system Request processed successfully
2026-09-19 10:00:12 WARN database Query response slow
2026-09-19 10:00:13 INFO system Request processed successfully
2026-09-19 10:00:14 INFO system Request processed successfully
2026-09-19 10:00:15 WARN database Query response slow
2026-09-19 10:00:16 INFO system Request processed successfully
2026-09-19 10:00:17 WARN database Query response slow
2026-09-19 10:00:18 INFO system Request processed successfully
2026-09-19 10:00:19 INFO system Request processed successfully
2026-09-19 10:00:20 INFO system Request processed successfully
2026-09-19 10:00:21 INFO system Request processed successfully
2026-09-19 10:00:22 INFO system Request processed successfully
2026-09-19 10:00:23 INFO system Request processed successfully
2026-09-19 10:00:24 INFO system Request processed successfully
2026-09-19 10:00:25 INFO system Request processed successfully
2026-09-19 10:00:26 WARN database Query response slow
2026-09-19 10:00:27 INFO system Request processed successfully
2026-09-19 10:00:28 INFO system Request processed successfully
2026-09-19 10:00:29 INFO system Request processed successfully
2026-09-19 10:00:30 INFO system Request processed successfully
2026-09-19 10:00:31 INFO system Request processed successfully
2026-09-19 10:00:32 WARN database Query response slow
2026-09-19 10:00:33 WARN database Query response slow
2026-09-19 10:00:34 INFO system Request processed successfully
2026-09-19 10:00:35 INFO system Request processed successfully
2026-09-19 10:00:36 INFO system Request processed successfully
2026-09-19 10:00:37 INFO system Request processed successfully
2026-09-19 10:00:38 INFO system Request processed successfully
2026-09-19 10:00:39 INFO system Request processed successfully
2026-09-19 10:00:40 INFO system Request processed successfully
2026-09-19 10:00:41 WARN database Query response slow
2026-09-19 10:00:42 INFO system Request processed successfully
2026-09-19 10:00:43 INFO system Request processed successfully
2026-09-19 10:00:44 INFO system Request processed successfully
2026-09-19 10:00:45 INFO system Request processed successfully
2026-09-19 10:00:46 INFO system Request processed successfully
2026-09-19 10:00:47 INFO system Request processed successfully
2026-09-19 10:00:48 INFO system Request processed successfully
2026-09-19 10:00:49 INFO system Request processed successfully
2026-09-19 10:00:50 INFO system Request processed successfully
2026-09-19 10:00:51 INFO system Request processed successfully
2026-09-19 10:00:52 INFO system Request processed successfully
2026-09-19 10:00:53 INFO system Request processed successfully
2026-09-19 10:00:54 INFO system Request processed successfully
2026-09-19 10:00:55 WARN database Query response slow
2026-09-19 10:00:56 INFO system Request processed successfully
2026-09-19 10:00:57 INFO system Request processed successfully
2026-09-19 10:00:58 WARN database Query response slow
2026-09-19 10:00:59 WARN database Query response slow
2026-09-19 10:00:00 INFO system Request processed successfully
2026-09-19 10:00:01 WARN database Query response slow
2026-09-19 10:00:02 INFO system Request processed successfully
2026-09-19 10:00:03 INFO system Request processed successfully
2026-09-19 10:00:04 INFO system Request processed successfully
2026-09-19 10:00:05 WARN database Query response slow
2026-09-19 10:00:06 INFO system Request processed successfully
2026-09-19 10:00:07 INFO system Request processed successfully
2026-09-19 10:00:08 INFO system Request processed successfully
2026-09-19 10:00:09 INFO system Request processed successfully
2026-09-19 10:00:10 INFO system Request processed successfully
2026-09-19 10:00:11 INFO system Request processed successfully
2026-09-19 10:00:12 INFO system Request processed successfully
2026-09-19 10:00:13 INFO system Request processed successfully
2026-09-19 10:00:14 WARN database Query response slow
2026-09-19 10:00:15 WARN database Query response slow
2026-09-19 10:00:16 WARN database Query response slow
2026-09-19 10:00:17 INFO system Request processed successfully
2026-09-19 10:00:18 WARN database Query response slow
2026-09-19 10:00:19 INFO system Request processed successfully
2026-09-19 10:00:20 INFO system Request processed successfully
2026-09-19 10:00:21 INFO system Request processed successfully
2026-09-19 10:00:22 INFO system Request processed successfully
2026-09-19 10:00:23 INFO system Request processed successfully
2026-09-19 10:00:24 INFO system Request processed successfully
2026-09-19 10:00:25 INFO system Request processed successfully
2026-09-19 10:00:26 INFO system Request processed successfully
2026-09-19 10:00:27 INFO system Request processed successfully
2026-09-19 10:00:28 INFO system Request processed successfully
2026-09-19 10:00:29 INFO system Request processed successfully
2026-09-19 10:00:30 WARN database Query response slow
2026-09-19 10:00:31 INFO system Request processed successfully
2026-09-19 10:00:32 WARN database Query response slow
2026-09-19 10:00:33 INFO system Request processed successfully
2026-09-19 10:00:34 INFO system Request processed successfully
2026-09-19 10:00:35 INFO system Request processed successfully
2026-09-19 10:00:36 INFO system Request processed successfully
2026-09-19 10:00:37 INFO system Request processed successfully
2026-09-19 10:00:38 INFO system Request processed successfully
2026-09-19 10:00:39 INFO system Request processed successfully
2026-09-19 10:00:40 INFO system Request processed successfully
2026-09-19 10:00:41 ERROR auth Authentication failed
2026-09-19 10:00:42 INFO system Request processed successfully
2026-09-19 10:00:43 INFO system Request processed successfully
2026-09-19 10:00:44 INFO system Request processed successfully
2026-09-19 10:00:45 INFO system Request processed successfully
2026-09-19 10:00:46 INFO system Request processed successfully
2026-09-19 10:00:47 INFO system Request processed successfully
2026-09-19 10:00:48 INFO system Request processed successfully
2026-09-19 10:00:49 INFO system Request processed successfully
2026-09-19 10:00:50 INFO system Request processed successfully
2026-09-19 10:00:51 INFO system Request processed successfully
2026-09-19 10:00:52 WARN database Query response slow
2026-09-19 10:00:53 INFO system Request processed successfully
2026-09-19 10:00:54 INFO system Request processed successfully
2026-09-19 10:00:55 INFO system Request processed successfully
2026-09-19 10:00:56 WARN database Query response slow
2026-09-19 10:00:57 INFO system Request processed successfully
2026-09-19 10:00:58 INFO system Request processed successfully
2026-09-19 10:00:59 WARN database Query response slow
2026-09-19 10:00:00 WARN database Query response slow
2026-09-19 10:00:01 INFO system Request processed successfully
2026-09-19 10:00:02 WARN database Query response slow
2026-09-19 10:00:03 INFO system Request processed successfully
2026-09-19 10:00:04 INFO system Request processed successfully
2026-09-19 10:00:05 INFO system Request processed successfully
2026-09-19 10:00:06 INFO system Request processed successfully
2026-09-19 10:00:07 INFO system Request processed successfully
2026-09-19 10:00:08 INFO system Request processed successfully
2026-09-19 10:00:09 INFO system Request processed successfully
2026-09-19 10:00:10 INFO system Request processed successfully
2026-09-19 10:00:11 INFO system Request processed successfully
2026-09-19 10:00:12 INFO system Request processed successfully
2026-09-19 10:00:13 INFO system Request processed successfully
2026-09-19 10:00:14 INFO system Request processed successfully
2026-09-19 10:00:15 WARN database Query response slow
2026-09-19 10:00:16 INFO system Request processed successfully
2026-09-19 10:00:17 WARN database Query response slow
2026-09-19 10:00:18 WARN database Query response slow
2026-09-19 10:00:19 INFO system Request processed successfully
2026-09-19 10:00:20 INFO system Request processed successfully
2026-09-19 10:00:21 INFO system Request processed successfully
2026-09-19 10:00:22 INFO system Request processed successfully
2026-09-19 10:00:23 INFO system Request processed successfully
2026-09-19 10:00:24 INFO system Request processed successfully
2026-09-19 10:00:25 INFO system Request processed successfully
2026-09-19 10:00:26 INFO system Request processed successfully
2026-09-19 10:00:27 INFO system Request processed successfully
2026-09-19 10:00:28 INFO system Request processed successfully
2026-09-19 10:00:29 INFO system Request processed successfully
2026-09-19 10:00:30 INFO system Request processed successfully
2026-09-19 10:00:31 INFO system Request processed successfully
2026-09-19 10:00:32 WARN database Query response slow
2026-09-19 10:00:33 INFO system Request processed successfully
2026-09-19 10:00:34 ERROR model Model loading failed
2026-09-19 10:00:35 INFO system Request processed successfully
2026-09-19 10:00:36 INFO system Request processed successfully
2026-09-19 10:00:37 INFO system Request processed successfully
2026-09-19 10:00:38 INFO system Request processed successfully
2026-09-19 10:00:39 WARN database Query response slow
2026-09-19 10:00:40 INFO system Request processed successfully
2026-09-19 10:00:41 INFO system Request processed successfully
2026-09-19 10:00:42 INFO system Request processed successfully
2026-09-19 10:00:43 ERROR model Model loading failed
2026-09-19 10:00:44 INFO system Request processed successfully
2026-09-19 10:00:45 INFO system Request processed successfully
2026-09-19 10:00:46 INFO system Request processed successfully
2026-09-19 10:00:47 INFO system Request processed successfully
2026-09-19 10:00:48 ERROR database Connection timeout
2026-09-19 10:00:49 INFO system Request processed successfully
2026-09-19 10:00:50 INFO system Request processed successfully
2026-09-19 10:00:51 INFO system Request processed successfully
2026-09-19 10:00:52 INFO system Request processed successfully
2026-09-19 10:00:53 INFO system Request processed successfully
2026-09-19 10:00:54 WARN database Query response slow
2026-09-19 10:00:55 WARN database Query response slow
2026-09-19 10:00:56 INFO system Request processed successfully
2026-09-19 10:00:57 INFO system Request processed successfully
2026-09-19 10:00:58 INFO system Request processed successfully
2026-09-19 10:00:59 WARN database Query response slow
2026-09-19 10:00:00 INFO system Request processed successfully
2026-09-19 10:00:01 INFO system Request processed successfully
2026-09-19 10:00:02 INFO system Request processed successfully
2026-09-19 10:00:03 INFO system Request processed successfully
2026-09-19 10:00:04 INFO system Request processed successfully
2026-09-19 10:00:05 INFO system Request processed successfully
2026-09-19 10:00:06 ERROR database Connection timeout
2026-09-19 10:00:07 INFO system Request processed successfully
2026-09-19 10:00:08 INFO system Request processed successfully
2026-09-19 10:00:09 WARN database Query response slow
2026-09-19 10:00:10 ERROR model Model loading failed
2026-09-19 10:00:11 WARN database Query response slow
2026-09-19 10:00:12 INFO system Request processed successfully
2026-09-19 10:00:13 ERROR model Model loading failed
2026-09-19 10:00:14 INFO system Request processed successfully
2026-09-19 10:00:15 INFO system Request processed successfully
2026-09-19 10:00:16 INFO system Request processed successfully
2026-09-19 10:00:17 INFO system Request processed successfully
2026-09-19 10:00:18 INFO system Request processed successfully
2026-09-19 10:00:19 INFO system Request processed successfully
2026-09-19 10:00:20 INFO system Request processed successfully
2026-09-19 10:00:21 INFO system Request processed successfully
2026-09-19 10:00:22 WARN database Query response slow
2026-09-19 10:00:23 INFO system Request processed successfully
2026-09-19 10:00:24 INFO system Request processed successfully
2026-09-19 10:00:25 INFO system Request processed successfully
2026-09-19 10:00:26 INFO system Request processed successfully
2026-09-19 10:00:27 INFO system Request processed successfully
2026-09-19 10:00:28 INFO system Request processed successfully
2026-09-19 10:00:29 INFO system Request processed successfully
2026-09-19 10:00:30 INFO system Request processed successfully
2026-09-19 10:00:31 INFO system Request processed successfully
2026-09-19 10:00:32 WARN database Query response slow
2026-09-19 10:00:33 INFO system Request processed successfully
2026-09-19 10:00:34 INFO system Request processed successfully
2026-09-19 10:00:35 WARN database Query response slow
2026-09-19 10:00:36 INFO system Request processed successfully
2026-09-19 10:00:37 INFO system Request processed successfully
2026-09-19 10:00:38 INFO system Request processed successfully
2026-09-19 10:00:39 INFO system Request processed successfully
2026-09-19 10:00:40 WARN database Query response slow
2026-09-19 10:00:41 WARN database Query response slow
2026-09-19 10:00:42 INFO system Request processed successfully
2026-09-19 10:00:43 INFO system Request processed successfully
2026-09-19 10:00:44 INFO system Request processed successfully
2026-09-19 10:00:45 INFO system Request processed successfully
2026-09-19 10:00:46 INFO system Request processed successfully
2026-09-19 10:00:47 INFO system Request processed successfully
2026-09-19 10:00:48 INFO system Request processed successfully
2026-09-19 10:00:49 INFO system Request processed successfully
2026-09-19 10:00:50 INFO system Request processed successfully
2026-09-19 10:00:51 INFO system Request processed successfully
2026-09-19 10:00:52 ERROR model Model loading failed
2026-09-19 10:00:53 INFO system Request processed successfully
2026-09-19 10:00:54 INFO system Request processed successfully
2026-09-19 10:00:55 ERROR model Model loading failed
2026-09-19 10:00:56 INFO system Request processed successfully
2026-09-19 10:00:57 INFO system Request processed successfully
2026-09-19 10:00:58 INFO system Request processed successfully
2026-09-19 10:00:59 WARN database Query response slow
2026-09-19 10:00:00 INFO system Request processed successfully
2026-09-19 10:00:01 INFO system Request processed successfully
2026-09-19 10:00:02 WARN database Query response slow
2026-09-19 10:00:03 INFO system Request processed successfully
2026-09-19 10:00:04 INFO system Request processed successfully
2026-09-19 10:00:05 INFO system Request processed successfully
2026-09-19 10:00:06 INFO system Request processed successfully
2026-09-19 10:00:07 INFO system Request processed successfully
2026-09-19 10:00:08 ERROR auth Authentication failed
2026-09-19 10:00:09 INFO system Request processed successfully
2026-09-19 10:00:10 INFO system Request processed successfully
2026-09-19 10:00:11 INFO system Request processed successfully
2026-09-19 10:00:12 WARN database Query response slow
2026-09-19 10:00:13 WARN database Query response slow
2026-09-19 10:00:14 INFO system Request processed successfully
2026-09-19 10:00:15 ERROR database Connection timeout
2026-09-19 10:00:16 INFO system Request processed successfully
2026-09-19 10:00:17 INFO system Request processed successfully
2026-09-19 10:00:18 INFO system Request processed successfully
2026-09-19 10:00:19 WARN database Query response slow
2026-09-19 10:00:20 INFO system Request processed successfully
2026-09-19 10:00:21 INFO system Request processed successfully
2026-09-19 10:00:22 INFO system Request processed successfully
2026-09-19 10:00:23 INFO system Request processed successfully
2026-09-19 10:00:24 INFO system Request processed successfully
2026-09-19 10:00:25 INFO system Request processed successfully
2026-09-19 10:00:26 INFO system Request processed successfully
2026-09-19 10:00:27 WARN database Query response slow
2026-09-19 10:00:28 INFO system Request processed successfully
2026-09-19 10:00:29 INFO system Request processed successfully
2026-09-19 10:00:30 INFO system Request processed successfully
2026-09-19 10:00:31 INFO system Request processed successfully
2026-09-19 10:00:32 INFO system Request processed successfully
2026-09-19 10:00:33 WARN database Query response slow
2026-09-19 10:00:34 INFO system Request processed successfully
2026-09-19 10:00:35 WARN database Query response slow
2026-09-19 10:00:36 WARN database Query response slow
2026-09-19 10:00:37 WARN database Query response slow
2026-09-19 10:00:38 INFO system Request processed successfully
2026-09-19 10:00:39 INFO system Request processed successfully
2026-09-19 10:00:40 WARN database Query response slow
2026-09-19 10:00:41 INFO system Request processed successfully
2026-09-19 10:00:42 ERROR database Connection timeout
2026-09-19 10:00:43 INFO system Request processed successfully
2026-09-19 10:00:44 INFO system Request processed successfully
2026-09-19 10:00:45 INFO system Request processed successfully
2026-09-19 10:00:46 INFO system Request processed successfully
2026-09-19 10:00:47 WARN database Query response slow
2026-09-19 10:00:48 INFO system Request processed successfully
2026-09-19 10:00:49 ERROR model Model loading failed
2026-09-19 10:00:50 INFO system Request processed successfully
2026-09-19 10:00:51 INFO system Request processed successfully
2026-09-19 10:00:52 INFO system Request processed successfully
2026-09-19 10:00:53 INFO system Request processed successfully
2026-09-19 10:00:54 INFO system Request processed successfully
2026-09-19 10:00:55 ERROR model Model loading failed
2026-09-19 10:00:56 INFO system Request processed successfully
2026-09-19 10:00:57 INFO system Request processed successfully
2026-09-19 10:00:58 WARN database Query response slow
2026-09-19 10:00:59 WARN database Query response slow
2026-09-19 10:00:00 INFO system Request processed successfully
2026-09-19 10:00:01 INFO system Request processed successfully
2026-09-19 10:00:02 INFO system Request processed successfully
2026-09-19 10:00:03 INFO system Request processed successfully
2026-09-19 10:00:04 INFO system Request processed successfully
2026-09-19 10:00:05 WARN database Query response slow
2026-09-19 10:00:06 WARN database Query response slow
2026-09-19 10:00:07 INFO system Request processed successfully
2026-09-19 10:00:08 INFO system Request processed successfully
2026-09-19 10:00:09 WARN database Query response slow
2026-09-19 10:00:10 INFO system Request processed successfully
2026-09-19 10:00:11 INFO system Request processed successfully
2026-09-19 10:00:12 WARN database Query response slow
2026-09-19 10:00:13 INFO system Request processed successfully
2026-09-19 10:00:14 INFO system Request processed successfully
2026-09-19 10:00:15 INFO system Request processed successfully
2026-09-19 10:00:16 INFO system Request processed successfully
2026-09-19 10:00:17 INFO system Request processed successfully
2026-09-19 10:00:18 INFO system Request processed successfully
2026-09-19 10:00:19 ERROR model Model loading failed
2026-09-19 10:00:20 INFO system Request processed successfully
2026-09-19 10:00:21 INFO system Request processed successfully
2026-09-19 10:00:22 INFO system Request processed successfully
2026-09-19 10:00:23 INFO system Request processed successfully
2026-09-19 10:00:24 INFO system Request processed successfully
2026-09-19 10:00:25 INFO system Request processed successfully
2026-09-19 10:00:26 INFO system Request processed successfully
2026-09-19 10:00:27 INFO system Request processed successfully
2026-09-19 10:00:28 INFO system Request processed successfully
2026-09-19 10:00:29 WARN database Query response slow
2026-09-19 10:00:30 WARN database Query response slow
2026-09-19 10:00:31 INFO system Request processed successfully
2026-09-19 10:00:32 INFO system Request processed successfully
2026-09-19 10:00:33 INFO system Request processed successfully
2026-09-19 10:00:34 INFO system Request processed successfully
2026-09-19 10:00:35 INFO system Request processed successfully
2026-09-19 10:00:36 INFO system Request processed successfully
2026-09-19 10:00:37 INFO system Request processed successfully
2026-09-19 10:00:38 WARN database Query response slow
2026-09-19 10:00:39 INFO system Request processed successfully
2026-09-19 10:00:40 INFO system Request processed successfully
2026-09-19 10:00:41 INFO system Request processed successfully
2026-09-19 10:00:42 INFO system Request processed successfully
2026-09-19 10:00:43 WARN database Query response slow
2026-09-19 10:00:44 WARN database Query response slow
2026-09-19 10:00:45 INFO system Request processed successfully
2026-09-19 10:00:46 WARN database Query response slow
2026-09-19 10:00:47 INFO system Request processed successfully
2026-09-19 10:00:48 INFO system Request processed successfully
2026-09-19 10:00:49 INFO system Request processed successfully
2026-09-19 10:00:50 INFO system Request processed successfully
2026-09-19 10:00:51 INFO system Request processed successfully
2026-09-19 10:00:52 INFO system Request processed successfully
2026-09-19 10:00:53 INFO system Request processed successfully
2026-09-19 10:00:54 INFO system Request processed successfully
2026-09-19 10:00:55 WARN database Query response slow
2026-09-19 10:00:56 INFO system Request processed successfully
2026-09-19 10:00:57 INFO system Request processed successfully
2026-09-19 10:00:58 INFO system Request processed successfully
2026-09-19 10:00:59 ERROR auth Authentication failed
2026-09-19 10:00:00 WARN database Query response slow
2026-09-19 10:00:01 WARN database Query response slow
2026-09-19 10:00:02 INFO system Request processed successfully
2026-09-19 10:00:03 WARN database Query response slow
2026-09-19 10:00:04 INFO system Request processed successfully
2026-09-19 10:00:05 INFO system Request processed successfully
2026-09-19 10:00:06 INFO system Request processed successfully
2026-09-19 10:00:07 INFO system Request processed successfully
2026-09-19 10:00:08 INFO system Request processed successfully
2026-09-19 10:00:09 INFO system Request processed successfully
2026-09-19 10:00:10 INFO system Request processed successfully
2026-09-19 10:00:11 INFO system Request processed successfully
2026-09-19 10:00:12 INFO system Request processed successfully
2026-09-19 10:00:13 INFO system Request processed successfully
2026-09-19 10:00:14 INFO system Request processed successfully
2026-09-19 10:00:15 WARN database Query response slow
2026-09-19 10:00:16 WARN database Query response slow
2026-09-19 10:00:17 INFO system Request processed successfully
2026-09-19 10:00:18 WARN database Query response slow
2026-09-19 10:00:19 INFO system Request processed successfully
2026-09-19 10:00:20 INFO system Request processed successfully
2026-09-19 10:00:21 INFO system Request processed successfully
2026-09-19 10:00:22 INFO system Request processed successfully
2026-09-19 10:00:23 INFO system Request processed successfully
2026-09-19 10:00:24 INFO system Request processed successfully
2026-09-19 10:00:25 INFO system Request processed successfully
2026-09-19 10:00:26 WARN database Query response slow
2026-09-19 10:00:27 INFO system Request processed successfully
2026-09-19 10:00:28 INFO system Request processed successfully
2026-09-19 10:00:29 INFO system Request processed successfully
2026-09-19 10:00:30 INFO system Request processed successfully
2026-09-19 10:00:31 INFO system Request processed successfully
2026-09-19 10:00:32 INFO system Request processed successfully
2026-09-19 10:00:33 ERROR database Connection timeout
2026-09-19 10:00:34 INFO system Request processed successfully
2026-09-19 10:00:35 WARN database Query response slow
2026-09-19 10:00:36 INFO system Request processed successfully
2026-09-19 10:00:37 WARN database Query response slow
2026-09-19 10:00:38 INFO system Request processed successfully
2026-09-19 10:00:39 INFO system Request processed successfully
2026-09-19 10:00:40 INFO system Request processed successfully
2026-09-19 10:00:41 INFO system Request processed successfully
2026-09-19 10:00:42 INFO system Request processed successfully
2026-09-19 10:00:43 INFO system Request processed successfully
2026-09-19 10:00:44 INFO system Request processed successfully
2026-09-19 10:00:45 INFO system Request processed successfully
2026-09-19 10:00:46 INFO system Request processed successfully
2026-09-19 10:00:47 INFO system Request processed successfully
2026-09-19 10:00:48 INFO system Request processed successfully
2026-09-19 10:00:49 INFO system Request processed successfully
2026-09-19 10:00:50 INFO system Request processed successfully
2026-09-19 10:00:51 INFO system Request processed successfully
2026-09-19 10:00:52 INFO system Request processed successfully
2026-09-19 10:00:53 WARN database Query response slow
2026-09-19 10:00:54 INFO system Request processed successfully
2026-09-19 10:00:55 INFO system Request processed successfully
2026-09-19 10:00:56 INFO system Request processed successfully
2026-09-19 10:00:57 INFO system Request processed successfully
2026-09-19 10:00:58 INFO system Request processed successfully
2026-09-19 10:00:59 INFO system Request processed successfully
2026-09-19 10:00:00 WARN database Query response slow
2026-09-19 10:00:01 ERROR model Model loading failed
2026-09-19 10:00:02 WARN database Query response slow
2026-09-19 10:00:03 WARN database Query response slow
2026-09-19 10:00:04 INFO system Request processed successfully
2026-09-19 10:00:05 INFO system Request processed successfully
2026-09-19 10:00:06 INFO system Request processed successfully
2026-09-19 10:00:07 INFO system Request processed successfully
2026-09-19 10:00:08 INFO system Request processed successfully
2026-09-19 10:00:09 INFO system Request processed successfully
2026-09-19 10:00:10 INFO system Request processed successfully
2026-09-19 10:00:11 INFO system Request processed successfully
2026-09-19 10:00:12 INFO system Request processed successfully
2026-09-19 10:00:13 WARN database Query response slow
2026-09-19 10:00:14 INFO system Request processed successfully
2026-09-19 10:00:15 INFO system Request processed successfully
2026-09-19 10:00:16 INFO system Request processed successfully
2026-09-19 10:00:17 INFO system Request processed successfully
2026-09-19 10:00:18 INFO system Request processed successfully
2026-09-19 10:00:19 INFO system Request processed successfully
2026-09-19 10:00:20 INFO system Request processed successfully
2026-09-19 10:00:21 INFO system Request processed successfully
2026-09-19 10:00:22 INFO system Request processed successfully
2026-09-19 10:00:23 INFO system Request processed successfully
2026-09-19 10:00:24 WARN database Query response slow
2026-09-19 10:00:25 INFO system Request processed successfully
2026-09-19 10:00:26 INFO system Request processed successfully
2026-09-19 10:00:27 INFO system Request processed successfully
2026-09-19 10:00:28 INFO system Request processed successfully
2026-09-19 10:00:29 INFO system Request processed successfully
2026-09-19 10:00:30 INFO system Request processed successfully
2026-09-19 10:00:31 INFO system Request processed successfully
2026-09-19 10:00:32 INFO system Request processed successfully
2026-09-19 10:00:33 INFO system Request processed successfully
2026-09-19 10:00:34 INFO system Request processed successfully
2026-09-19 10:00:35 INFO system Request processed successfully
2026-09-19 10:00:36 INFO system Request processed successfully
2026-09-19 10:00:37 INFO system Request processed successfully
2026-09-19 10:00:38 INFO system Request processed successfully
2026-09-19 10:00:39 INFO system Request processed successfully
2026-09-19 10:00:40 WARN database Query response slow
2026-09-19 10:00:41 ERROR auth Authentication failed
2026-09-19 10:00:42 INFO system Request processed successfully
2026-09-19 10:00:43 WARN database Query response slow
2026-09-19 10:00:44 INFO system Request processed successfully
2026-09-19 10:00:45 INFO system Request processed successfully
2026-09-19 10:00:46 WARN database Query response slow
2026-09-19 10:00:47 WARN database Query response slow
2026-09-19 10:00:48 INFO system Request processed successfully
2026-09-19 10:00:49 INFO system Request processed successfully
2026-09-19 10:00:50 INFO system Request processed successfully
2026-09-19 10:00:51 INFO system Request processed successfully
2026-09-19 10:00:52 INFO system Request processed successfully
2026-09-19 10:00:53 INFO system Request processed successfully
2026-09-19 10:00:54 INFO system Request processed successfully
2026-09-19 10:00:55 INFO system Request processed successfully
2026-09-19 10:00:56 INFO system Request processed successfully
2026-09-19 10:00:57 INFO system Request processed successfully
2026-09-19 10:00:58 INFO system Request processed successfully
2026-09-19 10:00:59 INFO system Request processed successfully
2026-09-19 10:00:00 WARN database Query response slow
2026-09-19 10:00:01 INFO system Request processed successfully
2026-09-19 10:00:02 INFO system Request processed successfully
2026-09-19 10:00:03 INFO system Request processed successfully
2026-09-19 10:00:04 WARN database Query response slow
2026-09-19 10:00:05 INFO system Request processed successfully
2026-09-19 10:00:06 ERROR database Connection timeout
2026-09-19 10:00:07 INFO system Request processed successfully
2026-09-19 10:00:08 INFO system Request processed successfully
2026-09-19 10:00:09 INFO system Request processed successfully
2026-09-19 10:00:10 INFO system Request processed successfully
2026-09-19 10:00:11 INFO system Request processed successfully
2026-09-19 10:00:12 INFO system Request processed successfully
2026-09-19 10:00:13 INFO system Request processed successfully
2026-09-19 10:00:14 INFO system Request processed successfully
2026-09-19 10:00:15 INFO system Request processed successfully
2026-09-19 10:00:16 INFO system Request processed successfully
2026-09-19 10:00:17 ERROR auth Authentication failed
2026-09-19 10:00:18 INFO system Request processed successfully
2026-09-19 10:00:19 INFO system Request processed successfully
2026-09-19 10:00:20 INFO system Request processed successfully
2026-09-19 10:00:21 WARN database Query response slow
2026-09-19 10:00:22 WARN database Query response slow
2026-09-19 10:00:23 INFO system Request processed successfully
2026-09-19 10:00:24 WARN database Query response slow
2026-09-19 10:00:25 INFO system Request processed successfully
2026-09-19 10:00:26 INFO system Request processed successfully
2026-09-19 10:00:27 INFO system Request processed successfully
2026-09-19 10:00:28 INFO system Request processed successfully
2026-09-19 10:00:29 INFO system Request processed successfully
2026-09-19 10:00:30 INFO system Request processed successfully
2026-09-19 10:00:31 INFO system Request processed successfully
2026-09-19 10:00:32 WARN database Query response slow
2026-09-19 10:00:33 INFO system Request processed successfully
2026-09-19 10:00:34 INFO system Request processed successfully
2026-09-19 10:00:35 INFO system Request processed successfully
2026-09-19 10:00:36 INFO system Request processed successfully
2026-09-19 10:00:37 INFO system Request processed successfully
2026-09-19 10:00:38 INFO system Request processed successfully
2026-09-19 10:00:39 ERROR database Connection timeout
2026-09-19 10:00:40 INFO system Request processed successfully
2026-09-19 10:00:41 INFO system Request processed successfully
2026-09-19 10:00:42 INFO system Request processed successfully
2026-09-19 10:00:43 WARN database Query response slow
2026-09-19 10:00:44 INFO system Request processed successfully
2026-09-19 10:00:45 INFO system Request processed successfully
2026-09-19 10:00:46 INFO system Request processed successfully
2026-09-19 10:00:47 INFO system Request processed successfully
2026-09-19 10:00:48 INFO system Request processed successfully
2026-09-19 10:00:49 INFO system Request processed successfully
2026-09-19 10:00:50 INFO system Request processed successfully
2026-09-19 10:00:51 INFO system Request processed successfully
2026-09-19 10:00:52 INFO system Request processed successfully
2026-09-19 10:00:53 INFO system Request processed successfully
2026-09-19 10:00:54 INFO system Request processed successfully
2026-09-19 10:00:55 INFO system Request processed successfully
2026-09-19 10:00:56 INFO system Request processed successfully
2026-09-19 10:00:57 INFO system Request processed successfully
2026-09-19 10:00:58 WARN database Query response slow
2026-09-19 10:00:59 INFO system Request processed successfully
2026-09-19 10:00:00 INFO system Request processed successfully
2026-09-19 10:00:01 INFO system Request processed successfully
2026-09-19 10:00:02 INFO system Request processed successfully
2026-09-19 10:00:03 INFO system Request processed successfully
2026-09-19 10:00:04 INFO system Request processed successfully
2026-09-19 10:00:05 INFO system Request processed successfully
2026-09-19 10:00:06 INFO system Request processed successfully
2026-09-19 10:00:07 WARN database Query response slow
2026-09-19 10:00:08 INFO system Request processed successfully
2026-09-19 10:00:09 INFO system Request processed successfully
2026-09-19 10:00:10 INFO system Request processed successfully
2026-09-19 10:00:11 INFO system Request processed successfully
2026-09-19 10:00:12 INFO system Request processed successfully
2026-09-19 10:00:13 WARN database Query response slow
2026-09-19 10:00:14 WARN database Query response slow
2026-09-19 10:00:15 INFO system Request processed successfully
2026-09-19 10:00:16 INFO system Request processed successfully
2026-09-19 10:00:17 INFO system Request processed successfully
2026-09-19 10:00:18 INFO system Request processed successfully
2026-09-19 10:00:19 WARN database Query response slow
2026-09-19 10:00:20 WARN database Query response slow
2026-09-19 10:00:21 INFO system Request processed successfully
2026-09-19 10:00:22 INFO system Request processed successfully
2026-09-19 10:00:23 INFO system Request processed successfully
2026-09-19 10:00:24 INFO system Request processed successfully
2026-09-19 10:00:25 INFO system Request processed successfully
2026-09-19 10:00:26 INFO system Request processed successfully
2026-09-19 10:00:27 INFO system Request processed successfully
2026-09-19 10:00:28 INFO system Request processed successfully
2026-09-19 10:00:29 ERROR auth Authentication failed
2026-09-19 10:00:30 INFO system Request processed successfully
2026-09-19 10:00:31 INFO system Request processed successfully
2026-09-19 10:00:32 INFO system Request processed successfully
2026-09-19 10:00:33 INFO system Request processed successfully
2026-09-19 10:00:34 INFO system Request processed successfully
2026-09-19 10:00:35 INFO system Request processed successfully
2026-09-19 10:00:36 INFO system Request processed successfully
2026-09-19 10:00:37 INFO system Request processed successfully
2026-09-19 10:00:38 WARN database Query response slow
2026-09-19 10:00:39 INFO system Request processed successfully
2026-09-19 10:00:40 INFO system Request processed successfully
2026-09-19 10:00:41 INFO system Request processed successfully
2026-09-19 10:00:42 INFO system Request processed successfully
2026-09-19 10:00:43 INFO system Request processed successfully
2026-09-19 10:00:44 INFO system Request processed successfully
2026-09-19 10:00:45 INFO system Request processed successfully
2026-09-19 10:00:46 INFO system Request processed successfully
2026-09-19 10:00:47 INFO system Request processed successfully
2026-09-19 10:00:48 INFO system Request processed successfully
2026-09-19 10:00:49 INFO system Request processed successfully
2026-09-19 10:00:50 INFO system Request processed successfully
2026-09-19 10:00:51 WARN database Query response slow
2026-09-19 10:00:52 INFO system Request processed successfully
2026-09-19 10:00:53 WARN database Query response slow
2026-09-19 10:00:54 INFO system Request processed successfully
2026-09-19 10:00:55 INFO system Request processed successfully
2026-09-19 10:00:56 WARN database Query response slow
2026-09-19 10:00:57 INFO system Request processed successfully
2026-09-19 10:00:58 INFO system Request processed successfully
2026-09-19 10:00:59 INFO system Request processed successfully
2026-09-19 10:00:00 INFO system Request processed successfully
2026-09-19 10:00:01 INFO system Request processed successfully
2026-09-19 10:00:02 INFO system Request processed successfully
2026-09-19 10:00:03 INFO system Request processed successfully
2026-09-19 10:00:04 INFO system Request processed successfully
2026-09-19 10:00:05 INFO system Request processed successfully
2026-09-19 10:00:06 INFO system Request processed successfully
2026-09-19 10:00:07 INFO system Request processed successfully
2026-09-19 10:00:08 INFO system Request processed successfully
2026-09-19 10:00:09 ERROR database Connection timeout
2026-09-19 10:00:10 WARN database Query response slow
2026-09-19 10:00:11 INFO system Request processed successfully
2026-09-19 10:00:12 INFO system Request processed successfully
2026-09-19 10:00:13 INFO system Request processed successfully
2026-09-19 10:00:14 INFO system Request processed successfully
2026-09-19 10:00:15 INFO system Request processed successfully
2026-09-19 10:00:16 INFO system Request processed successfully
2026-09-19 10:00:17 WARN database Query response slow
2026-09-19 10:00:18 INFO system Request processed successfully
2026-09-19 10:00:19 INFO system Request processed successfully
2026-09-19 10:00:20 WARN database Query response slow
2026-09-19 10:00:21 WARN database Query response slow
2026-09-19 10:00:22 INFO system Request processed successfully
2026-09-19 10:00:23 WARN database Query response slow
2026-09-19 10:00:24 INFO system Request processed successfully
2026-09-19 10:00:25 INFO system Request processed successfully
2026-09-19 10:00:26 INFO system Request processed successfully
2026-09-19 10:00:27 INFO system Request processed successfully
2026-09-19 10:00:28 INFO system Request processed successfully
2026-09-19 10:00:29 INFO system Request processed successfully
2026-09-19 10:00:30 INFO system Request processed successfully
2026-09-19 10:00:31 WARN database Query response slow
2026-09-19 10:00:32 WARN database Query response slow
2026-09-19 10:00:33 INFO system Request processed successfully
2026-09-19 10:00:34 INFO system Request processed successfully
2026-09-19 10:00:35 INFO system Request processed successfully
2026-09-19 10:00:36 INFO system Request processed successfully
2026-09-19 10:00:37 INFO system Request processed successfully
2026-09-19 10:00:38 INFO system Request processed successfully
2026-09-19 10:00:39 INFO system Request processed successfully
2026-09-19 10:00:40 INFO system Request processed successfully
2026-09-19 10:00:41 INFO system Request processed successfully
2026-09-19 10:00:42 INFO system Request processed successfully
2026-09-19 10:00:43 INFO system Request processed successfully
2026-09-19 10:00:44 INFO system Request processed successfully
2026-09-19 10:00:45 INFO system Request processed successfully
2026-09-19 10:00:46 INFO system Request processed successfully
2026-09-19 10:00:47 INFO system Request processed successfully
2026-09-19 10:00:48 INFO system Request processed successfully
2026-09-19 10:00:49 ERROR model Model loading failed
2026-09-19 10:00:50 INFO system Request processed successfully
2026-09-19 10:00:51 INFO system Request processed successfully
2026-09-19 10:00:52 INFO system Request processed successfully
2026-09-19 10:00:53 INFO system Request processed successfully
2026-09-19 10:00:54 INFO system Request processed successfully
2026-09-19 10:00:55 WARN database Query response slow
2026-09-19 10:00:56 INFO system Request processed successfully
2026-09-19 10:00:57 INFO system Request processed successfully
2026-09-19 10:00:58 INFO system Request processed successfully
2026-09-19 10:00:59 INFO system Request processed successfully
2026-09-19 10:00:00 INFO system Request processed successfully
2026-09-19 10:00:01 INFO system Request processed successfully
2026-09-19 10:00:02 INFO system Request processed successfully
2026-09-19 10:00:03 WARN database Query response slow
2026-09-19 10:00:04 INFO system Request processed successfully
2026-09-19 10:00:05 ERROR auth Authentication failed
2026-09-19 10:00:06 INFO system Request processed successfully
2026-09-19 10:00:07 INFO system Request processed successfully
2026-09-19 10:00:08 INFO system Request processed successfully
2026-09-19 10:00:09 WARN database Query response slow
2026-09-19 10:00:10 INFO system Request processed successfully
2026-09-19 10:00:11 WARN database Query response slow
2026-09-19 10:00:12 INFO system Request processed successfully
2026-09-19 10:00:13 INFO system Request processed successfully
2026-09-19 10:00:14 INFO system Request processed successfully
2026-09-19 10:00:15 INFO system Request processed successfully
2026-09-19 10:00:16 INFO system Request processed successfully
2026-09-19 10:00:17 INFO system Request processed successfully
2026-09-19 10:00:18 INFO system Request processed successfully
2026-09-19 10:00:19 INFO system Request processed successfully
2026-09-19 10:00:20 ERROR auth Authentication failed
2026-09-19 10:00:21 WARN database Query response slow
2026-09-19 10:00:22 INFO system Request processed successfully
2026-09-19 10:00:23 WARN database Query response slow
2026-09-19 10:00:24 INFO system Request processed successfully
2026-09-19 10:00:25 INFO system Request processed successfully
2026-09-19 10:00:26 INFO system Request processed successfully
2026-09-19 10:00:27 INFO system Request processed successfully
2026-09-19 10:00:28 INFO system Request processed successfully
2026-09-19 10:00:29 INFO system Request processed successfully
2026-09-19 10:00:30 INFO system Request processed successfully
2026-09-19 10:00:31 WARN database Query response slow
2026-09-19 10:00:32 INFO system Request processed successfully
2026-09-19 10:00:33 WARN database Query response slow
2026-09-19 10:00:34 INFO system Request processed successfully
2026-09-19 10:00:35 INFO system Request processed successfully
2026-09-19 10:00:36 INFO system Request processed successfully
2026-09-19 10:00:37 INFO system Request processed successfully
2026-09-19 10:00:38 WARN database Query response slow
2026-09-19 10:00:39 INFO system Request processed successfully
2026-09-19 10:00:40 INFO system Request processed successfully
2026-09-19 10:00:41 INFO system Request processed successfully
2026-09-19 10:00:42 INFO system Request processed successfully
2026-09-19 10:00:43 WARN database Query response slow
2026-09-19 10:00:44 INFO system Request processed successfully
2026-09-19 10:00:45 INFO system Request processed successfully
2026-09-19 10:00:46 WARN database Query response slow
2026-09-19 10:00:47 INFO system Request processed successfully
2026-09-19 10:00:48 WARN database Query response slow
2026-09-19 10:00:49 INFO system Request processed successfully
2026-09-19 10:00:50 WARN database Query response slow
2026-09-19 10:00:51 INFO system Request processed successfully
2026-09-19 10:00:52 INFO system Request processed successfully
2026-09-19 10:00:53 WARN database Query response slow
2026-09-19 10:00:54 INFO system Request processed successfully
2026-09-19 10:00:55 INFO system Request processed successfully
2026-09-19 10:00:56 INFO system Request processed successfully
2026-09-19 10:00:57 INFO system Request processed successfully
2026-09-19 10:00:58 INFO system Request processed successfully
2026-09-19 10:00:59 INFO system Request processed successfully
2026-09-19 10:00:00 INFO system Request processed successfully
2026-09-19 10:00:01 INFO system Request processed successfully
2026-09-19 10:00:02 INFO system Request processed successfully
2026-09-19 10:00:03 INFO system Request processed successfully
2026-09-19 10:00:04 INFO system Request processed successfully
2026-09-19 10:00:05 INFO system Request processed successfully
2026-09-19 10:00:06 INFO system Request processed successfully
2026-09-19 10:00:07 INFO system Request processed successfully
2026-09-19 10:00:08 ERROR auth Authentication failed
2026-09-19 10:00:09 INFO system Request processed successfully
2026-09-19 10:00:10 INFO system Request processed successfully
2026-09-19 10:00:11 INFO system Request processed successfully
2026-09-19 10:00:12 INFO system Request processed successfully
2026-09-19 10:00:13 INFO system Request processed successfully
2026-09-19 10:00:14 INFO system Request processed successfully
2026-09-19 10:00:15 INFO system Request processed successfully
2026-09-19 10:00:16 INFO system Request processed successfully
2026-09-19 10:00:17 INFO system Request processed successfully
2026-09-19 10:00:18 INFO system Request processed successfully
2026-09-19 10:00:19 INFO system Request processed successfully
2026-09-19 10:00:20 INFO system Request processed successfully
2026-09-19 10:00:21 INFO system Request processed successfully
2026-09-19 10:00:22 INFO system Request processed successfully
2026-09-19 10:00:23 INFO system Request processed successfully
2026-09-19 10:00:24 INFO system Request processed successfully
2026-09-19 10:00:25 WARN database Query response slow
2026-09-19 10:00:26 INFO system Request processed successfully
2026-09-19 10:00:27 INFO system Request processed successfully
2026-09-19 10:00:28 WARN database Query response slow
2026-09-19 10:00:29 INFO system Request processed successfully
2026-09-19 10:00:30 INFO system Request processed successfully
2026-09-19 10:00:31 INFO system Request processed successfully
2026-09-19 10:00:32 WARN database Query response slow
2026-09-19 10:00:33 ERROR database Connection timeout
2026-09-19 10:00:34 INFO system Request processed successfully
2026-09-19 10:00:35 INFO system Request processed successfully
2026-09-19 10:00:36 INFO system Request processed successfully
2026-09-19 10:00:37 INFO system Request processed successfully
2026-09-19 10:00:38 INFO system Request processed successfully
2026-09-19 10:00:39 WARN database Query response slow
2026-09-19 10:00:40 INFO system Request processed successfully
2026-09-19 10:00:41 INFO system Request processed successfully
2026-09-19 10:00:42 INFO system Request processed successfully
2026-09-19 10:00:43 ERROR model Model loading failed
2026-09-19 10:00:44 INFO system Request processed successfully
2026-09-19 10:00:45 INFO system Request processed successfully
2026-09-19 10:00:46 WARN database Query response slow
2026-09-19 10:00:47 INFO system Request processed successfully
2026-09-19 10:00:48 INFO system Request processed successfully
2026-09-19 10:00:49 INFO system Request processed successfully
2026-09-19 10:00:50 WARN database Query response slow
2026-09-19 10:00:51 INFO system Request processed successfully
2026-09-19 10:00:52 INFO system Request processed successfully
2026-09-19 10:00:53 INFO system Request processed successfully
2026-09-19 10:00:54 INFO system Request processed successfully
2026-09-19 10:00:55 INFO system Request processed successfully
2026-09-19 10:00:56 INFO system Request processed successfully
2026-09-19 10:00:57 INFO system Request processed successfully
2026-09-19 10:00:58 ERROR model Model loading failed
2026-09-19 10:00:59 INFO system Request processed successfully
2026-09-19 10:00:00 INFO system Request processed successfully
2026-09-19 10:00:01 WARN database Query response slow
2026-09-19 10:00:02 INFO system Request processed successfully
2026-09-19 10:00:03 WARN database Query response slow
2026-09-19 10:00:04 INFO system Request processed successfully
2026-09-19 10:00:05 WARN database Query response slow
2026-09-19 10:00:06 WARN database Query response slow
2026-09-19 10:00:07 INFO system Request processed successfully
2026-09-19 10:00:08 INFO system Request processed successfully
2026-09-19 10:00:09 INFO system Request processed successfully
2026-09-19 10:00:10 INFO system Request processed successfully
2026-09-19 10:00:11 INFO system Request processed successfully
2026-09-19 10:00:12 INFO system Request processed successfully
2026-09-19 10:00:13 INFO system Request processed successfully
2026-09-19 10:00:14 INFO system Request processed successfully
2026-09-19 10:00:15 INFO system Request processed successfully
2026-09-19 10:00:16 WARN database Query response slow
2026-09-19 10:00:17 INFO system Request processed successfully
2026-09-19 10:00:18 INFO system Request processed successfully
2026-09-19 10:00:19 INFO system Request processed successfully
2026-09-19 10:00:20 INFO system Request processed successfully
2026-09-19 10:00:21 INFO system Request processed successfully
2026-09-19 10:00:22 INFO system Request processed successfully
2026-09-19 10:00:23 INFO system Request processed successfully
2026-09-19 10:00:24 INFO system Request processed successfully
2026-09-19 10:00:25 ERROR model Model loading failed
2026-09-19 10:00:26 INFO system Request processed successfully
2026-09-19 10:00:27 INFO system Request processed successfully
2026-09-19 10:00:28 INFO system Request processed successfully
2026-09-19 10:00:29 INFO system Request processed successfully
2026-09-19 10:00:30 INFO system Request processed successfully
2026-09-19 10:00:31 INFO system Request processed successfully
2026-09-19 10:00:32 INFO system Request processed successfully
2026-09-19 10:00:33 INFO system Request processed successfully
2026-09-19 10:00:34 INFO system Request processed successfully
2026-09-19 10:00:35 INFO system Request processed successfully
2026-09-19 10:00:36 INFO system Request processed successfully
2026-09-19 10:00:37 INFO system Request processed successfully
2026-09-19 10:00:38 INFO system Request processed successfully
2026-09-19 10:00:39 INFO system Request processed successfully
2026-09-19 10:00:40 INFO system Request processed successfully
2026-09-19 10:00:41 INFO system Request processed successfully
2026-09-19 10:00:42 INFO system Request processed successfully
2026-09-19 10:00:43 INFO system Request processed successfully
2026-09-19 10:00:44 INFO system Request processed successfully
2026-09-19 10:00:45 INFO system Request processed successfully
2026-09-19 10:00:46 INFO system Request processed successfully
2026-09-19 10:00:47 INFO system Request processed successfully
2026-09-19 10:00:48 WARN database Query response slow
2026-09-19 10:00:49 INFO system Request processed successfully
2026-09-19 10:00:50 WARN database Query response slow
2026-09-19 10:00:51 INFO system Request processed successfully
2026-09-19 10:00:52 INFO system Request processed successfully
2026-09-19 10:00:53 INFO system Request processed successfully
2026-09-19 10:00:54 INFO system Request processed successfully
2026-09-19 10:00:55 ERROR model Model loading failed
2026-09-19 10:00:56 INFO system Request processed successfully
2026-09-19 10:00:57 INFO system Request processed successfully
2026-09-19 10:00:58 INFO system Request processed successfully
2026-09-19 10:00:59 INFO system Request processed successfully
2026-09-19 10:00:00 INFO system Request processed successfully
2026-09-19 10:00:01 INFO system Request processed successfully
2026-09-19 10:00:02 INFO system Request processed successfully
2026-09-19 10:00:03 INFO system Request processed successfully
2026-09-19 10:00:04 INFO system Request processed successfully
2026-09-19 10:00:05 INFO system Request processed successfully
2026-09-19 10:00:06 INFO system Request processed successfully
2026-09-19 10:00:07 INFO system Request processed successfully
2026-09-19 10:00:08 INFO system Request processed successfully
2026-09-19 10:00:09 INFO system Request processed successfully
2026-09-19 10:00:10 INFO system Request processed successfully
2026-09-19 10:00:11 INFO system Request processed successfully
2026-09-19 10:00:12 WARN database Query response slow
2026-09-19 10:00:13 INFO system Request processed successfully
2026-09-19 10:00:14 INFO system Request processed successfully
2026-09-19 10:00:15 INFO system Request processed successfully
2026-09-19 10:00:16 INFO system Request processed successfully
2026-09-19 10:00:17 INFO system Request processed successfully
2026-09-19 10:00:18 INFO system Request processed successfully
2026-09-19 10:00:19 INFO system Request processed successfully
2026-09-19 10:00:20 INFO system Request processed successfully
2026-09-19 10:00:21 INFO system Request processed successfully
2026-09-19 10:00:22 INFO system Request processed successfully
2026-09-19 10:00:23 INFO system Request processed successfully
2026-09-19 10:00:24 INFO system Request processed successfully
2026-09-19 10:00:25 ERROR model Model loading failed
2026-09-19 10:00:26 WARN database Query response slow
2026-09-19 10:00:27 INFO system Request processed successfully
2026-09-19 10:00:28 INFO system Request processed successfully
2026-09-19 10:00:29 INFO system Request processed successfully
2026-09-19 10:00:30 WARN database Query response slow
2026-09-19 10:00:31 WARN database Query response slow
2026-09-19 10:00:32 INFO system Request processed successfully
2026-09-19 10:00:33 WARN database Query response slow
2026-09-19 10:00:34 INFO system Request processed successfully
2026-09-19 10:00:35 ERROR auth Authentication failed
2026-09-19 10:00:36 INFO system Request processed successfully
2026-09-19 10:00:37 INFO system Request processed successfully
2026-09-19 10:00:38 INFO system Request processed successfully
2026-09-19 10:00:39 INFO system Request processed successfully
2026-09-19 10:00:40 INFO system Request processed successfully
2026-09-19 10:00:41 INFO system Request processed successfully
2026-09-19 10:00:42 INFO system Request processed successfully
2026-09-19 10:00:43 INFO system Request processed successfully
2026-09-19 10:00:44 ERROR auth Authentication failed
2026-09-19 10:00:45 WARN database Query response slow
2026-09-19 10:00:46 INFO system Request processed successfully
2026-09-19 10:00:47 INFO system Request processed successfully
2026-09-19 10:00:48 INFO system Request processed successfully
2026-09-19 10:00:49 INFO system Request processed successfully
2026-09-19 10:00:50 INFO system Request processed successfully
2026-09-19 10:00:51 INFO system Request processed successfully
2026-09-19 10:00:52 INFO system Request processed successfully
2026-09-19 10:00:53 INFO system Request processed successfully
2026-09-19 10:00:54 WARN database Query response slow
2026-09-19 10:00:55 INFO system Request processed successfully
2026-09-19 10:00:56 INFO system Request processed successfully
2026-09-19 10:00:57 INFO system Request processed successfully
2026-09-19 10:00:58 ERROR model Model loading failed
2026-09-19 10:00:59 INFO system Request processed successfully
2026-09-19 10:00:00 INFO system Request processed successfully
2026-09-19 10:00:01 INFO system Request processed successfully
2026-09-19 10:00:02 WARN database Query response slow
2026-09-19 10:00:03 INFO system Request processed successfully
2026-09-19 10:00:04 INFO system Request processed successfully
2026-09-19 10:00:05 INFO system Request processed successfully
2026-09-19 10:00:06 INFO system Request processed successfully
2026-09-19 10:00:07 INFO system Request processed successfully
2026-09-19 10:00:08 INFO system Request processed successfully
2026-09-19 10:00:09 INFO system Request processed successfully
2026-09-19 10:00:10 INFO system Request processed successfully
2026-09-19 10:00:11 INFO system Request processed successfully
2026-09-19 10:00:12 INFO system Request processed successfully
2026-09-19 10:00:13 WARN database Query response slow
2026-09-19 10:00:14 INFO system Request processed successfully
2026-09-19 10:00:15 INFO system Request processed successfully
2026-09-19 10:00:16 INFO system Request processed successfully
2026-09-19 10:00:17 WARN database Query response slow
2026-09-19 10:00:18 INFO system Request processed successfully
2026-09-19 10:00:19 INFO system Request processed successfully
2026-09-19 10:00:20 INFO system Request processed successfully
2026-09-19 10:00:21 INFO system Request processed successfully
2026-09-19 10:00:22 INFO system Request processed successfully
2026-09-19 10:00:23 WARN database Query response slow
2026-09-19 10:00:24 INFO system Request processed successfully
2026-09-19 10:00:25 WARN database Query response slow
2026-09-19 10:00:26 INFO system Request processed successfully
2026-09-19 10:00:27 INFO system Request processed successfully
2026-09-19 10:00:28 WARN database Query response slow
2026-09-19 10:00:29 INFO system Request processed successfully
2026-09-19 10:00:30 INFO system Request processed successfully
2026-09-19 10:00:31 INFO system Request processed successfully
2026-09-19 10:00:32 INFO system Request processed successfully
2026-09-19 10:00:33 INFO system Request processed successfully
2026-09-19 10:00:34 INFO system Request processed successfully
2026-09-19 10:00:35 INFO system Request processed successfully
2026-09-19 10:00:36 INFO system Request processed successfully
2026-09-19 10:00:37 INFO system Request processed successfully
2026-09-19 10:00:38 INFO system Request processed successfully
2026-09-19 10:00:39 INFO system Request processed successfully
2026-09-19 10:00:40 INFO system Request processed successfully
2026-09-19 10:00:41 INFO system Request processed successfully
2026-09-19 10:00:42 INFO system Request processed successfully
2026-09-19 10:00:43 WARN database Query response slow
2026-09-19 10:00:44 INFO system Request processed successfully
2026-09-19 10:00:45 INFO system Request processed successfully
2026-09-19 10:00:46 INFO system Request processed successfully
2026-09-19 10:00:47 INFO system Request processed successfully
2026-09-19 10:00:48 INFO system Request processed successfully
2026-09-19 10:00:49 INFO system Request processed successfully
2026-09-19 10:00:50 INFO system Request processed successfully
2026-09-19 10:00:51 INFO system Request processed successfully
2026-09-19 10:00:52 INFO system Request processed successfully
2026-09-19 10:00:53 INFO system Request processed successfully
2026-09-19 10:00:54 INFO system Request processed successfully
2026-09-19 10:00:55 INFO system Request processed successfully
2026-09-19 10:00:56 INFO system Request processed successfully
2026-09-19 10:00:57 INFO system Request processed successfully
2026-09-19 10:00:58 INFO system Request processed successfully
2026-09-19 10:00:59 INFO system Request processed successfully
2026-09-19 10:00:00 INFO system Request processed successfully
2026-09-19 10:00:01 INFO system Request processed successfully
2026-09-19 10:00:02 INFO system Request processed successfully
2026-09-19 10:00:03 INFO system Request processed successfully
2026-09-19 10:00:04 INFO system Request processed successfully
2026-09-19 10:00:05 INFO system Request processed successfully
2026-09-19 10:00:06 INFO system Request processed successfully
2026-09-19 10:00:07 INFO system Request processed successfully
2026-09-19 10:00:08 INFO system Request processed successfully
2026-09-19 10:00:09 INFO system Request processed successfully
2026-09-19 10:00:10 INFO system Request processed successfully
2026-09-19 10:00:11 INFO system Request processed successfully
2026-09-19 10:00:12 INFO system Request processed successfully
2026-09-19 10:00:13 WARN database Query response slow
2026-09-19 10:00:14 INFO system Request processed successfully
2026-09-19 10:00:15 ERROR database Connection timeout
2026-09-19 10:00:16 INFO system Request processed successfully
2026-09-19 10:00:17 INFO system Request processed successfully
2026-09-19 10:00:18 WARN database Query response slow
2026-09-19 10:00:19 INFO system Request processed successfully
2026-09-19 10:00:20 INFO system Request processed successfully
2026-09-19 10:00:21 INFO system Request processed successfully
2026-09-19 10:00:22 WARN database Query response slow
2026-09-19 10:00:23 INFO system Request processed successfully
2026-09-19 10:00:24 WARN database Query response slow
2026-09-19 10:00:25 INFO system Request processed successfully
2026-09-19 10:00:26 WARN database Query response slow
2026-09-19 10:00:27 WARN database Query response slow
2026-09-19 10:00:28 INFO system Request processed successfully
2026-09-19 10:00:29 INFO system Request processed successfully
2026-09-19 10:00:30 INFO system Request processed successfully
2026-09-19 10:00:31 INFO system Request processed successfully
2026-09-19 10:00:32 INFO system Request processed successfully
2026-09-19 10:00:33 INFO system Request processed successfully
2026-09-19 10:00:34 ERROR model Model loading failed
2026-09-19 10:00:35 INFO system Request processed successfully
2026-09-19 10:00:36 INFO system Request processed successfully
2026-09-19 10:00:37 INFO system Request processed successfully
2026-09-19 10:00:38 INFO system Request processed successfully
2026-09-19 10:00:39 INFO system Request processed successfully
2026-09-19 10:00:40 INFO system Request processed successfully
2026-09-19 10:00:41 INFO system Request processed successfully
2026-09-19 10:00:42 WARN database Query response slow
2026-09-19 10:00:43 WARN database Query response slow
2026-09-19 10:00:44 INFO system Request processed successfully
2026-09-19 10:00:45 INFO system Request processed successfully
2026-09-19 10:00:46 INFO system Request processed successfully
2026-09-19 10:00:47 INFO system Request processed successfully
2026-09-19 10:00:48 INFO system Request processed successfully
2026-09-19 10:00:49 INFO system Request processed successfully
2026-09-19 10:00:50 ERROR auth Authentication failed
2026-09-19 10:00:51 INFO system Request processed successfully
2026-09-19 10:00:52 INFO system Request processed successfully
2026-09-19 10:00:53 INFO system Request processed successfully
2026-09-19 10:00:54 INFO system Request processed successfully
2026-09-19 10:00:55 INFO system Request processed successfully
2026-09-19 10:00:56 ERROR auth Authentication failed
2026-09-19 10:00:57 INFO system Request processed successfully
2026-09-19 10:00:58 INFO system Request processed successfully
2026-09-19 10:00:59 INFO system Request processed successfully
2026-09-19 10:00:00 INFO system Request processed successfully
2026-09-19 10:00:01 INFO system Request processed successfully
2026-09-19 10:00:02 WARN database Query response slow
2026-09-19 10:00:03 ERROR database Connection timeout
2026-09-19 10:00:04 INFO system Request processed successfully
2026-09-19 10:00:05 WARN database Query response slow
2026-09-19 10:00:06 INFO system Request processed successfully
2026-09-19 10:00:07 INFO system Request processed successfully
2026-09-19 10:00:08 INFO system Request processed successfully
2026-09-19 10:00:09 INFO system Request processed successfully
2026-09-19 10:00:10 INFO system Request processed successfully
2026-09-19 10:00:11 INFO system Request processed successfully
2026-09-19 10:00:12 WARN database Query response slow
2026-09-19 10:00:13 INFO system Request processed successfully
2026-09-19 10:00:14 INFO system Request processed successfully
2026-09-19 10:00:15 INFO system Request processed successfully
2026-09-19 10:00:16 INFO system Request processed successfully
2026-09-19 10:00:17 INFO system Request processed successfully
2026-09-19 10:00:18 INFO system Request processed successfully
2026-09-19 10:00:19 INFO system Request processed successfully
2026-09-19 10:00:20 INFO system Request processed successfully
2026-09-19 10:00:21 INFO system Request processed successfully
2026-09-19 10:00:22 ERROR model Model loading failed
2026-09-19 10:00:23 INFO system Request processed successfully
2026-09-19 10:00:24 INFO system Request processed successfully
2026-09-19 10:00:25 INFO system Request processed successfully
2026-09-19 10:00:26 WARN database Query response slow
2026-09-19 10:00:27 WARN database Query response slow
2026-09-19 10:00:28 INFO system Request processed successfully
2026-09-19 10:00:29 INFO system Request processed successfully
2026-09-19 10:00:30 INFO system Request processed successfully
2026-09-19 10:00:31 INFO system Request processed successfully
2026-09-19 10:00:32 INFO system Request processed successfully
2026-09-19 10:00:33 INFO system Request processed successfully
2026-09-19 10:00:34 INFO system Request processed successfully
2026-09-19 10:00:35 WARN database Query response slow
2026-09-19 10:00:36 INFO system Request processed successfully
2026-09-19 10:00:37 INFO system Request processed successfully
2026-09-19 10:00:38 INFO system Request processed successfully
2026-09-19 10:00:39 INFO system Request processed successfully
2026-09-19 10:00:40 INFO system Request processed successfully
2026-09-19 10:00:41 INFO system Request processed successfully
2026-09-19 10:00:42 WARN database Query response slow
2026-09-19 10:00:43 INFO system Request processed successfully
2026-09-19 10:00:44 INFO system Request processed successfully
2026-09-19 10:00:45 INFO system Request processed successfully
2026-09-19 10:00:46 WARN database Query response slow
2026-09-19 10:00:47 INFO system Request processed successfully
2026-09-19 10:00:48 INFO system Request processed successfully
2026-09-19 10:00:49 INFO system Request processed successfully
2026-09-19 10:00:50 ERROR auth Authentication failed
2026-09-19 10:00:51 INFO system Request processed successfully
2026-09-19 10:00:52 INFO system Request processed successfully
2026-09-19 10:00:53 INFO system Request processed successfully
2026-09-19 10:00:54 INFO system Request processed successfully
2026-09-19 10:00:55 INFO system Request processed successfully
2026-09-19 10:00:56 INFO system Request processed successfully
2026-09-19 10:00:57 WARN database Query response slow
2026-09-19 10:00:58 INFO system Request processed successfully
2026-09-19 10:00:59 INFO system Request processed successfully
2026-09-19 10:00:00 INFO system Request processed successfully
2026-09-19 10:00:01 WARN database Query response slow
2026-09-19 10:00:02 INFO system Request processed successfully
2026-09-19 10:00:03 INFO system Request processed successfully
2026-09-19 10:00:04 WARN database Query response slow
2026-09-19 10:00:05 INFO system Request processed successfully
2026-09-19 10:00:06 ERROR database Connection timeout
2026-09-19 10:00:07 INFO system Request processed successfully
2026-09-19 10:00:08 INFO system Request processed successfully
2026-09-19 10:00:09 INFO system Request processed successfully
2026-09-19 10:00:10 INFO system Request processed successfully
2026-09-19 10:00:11 ERROR auth Authentication failed
2026-09-19 10:00:12 INFO system Request processed successfully
2026-09-19 10:00:13 ERROR model Model loading failed
2026-09-19 10:00:14 INFO system Request processed successfully
2026-09-19 10:00:15 INFO system Request processed successfully
2026-09-19 10:00:16 INFO system Request processed successfully
2026-09-19 10:00:17 INFO system Request processed successfully
2026-09-19 10:00:18 INFO system Request processed successfully
2026-09-19 10:00:19 WARN database Query response slow
2026-09-19 10:00:20 INFO system Request processed successfully
2026-09-19 10:00:21 INFO system Request processed successfully
2026-09-19 10:00:22 WARN database Query response slow
2026-09-19 10:00:23 INFO system Request processed successfully
2026-09-19 10:00:24 INFO system Request processed successfully
2026-09-19 10:00:25 INFO system Request processed successfully
2026-09-19 10:00:26 INFO system Request processed successfully
2026-09-19 10:00:27 INFO system Request processed successfully
2026-09-19 10:00:28 INFO system Request processed successfully
2026-09-19 10:00:29 INFO system Request processed successfully
2026-09-19 10:00:30 INFO system Request processed successfully
2026-09-19 10:00:31 INFO system Request processed successfully
2026-09-19 10:00:32 WARN database Query response slow
2026-09-19 10:00:33 INFO system Request processed successfully
2026-09-19 10:00:34 INFO system Request processed successfully
2026-09-19 10:00:35 INFO system Request processed successfully
2026-09-19 10:00:36 INFO system Request processed successfully
2026-09-19 10:00:37 INFO system Request processed successfully
2026-09-19 10:00:38 INFO system Request processed successfully
2026-09-19 10:00:39 ERROR database Connection timeout
2026-09-19 10:00:40 INFO system Request processed successfully
2026-09-19 10:00:41 INFO system Request processed successfully
2026-09-19 10:00:42 INFO system Request processed successfully
2026-09-19 10:00:43 INFO system Request processed successfully
2026-09-19 10:00:44 INFO system Request processed successfully
2026-09-19 10:00:45 INFO system Request processed successfully
2026-09-19 10:00:46 WARN database Query response slow
2026-09-19 10:00:47 INFO system Request processed successfully
2026-09-19 10:00:48 INFO system Request processed successfully
2026-09-19 10:00:49 WARN database Query response slow
2026-09-19 10:00:50 WARN database Query response slow
2026-09-19 10:00:51 ERROR database Connection timeout
2026-09-19 10:00:52 INFO system Request processed successfully
2026-09-19 10:00:53 INFO system Request processed successfully
2026-09-19 10:00:54 WARN database Query response slow
2026-09-19 10:00:55 INFO system Request processed successfully
2026-09-19 10:00:56 INFO system Request processed successfully
2026-09-19 10:00:57 INFO system Request processed successfully
2026-09-19 10:00:58 INFO system Request processed successfully
2026-09-19 10:00:59 WARN database Query response slow
2026-09-19 10:00:00 INFO system Request processed successfully
2026-09-19 10:00:01 WARN database Query response slow
2026-09-19 10:00:02 ERROR auth Authentication failed
2026-09-19 10:00:03 INFO system Request processed successfully
2026-09-19 10:00:04 INFO system Request processed successfully
2026-09-19 10:00:05 INFO system Request processed successfully
2026-09-19 10:00:06 INFO system Request processed successfully
2026-09-19 10:00:07 INFO system Request processed successfully
2026-09-19 10:00:08 INFO system Request processed successfully
2026-09-19 10:00:09 INFO system Request processed successfully
2026-09-19 10:00:10 INFO system Request processed successfully
2026-09-19 10:00:11 WARN database Query response slow
2026-09-19 10:00:12 INFO system Request processed successfully
2026-09-19 10:00:13 INFO system Request processed successfully
2026-09-19 10:00:14 INFO system Request processed successfully
2026-09-19 10:00:15 INFO system Request processed successfully
2026-09-19 10:00:16 INFO system Request processed successfully
2026-09-19 10:00:17 INFO system Request processed successfully
2026-09-19 10:00:18 INFO system Request processed successfully
2026-09-19 10:00:19 INFO system Request processed successfully
2026-09-19 10:00:20 INFO system Request processed successfully
2026-09-19 10:00:21 INFO system Request processed successfully
2026-09-19 10:00:22 INFO system Request processed successfully
2026-09-19 10:00:23 INFO system Request processed successfully
2026-09-19 10:00:24 INFO system Request processed successfully
2026-09-19 10:00:25 INFO system Request processed successfully
2026-09-19 10:00:26 INFO system Request processed successfully
2026-09-19 10:00:27 WARN database Query response slow
2026-09-19 10:00:28 WARN database Query response slow
2026-09-19 10:00:29 INFO system Request processed successfully
2026-09-19 10:00:30 INFO system Request processed successfully
2026-09-19 10:00:31 ERROR model Model loading failed
2026-09-19 10:00:32 WARN database Query response slow
2026-09-19 10:00:33 INFO system Request processed successfully
2026-09-19 10:00:34 WARN database Query response slow
2026-09-19 10:00:35 WARN database Query response slow
2026-09-19 10:00:36 INFO system Request processed successfully
2026-09-19 10:00:37 INFO system Request processed successfully
2026-09-19 10:00:38 INFO system Request processed successfully
2026-09-19 10:00:39 INFO system Request processed successfully
2026-09-19 10:00:40 INFO system Request processed successfully
2026-09-19 10:00:41 INFO system Request processed successfully
2026-09-19 10:00:42 INFO system Request processed successfully
2026-09-19 10:00:43 INFO system Request processed successfully
2026-09-19 10:00:44 INFO system Request processed successfully
2026-09-19 10:00:45 INFO system Request processed successfully
2026-09-19 10:00:46 INFO system Request processed successfully
2026-09-19 10:00:47 INFO system Request processed successfully
2026-09-19 10:00:48 INFO system Request processed successfully
2026-09-19 10:00:49 INFO system Request processed successfully
2026-09-19 10:00:50 ERROR auth Authentication failed
2026-09-19 10:00:51 INFO system Request processed successfully
2026-09-19 10:00:52 WARN database Query response slow
2026-09-19 10:00:53 ERROR auth Authentication failed
2026-09-19 10:00:54 INFO system Request processed successfully
2026-09-19 10:00:55 INFO system Request processed successfully
2026-09-19 10:00:56 INFO system Request processed successfully
2026-09-19 10:00:57 INFO system Request processed successfully
2026-09-19 10:00:58 INFO system Request processed successfully
2026-09-19 10:00:59 INFO system Request processed successfully
2026-09-19 10:00:00 ERROR database Connection timeout
2026-09-19 10:00:01 INFO system Request processed successfully
2026-09-19 10:00:02 INFO system Request processed successfully
2026-09-19 10:00:03 INFO system Request processed successfully
2026-09-19 10:00:04 INFO system Request processed successfully
2026-09-19 10:00:05 INFO system Request processed successfully
2026-09-19 10:00:06 INFO system Request processed successfully
2026-09-19 10:00:07 ERROR model Model loading failed
2026-09-19 10:00:08 INFO system Request processed successfully
2026-09-19 10:00:09 INFO system Request processed successfully
2026-09-19 10:00:10 INFO system Request processed successfully
2026-09-19 10:00:11 INFO system Request processed successfully
2026-09-19 10:00:12 INFO system Request processed successfully
2026-09-19 10:00:13 WARN database Query response slow
2026-09-19 10:00:14 INFO system Request processed successfully
2026-09-19 10:00:15 WARN database Query response slow
2026-09-19 10:00:16 INFO system Request processed successfully
2026-09-19 10:00:17 INFO system Request processed successfully
2026-09-19 10:00:18 INFO system Request processed successfully
2026-09-19 10:00:19 INFO system Request processed successfully
2026-09-19 10:00:20 INFO system Request processed successfully
2026-09-19 10:00:21 INFO system Request processed successfully
2026-09-19 10:00:22 INFO system Request processed successfully
2026-09-19 10:00:23 WARN database Query response slow
2026-09-19 10:00:24 INFO system Request processed successfully
2026-09-19 10:00:25 INFO system Request processed successfully
2026-09-19 10:00:26 INFO system Request processed successfully
2026-09-19 10:00:27 INFO system Request processed successfully
2026-09-19 10:00:28 INFO system Request processed successfully
2026-09-19 10:00:29 INFO system Request processed successfully
2026-09-19 10:00:30 INFO system Request processed successfully
2026-09-19 10:00:31 WARN database Query response slow
2026-09-19 10:00:32 WARN database Query response slow
2026-09-19 10:00:33 INFO system Request processed successfully
2026-09-19 10:00:34 INFO system Request processed successfully
2026-09-19 10:00:35 INFO system Request processed successfully
2026-09-19 10:00:36 INFO system Request processed successfully
2026-09-19 10:00:37 INFO system Request processed successfully
2026-09-19 10:00:38 INFO system Request processed successfully
2026-09-19 10:00:39 INFO system Request processed successfully
2026-09-19 10:00:40 INFO system Request processed successfully
2026-09-19 10:00:41 INFO system Request processed successfully
2026-09-19 10:00:42 INFO system Request processed successfully
2026-09-19 10:00:43 INFO system Request processed successfully
2026-09-19 10:00:44 INFO system Request processed successfully
2026-09-19 10:00:45 INFO system Request processed successfully
2026-09-19 10:00:46 INFO system Request processed successfully
2026-09-19 10:00:47 INFO system Request processed successfully
2026-09-19 10:00:48 INFO system Request processed successfully
2026-09-19 10:00:49 INFO system Request processed successfully
2026-09-19 10:00:50 INFO system Request processed successfully
2026-09-19 10:00:51 INFO system Request processed successfully
2026-09-19 10:00:52 INFO system Request processed successfully
2026-09-19 10:00:53 INFO system Request processed successfully
2026-09-19 10:00:54 INFO system Request processed successfully
2026-09-19 10:00:55 INFO system Request processed successfully
2026-09-19 10:00:56 WARN database Query response slow
2026-09-19 10:00:57 WARN database Query response slow
2026-09-19 10:00:58 INFO system Request processed successfully
2026-09-19 10:00:59 INFO system Request processed successfully
2026-09-19 10:00:00 INFO system Request processed successfully
2026-09-19 10:00:01 INFO system Request processed successfully
2026-09-19 10:00:02 WARN database Query response slow
2026-09-19 10:00:03 INFO system Request processed successfully
2026-09-19 10:00:04 INFO system Request processed successfully
2026-09-19 10:00:05 INFO system Request processed successfully
2026-09-19 10:00:06 WARN database Query response slow
2026-09-19 10:00:07 INFO system Request processed successfully
2026-09-19 10:00:08 INFO system Request processed successfully
2026-09-19 10:00:09 INFO system Request processed successfully
2026-09-19 10:00:10 INFO system Request processed successfully
2026-09-19 10:00:11 INFO system Request processed successfully
2026-09-19 10:00:12 WARN database Query response slow
2026-09-19 10:00:13 INFO system Request processed successfully
2026-09-19 10:00:14 INFO system Request processed successfully
2026-09-19 10:00:15 INFO system Request processed successfully
2026-09-19 10:00:16 ERROR model Model loading failed
2026-09-19 10:00:17 INFO system Request processed successfully
2026-09-19 10:00:18 WARN database Query response slow
2026-09-19 10:00:19 WARN database Query response slow
2026-09-19 10:00:20 INFO system Request processed successfully
2026-09-19 10:00:21 INFO system Request processed successfully
2026-09-19 10:00:22 INFO system Request processed successfully
2026-09-19 10:00:23 INFO system Request processed successfully
2026-09-19 10:00:24 ERROR database Connection timeout
2026-09-19 10:00:25 INFO system Request processed successfully
2026-09-19 10:00:26 INFO system Request processed successfully
2026-09-19 10:00:27 INFO system Request processed successfully
2026-09-19 10:00:28 INFO system Request processed successfully
2026-09-19 10:00:29 INFO system Request processed successfully
2026-09-19 10:00:30 INFO system Request processed successfully
2026-09-19 10:00:31 WARN database Query response slow
2026-09-19 10:00:32 INFO system Request processed successfully
2026-09-19 10:00:33 INFO system Request processed successfully
2026-09-19 10:00:34 INFO system Request processed successfully
2026-09-19 10:00:35 ERROR auth Authentication failed
2026-09-19 10:00:36 INFO system Request processed successfully
2026-09-19 10:00:37 WARN database Query response slow
2026-09-19 10:00:38 INFO system Request processed successfully
2026-09-19 10:00:39 INFO system Request processed successfully
2026-09-19 10:00:40 INFO system Request processed successfully
2026-09-19 10:00:41 WARN database Query response slow
2026-09-19 10:00:42 ERROR database Connection timeout
2026-09-19 10:00:43 INFO system Request processed successfully
2026-09-19 10:00:44 INFO system Request processed successfully
2026-09-19 10:00:45 INFO system Request processed successfully
2026-09-19 10:00:46 WARN database Query response slow
2026-09-19 10:00:47 INFO system Request processed successfully
2026-09-19 10:00:48 INFO system Request processed successfully
2026-09-19 10:00:49 INFO system Request processed successfully
2026-09-19 10:00:50 WARN database Query response slow
2026-09-19 10:00:51 ERROR database Connection timeout
2026-09-19 10:00:52 INFO system Request processed successfully
2026-09-19 10:00:53 INFO system Request processed successfully
2026-09-19 10:00:54 INFO system Request processed successfully
2026-09-19 10:00:55 INFO system Request processed successfully
2026-09-19 10:00:56 WARN database Query response slow
2026-09-19 10:00:57 INFO system Request processed successfully
2026-09-19 10:00:58 WARN database Query response slow
2026-09-19 10:00:59 INFO system Request processed successfully
2026-09-19 10:00:00 INFO system Request processed successfully
2026-09-19 10:00:01 INFO system Request processed successfully
2026-09-19 10:00:02 INFO system Request processed successfully
2026-09-19 10:00:03 INFO system Request processed successfully
2026-09-19 10:00:04 INFO system Request processed successfully
2026-09-19 10:00:05 INFO system Request processed successfully
2026-09-19 10:00:06 INFO system Request processed successfully
2026-09-19 10:00:07 INFO system Request processed successfully
2026-09-19 10:00:08 INFO system Request processed successfully
2026-09-19 10:00:09 INFO system Request processed successfully
2026-09-19 10:00:10 INFO system Request processed successfully
2026-09-19 10:00:11 INFO system Request processed successfully
2026-09-19 10:00:12 INFO system Request processed successfully
2026-09-19 10:00:13 INFO system Request processed successfully
2026-09-19 10:00:14 INFO system Request processed successfully
2026-09-19 10:00:15 INFO system Request processed successfully
2026-09-19 10:00:16 WARN database Query response slow
2026-09-19 10:00:17 INFO system Request processed successfully
2026-09-19 10:00:18 INFO system Request processed successfully
2026-09-19 10:00:19 INFO system Request processed successfully
2026-09-19 10:00:20 INFO system Request processed successfully
2026-09-19 10:00:21 INFO system Request processed successfully
2026-09-19 10:00:22 WARN database Query response slow
2026-09-19 10:00:23 INFO system Request processed successfully
2026-09-19 10:00:24 INFO system Request processed successfully
2026-09-19 10:00:25 INFO system Request processed successfully
2026-09-19 10:00:26 WARN database Query response slow
2026-09-19 10:00:27 ERROR database Connection timeout
2026-09-19 10:00:28 INFO system Request processed successfully
2026-09-19 10:00:29 WARN database Query response slow
2026-09-19 10:00:30 INFO system Request processed successfully
2026-09-19 10:00:31 WARN database Query response slow
2026-09-19 10:00:32 INFO system Request processed successfully
2026-09-19 10:00:33 INFO system Request processed successfully
2026-09-19 10:00:34 INFO system Request processed successfully
2026-09-19 10:00:35 INFO system Request processed successfully
2026-09-19 10:00:36 INFO system Request processed successfully
2026-09-19 10:00:37 INFO system Request processed successfully
2026-09-19 10:00:38 WARN database Query response slow
2026-09-19 10:00:39 INFO system Request processed successfully
2026-09-19 10:00:40 WARN database Query response slow
2026-09-19 10:00:41 INFO system Request processed successfully
2026-09-19 10:00:42 INFO system Request processed successfully
2026-09-19 10:00:43 INFO system Request processed successfully
2026-09-19 10:00:44 INFO system Request processed successfully
2026-09-19 10:00:45 INFO system Request processed successfully
2026-09-19 10:00:46 WARN database Query response slow
2026-09-19 10:00:47 INFO system Request processed successfully
2026-09-19 10:00:48 ERROR database Connection timeout
2026-09-19 10:00:49 INFO system Request processed successfully
2026-09-19 10:00:50 INFO system Request processed successfully
2026-09-19 10:00:51 INFO system Request processed successfully
2026-09-19 10:00:52 INFO system Request processed successfully
2026-09-19 10:00:53 INFO system Request processed successfully
2026-09-19 10:00:54 INFO system Request processed successfully
2026-09-19 10:00:55 INFO system Request processed successfully
2026-09-19 10:00:56 INFO system Request processed successfully
2026-09-19 10:00:57 INFO system Request processed successfully
2026-09-19 10:00:58 INFO system Request processed successfully
2026-09-19 10:00:59 INFO system Request processed successfully
2026-09-19 10:00:00 INFO system Request processed successfully
2026-09-19 10:00:01 ERROR model Model loading failed
2026-09-19 10:00:02 INFO system Request processed successfully
2026-09-19 10:00:03 INFO system Request processed successfully
2026-09-19 10:00:04 INFO system Request processed successfully
2026-09-19 10:00:05 ERROR auth Authentication failed
2026-09-19 10:00:06 INFO system Request processed successfully
2026-09-19 10:00:07 INFO system Request processed successfully
2026-09-19 10:00:08 INFO system Request processed successfully
2026-09-19 10:00:09 INFO system Request processed successfully
2026-09-19 10:00:10 INFO system Request processed successfully
2026-09-19 10:00:11 INFO system Request processed successfully
2026-09-19 10:00:12 INFO system Request processed successfully
2026-09-19 10:00:13 INFO system Request processed successfully
2026-09-19 10:00:14 ERROR auth Authentication failed
2026-09-19 10:00:15 WARN database Query response slow
2026-09-19 10:00:16 WARN database Query response slow
2026-09-19 10:00:17 INFO system Request processed successfully
2026-09-19 10:00:18 INFO system Request processed successfully
2026-09-19 10:00:19 INFO system Request processed successfully
2026-09-19 10:00:20 INFO system Request processed successfully
2026-09-19 10:00:21 INFO system Request processed successfully
2026-09-19 10:00:22 INFO system Request processed successfully
2026-09-19 10:00:23 WARN database Query response slow
2026-09-19 10:00:24 INFO system Request processed successfully
2026-09-19 10:00:25 INFO system Request processed successfully
2026-09-19 10:00:26 INFO system Request processed successfully
2026-09-19 10:00:27 ERROR database Connection timeout
2026-09-19 10:00:28 INFO system Request processed successfully
2026-09-19 10:00:29 ERROR auth Authentication failed
2026-09-19 10:00:30 INFO system Request processed successfully
2026-09-19 10:00:31 INFO system Request processed successfully
2026-09-19 10:00:32 WARN database Query response slow
2026-09-19 10:00:33 INFO system Request processed successfully
2026-09-19 10:00:34 INFO system Request processed successfully
2026-09-19 10:00:35 ERROR auth Authentication failed
2026-09-19 10:00:36 INFO system Request processed successfully
2026-09-19 10:00:37 INFO system Request processed successfully
2026-09-19 10:00:38 INFO system Request processed successfully
2026-09-19 10:00:39 INFO system Request processed successfully
2026-09-19 10:00:40 INFO system Request processed successfully
2026-09-19 10:00:41 INFO system Request processed successfully
2026-09-19 10:00:42 INFO system Request processed successfully
2026-09-19 10:00:43 INFO system Request processed successfully
2026-09-19 10:00:44 INFO system Request processed successfully
2026-09-19 10:00:45 INFO system Request processed successfully
2026-09-19 10:00:46 INFO system Request processed successfully
2026-09-19 10:00:47 WARN database Query response slow
2026-09-19 10:00:48 INFO system Request processed successfully
2026-09-19 10:00:49 INFO system Request processed successfully
2026-09-19 10:00:50 INFO system Request processed successfully
2026-09-19 10:00:51 WARN database Query response slow
2026-09-19 10:00:52 INFO system Request processed successfully
2026-09-19 10:00:53 INFO system Request processed successfully
2026-09-19 10:00:54 WARN database Query response slow
2026-09-19 10:00:55 INFO system Request processed successfully
2026-09-19 10:00:56 INFO system Request processed successfully
2026-09-19 10:00:57 INFO system Request processed successfully
2026-09-19 10:00:58 INFO system Request processed successfully
2026-09-19 10:00:59 INFO system Request processed successfully
2026-09-19 10:00:00 INFO system Request processed successfully
2026-09-19 10:00:01 INFO system Request processed successfully
2026-09-19 10:00:02 INFO system Request processed successfully
2026-09-19 10:00:03 INFO system Request processed successfully
2026-09-19 10:00:04 INFO system Request processed successfully
2026-09-19 10:00:05 INFO system Request processed successfully
2026-09-19 10:00:06 INFO system Request processed successfully
2026-09-19 10:00:07 INFO system Request processed successfully
2026-09-19 10:00:08 INFO system Request processed successfully
2026-09-19 10:00:09 INFO system Request processed successfully
2026-09-19 10:00:10 INFO system Request processed successfully
2026-09-19 10:00:11 INFO system Request processed successfully
2026-09-19 10:00:12 INFO system Request processed successfully
2026-09-19 10:00:13 ERROR model Model loading failed
2026-09-19 10:00:14 INFO system Request processed successfully
2026-09-19 10:00:15 ERROR database Connection timeout
2026-09-19 10:00:16 INFO system Request processed successfully
2026-09-19 10:00:17 INFO system Request processed successfully
2026-09-19 10:00:18 INFO system Request processed successfully
2026-09-19 10:00:19 INFO system Request processed successfully
2026-09-19 10:00:20 INFO system Request processed successfully
2026-09-19 10:00:21 INFO system Request processed successfully
2026-09-19 10:00:22 ERROR model Model loading failed
2026-09-19 10:00:23 WARN database Query response slow
2026-09-19 10:00:24 WARN database Query response slow
2026-09-19 10:00:25 INFO system Request processed successfully
2026-09-19 10:00:26 INFO system Request processed successfully
2026-09-19 10:00:27 WARN database Query response slow
2026-09-19 10:00:28 INFO system Request processed successfully
2026-09-19 10:00:29 INFO system Request processed successfully
2026-09-19 10:00:30 INFO system Request processed successfully
2026-09-19 10:00:31 ERROR model Model loading failed
2026-09-19 10:00:32 INFO system Request processed successfully
2026-09-19 10:00:33 INFO system Request processed successfully
2026-09-19 10:00:34 WARN database Query response slow
2026-09-19 10:00:35 INFO system Request processed successfully
2026-09-19 10:00:36 WARN database Query response slow
2026-09-19 10:00:37 INFO system Request processed successfully
2026-09-19 10:00:38 INFO system Request processed successfully
2026-09-19 10:00:39 INFO system Request processed successfully
2026-09-19 10:00:40 INFO system Request processed successfully
2026-09-19 10:00:41 INFO system Request processed successfully
2026-09-19 10:00:42 INFO system Request processed successfully
2026-09-19 10:00:43 WARN database Query response slow
2026-09-19 10:00:44 INFO system Request processed successfully
2026-09-19 10:00:45 WARN database Query response slow
2026-09-19 10:00:46 ERROR model Model loading failed
2026-09-19 10:00:47 INFO system Request processed successfully
2026-09-19 10:00:48 INFO system Request processed successfully
2026-09-19 10:00:49 INFO system Request processed successfully
2026-09-19 10:00:50 INFO system Request processed successfully
2026-09-19 10:00:51 INFO system Request processed successfully
2026-09-19 10:00:52 WARN database Query response slow
2026-09-19 10:00:53 INFO system Request processed successfully
2026-09-19 10:00:54 INFO system Request processed successfully
2026-09-19 10:00:55 WARN database Query response slow
2026-09-19 10:00:56 INFO system Request processed successfully
2026-09-19 10:00:57 INFO system Request processed successfully
2026-09-19 10:00:58 INFO system Request processed successfully
2026-09-19 10:00:59 INFO system Request processed successfully
2026-09-19 10:00:00 INFO system Request processed successfully
2026-09-19 10:00:01 INFO system Request processed successfully
2026-09-19 10:00:02 INFO system Request processed successfully
2026-09-19 10:00:03 INFO system Request processed successfully
2026-09-19 10:00:04 INFO system Request processed successfully
2026-09-19 10:00:05 INFO system Request processed successfully
2026-09-19 10:00:06 WARN database Query response slow
2026-09-19 10:00:07 WARN database Query response slow
2026-09-19 10:00:08 INFO system Request processed successfully
2026-09-19 10:00:09 ERROR database Connection timeout
2026-09-19 10:00:10 INFO system Request processed successfully
2026-09-19 10:00:11 INFO system Request processed successfully
2026-09-19 10:00:12 INFO system Request processed successfully
2026-09-19 10:00:13 INFO system Request processed successfully
2026-09-19 10:00:14 WARN database Query response slow
2026-09-19 10:00:15 INFO system Request processed successfully
2026-09-19 10:00:16 INFO system Request processed successfully
2026-09-19 10:00:17 INFO system Request processed successfully
2026-09-19 10:00:18 INFO system Request processed successfully
2026-09-19 10:00:19 WARN database Query response slow
2026-09-19 10:00:20 INFO system Request processed successfully
2026-09-19 10:00:21 INFO system Request processed successfully
2026-09-19 10:00:22 INFO system Request processed successfully
2026-09-19 10:00:23 WARN database Query response slow
2026-09-19 10:00:24 WARN database Query response slow
2026-09-19 10:00:25 WARN database Query response slow
2026-09-19 10:00:26 INFO system Request processed successfully
2026-09-19 10:00:27 INFO system Request processed successfully
2026-09-19 10:00:28 ERROR model Model loading failed
2026-09-19 10:00:29 INFO system Request processed successfully
2026-09-19 10:00:30 INFO system Request processed successfully
2026-09-19 10:00:31 WARN database Query response slow
2026-09-19 10:00:32 WARN database Query response slow
2026-09-19 10:00:33 INFO system Request processed successfully
2026-09-19 10:00:34 INFO system Request processed successfully
2026-09-19 10:00:35 INFO system Request processed successfully
2026-09-19 10:00:36 INFO system Request processed successfully
2026-09-19 10:00:37 INFO system Request processed successfully
2026-09-19 10:00:38 INFO system Request processed successfully
2026-09-19 10:00:39 INFO system Request processed successfully
2026-09-19 10:00:40 INFO system Request processed successfully
2026-09-19 10:00:41 ERROR auth Authentication failed
2026-09-19 10:00:42 INFO system Request processed successfully
2026-09-19 10:00:43 INFO system Request processed successfully
2026-09-19 10:00:44 INFO system Request processed successfully
2026-09-19 10:00:45 INFO system Request processed successfully
2026-09-19 10:00:46 INFO system Request processed successfully
2026-09-19 10:00:47 INFO system Request processed successfully
2026-09-19 10:00:48 INFO system Request processed successfully
2026-09-19 10:00:49 INFO system Request processed successfully
2026-09-19 10:00:50 INFO system Request processed successfully
2026-09-19 10:00:51 INFO system Request processed successfully
2026-09-19 10:00:52 INFO system Request processed successfully
2026-09-19 10:00:53 WARN database Query response slow
2026-09-19 10:00:54 INFO system Request processed successfully
2026-09-19 10:00:55 INFO system Request processed successfully
2026-09-19 10:00:56 INFO system Request processed successfully
2026-09-19 10:00:57 INFO system Request processed successfully
2026-09-19 10:00:58 INFO system Request processed successfully
2026-09-19 10:00:59 WARN database Query response slow
2026-09-19 10:00:00 INFO system Request processed successfully
2026-09-19 10:00:01 ERROR model Model loading failed
2026-09-19 10:00:02 WARN database Query response slow
2026-09-19 10:00:03 ERROR database Connection timeout
2026-09-19 10:00:04 INFO system Request processed successfully
2026-09-19 10:00:05 WARN database Query response slow
2026-09-19 10:00:06 INFO system Request processed successfully
2026-09-19 10:00:07 INFO system Request processed successfully
2026-09-19 10:00:08 INFO system Request processed successfully
2026-09-19 10:00:09 INFO system Request processed successfully
2026-09-19 10:00:10 INFO system Request processed successfully
2026-09-19 10:00:11 WARN database Query response slow
2026-09-19 10:00:12 INFO system Request processed successfully
2026-09-19 10:00:13 INFO system Request processed successfully
2026-09-19 10:00:14 INFO system Request processed successfully
2026-09-19 10:00:15 WARN database Query response slow
2026-09-19 10:00:16 WARN database Query response slow
2026-09-19 10:00:17 WARN database Query response slow
2026-09-19 10:00:18 INFO system Request processed successfully
2026-09-19 10:00:19 INFO system Request processed successfully
2026-09-19 10:00:20 WARN database Query response slow
2026-09-19 10:00:21 INFO system Request processed successfully
2026-09-19 10:00:22 INFO system Request processed successfully
2026-09-19 10:00:23 INFO system Request processed successfully
2026-09-19 10:00:24 ERROR database Connection timeout
2026-09-19 10:00:25 INFO system Request processed successfully
2026-09-19 10:00:26 WARN database Query response slow
2026-09-19 10:00:27 INFO system Request processed successfully
2026-09-19 10:00:28 WARN database Query response slow
2026-09-19 10:00:29 WARN database Query response slow
2026-09-19 10:00:30 INFO system Request processed successfully
2026-09-19 10:00:31 INFO system Request processed successfully
2026-09-19 10:00:32 WARN database Query response slow
2026-09-19 10:00:33 INFO system Request processed successfully
2026-09-19 10:00:34 INFO system Request processed successfully
2026-09-19 10:00:35 INFO system Request processed successfully
2026-09-19 10:00:36 INFO system Request processed successfully
2026-09-19 10:00:37 INFO system Request processed successfully
2026-09-19 10:00:38 WARN database Query response slow
2026-09-19 10:00:39 INFO system Request processed successfully
2026-09-19 10:00:40 INFO system Request processed successfully
2026-09-19 10:00:41 INFO system Request processed successfully
2026-09-19 10:00:42 INFO system Request processed successfully
2026-09-19 10:00:43 WARN database Query response slow
2026-09-19 10:00:44 INFO system Request processed successfully
2026-09-19 10:00:45 INFO system Request processed successfully
2026-09-19 10:00:46 INFO system Request processed successfully
2026-09-19 10:00:47 INFO system Request processed successfully
2026-09-19 10:00:48 INFO system Request processed successfully
2026-09-19 10:00:49 INFO system Request processed successfully
2026-09-19 10:00:50 WARN database Query response slow
2026-09-19 10:00:51 INFO system Request processed successfully
2026-09-19 10:00:52 INFO system Request processed successfully
2026-09-19 10:00:53 INFO system Request processed successfully
2026-09-19 10:00:54 INFO system Request processed successfully
2026-09-19 10:00:55 INFO system Request processed successfully
2026-09-19 10:00:56 ERROR auth Authentication failed
2026-09-19 10:00:57 INFO system Request processed successfully
2026-09-19 10:00:58 INFO system Request processed successfully
2026-09-19 10:00:59 INFO system Request processed successfully
2026-09-19 10:00:00 INFO system Request processed successfully
2026-09-19 10:00:01 INFO system Request processed successfully
2026-09-19 10:00:02 INFO system Request processed successfully
2026-09-19 10:00:03 INFO system Request processed successfully
2026-09-19 10:00:04 INFO system Request processed successfully
2026-09-19 10:00:05 INFO system Request processed successfully
2026-09-19 10:00:06 INFO system Request processed successfully
2026-09-19 10:00:07 INFO system Request processed successfully
2026-09-19 10:00:08 WARN database Query response slow
2026-09-19 10:00:09 INFO system Request processed successfully
2026-09-19 10:00:10 ERROR model Model loading failed
2026-09-19 10:00:11 INFO system Request processed successfully
2026-09-19 10:00:12 INFO system Request processed successfully
2026-09-19 10:00:13 INFO system Request processed successfully
2026-09-19 10:00:14 INFO system Request processed successfully
2026-09-19 10:00:15 INFO system Request processed successfully
2026-09-19 10:00:16 INFO system Request processed successfully
2026-09-19 10:00:17 INFO system Request processed successfully
2026-09-19 10:00:18 INFO system Request processed successfully
2026-09-19 10:00:19 WARN database Query response slow
2026-09-19 10:00:20 INFO system Request processed successfully
2026-09-19 10:00:21 INFO system Request processed successfully
2026-09-19 10:00:22 INFO system Request processed successfully
2026-09-19 10:00:23 INFO system Request processed successfully
2026-09-19 10:00:24 WARN database Query response slow
2026-09-19 10:00:25 INFO system Request processed successfully
2026-09-19 10:00:26 INFO system Request processed successfully
2026-09-19 10:00:27 INFO system Request processed successfully
2026-09-19 10:00:28 INFO system Request processed successfully
2026-09-19 10:00:29 INFO system Request processed successfully
2026-09-19 10:00:30 INFO system Request processed successfully
2026-09-19 10:00:31 INFO system Request processed successfully
2026-09-19 10:00:32 INFO system Request processed successfully
2026-09-19 10:00:33 INFO system Request processed successfully
2026-09-19 10:00:34 INFO system Request processed successfully
2026-09-19 10:00:35 INFO system Request processed successfully
2026-09-19 10:00:36 INFO system Request processed successfully
2026-09-19 10:00:37 INFO system Request processed successfully
2026-09-19 10:00:38 WARN database Query response slow
2026-09-19 10:00:39 INFO system Request processed successfully
2026-09-19 10:00:40 INFO system Request processed successfully
2026-09-19 10:00:41 INFO system Request processed successfully
2026-09-19 10:00:42 INFO system Request processed successfully
2026-09-19 10:00:43 INFO system Request processed successfully
2026-09-19 10:00:44 INFO system Request processed successfully
2026-09-19 10:00:45 INFO system Request processed successfully
2026-09-19 10:00:46 WARN database Query response slow
2026-09-19 10:00:47 WARN database Query response slow
2026-09-19 10:00:48 INFO system Request processed successfully
2026-09-19 10:00:49 INFO system Request processed successfully
2026-09-19 10:00:50 INFO system Request processed successfully
2026-09-19 10:00:51 INFO system Request processed successfully
2026-09-19 10:00:52 INFO system Request processed successfully
2026-09-19 10:00:53 INFO system Request processed successfully
2026-09-19 10:00:54 INFO system Request processed successfully
2026-09-19 10:00:55 WARN database Query response slow
2026-09-19 10:00:56 INFO system Request processed successfully
2026-09-19 10:00:57 WARN database Query response slow
2026-09-19 10:00:58 INFO system Request processed successfully
2026-09-19 10:00:59 INFO system Request processed successfully
2026-09-19 10:00:00 ERROR database Connection timeout
2026-09-19 10:00:01 INFO system Request processed successfully
2026-09-19 10:00:02 ERROR auth Authentication failed
2026-09-19 10:00:03 INFO system Request processed successfully
2026-09-19 10:00:04 INFO system Request processed successfully
2026-09-19 10:00:05 INFO system Request processed successfully
2026-09-19 10:00:06 ERROR database Connection timeout
2026-09-19 10:00:07 INFO system Request processed successfully
2026-09-19 10:00:08 INFO system Request processed successfully
2026-09-19 10:00:09 INFO system Request processed successfully
2026-09-19 10:00:10 INFO system Request processed successfully
2026-09-19 10:00:11 INFO system Request processed successfully
2026-09-19 10:00:12 INFO system Request processed successfully
2026-09-19 10:00:13 INFO system Request processed successfully
2026-09-19 10:00:14 INFO system Request processed successfully
2026-09-19 10:00:15 WARN database Query response slow
2026-09-19 10:00:16 INFO system Request processed successfully
2026-09-19 10:00:17 INFO system Request processed successfully
2026-09-19 10:00:18 INFO system Request processed successfully
2026-09-19 10:00:19 INFO system Request processed successfully
2026-09-19 10:00:20 INFO system Request processed successfully
2026-09-19 10:00:21 INFO system Request processed successfully
2026-09-19 10:00:22 INFO system Request processed successfully
2026-09-19 10:00:23 INFO system Request processed successfully
2026-09-19 10:00:24 INFO system Request processed successfully
2026-09-19 10:00:25 WARN database Query response slow
2026-09-19 10:00:26 ERROR auth Authentication failed
2026-09-19 10:00:27 INFO system Request processed successfully
2026-09-19 10:00:28 WARN database Query response slow
2026-09-19 10:00:29 INFO system Request processed successfully
2026-09-19 10:00:30 WARN database Query response slow
2026-09-19 10:00:31 INFO system Request processed successfully
2026-09-19 10:00:32 INFO system Request processed successfully
2026-09-19 10:00:33 INFO system Request processed successfully
2026-09-19 10:00:34 WARN database Query response slow
2026-09-19 10:00:35 INFO system Request processed successfully
2026-09-19 10:00:36 INFO system Request processed successfully
2026-09-19 10:00:37 INFO system Request processed successfully
2026-09-19 10:00:38 INFO system Request processed successfully
2026-09-19 10:00:39 INFO system Request processed successfully
2026-09-19 10:00:40 INFO system Request processed successfully
2026-09-19 10:00:41 INFO system Request processed successfully
2026-09-19 10:00:42 INFO system Request processed successfully
2026-09-19 10:00:43 INFO system Request processed successfully
2026-09-19 10:00:44 INFO system Request processed successfully
2026-09-19 10:00:45 INFO system Request processed successfully
2026-09-19 10:00:46 INFO system Request processed successfully
2026-09-19 10:00:47 INFO system Request processed successfully
2026-09-19 10:00:48 INFO system Request processed successfully
2026-09-19 10:00:49 INFO system Request processed successfully
2026-09-19 10:00:50 INFO system Request processed successfully
2026-09-19 10:00:51 INFO system Request processed successfully
2026-09-19 10:00:52 INFO system Request processed successfully
2026-09-19 10:00:53 INFO system Request processed successfully
2026-09-19 10:00:54 WARN database Query response slow
2026-09-19 10:00:55 INFO system Request processed successfully
2026-09-19 10:00:56 INFO system Request processed successfully
2026-09-19 10:00:57 WARN database Query response slow
2026-09-19 10:00:58 INFO system Request processed successfully
2026-09-19 10:00:59 ERROR auth Authentication failed
2026-09-19 10:00:00 WARN database Query response slow
2026-09-19 10:00:01 INFO system Request processed successfully
2026-09-19 10:00:02 INFO system Request processed successfully
2026-09-19 10:00:03 INFO system Request processed successfully
2026-09-19 10:00:04 INFO system Request processed successfully
2026-09-19 10:00:05 INFO system Request processed successfully
2026-09-19 10:00:06 INFO system Request processed successfully
2026-09-19 10:00:07 INFO system Request processed successfully
2026-09-19 10:00:08 INFO system Request processed successfully
2026-09-19 10:00:09 INFO system Request processed successfully
2026-09-19 10:00:10 INFO system Request processed successfully
2026-09-19 10:00:11 INFO system Request processed successfully
2026-09-19 10:00:12 INFO system Request processed successfully
2026-09-19 10:00:13 INFO system Request processed successfully
2026-09-19 10:00:14 INFO system Request processed successfully
2026-09-19 10:00:15 INFO system Request processed successfully
2026-09-19 10:00:16 INFO system Request processed successfully
2026-09-19 10:00:17 INFO system Request processed successfully
2026-09-19 10:00:18 INFO system Request processed successfully
2026-09-19 10:00:19 ERROR model Model loading failed
2026-09-19 10:00:20 INFO system Request processed successfully
2026-09-19 10:00:21 INFO system Request processed successfully
2026-09-19 10:00:22 WARN database Query response slow
2026-09-19 10:00:23 INFO system Request processed successfully
2026-09-19 10:00:24 INFO system Request processed successfully
2026-09-19 10:00:25 WARN database Query response slow
2026-09-19 10:00:26 INFO system Request processed successfully
2026-09-19 10:00:27 INFO system Request processed successfully
2026-09-19 10:00:28 INFO system Request processed successfully
2026-09-19 10:00:29 INFO system Request processed successfully
2026-09-19 10:00:30 ERROR database Connection timeout
2026-09-19 10:00:31 INFO system Request processed successfully
2026-09-19 10:00:32 INFO system Request processed successfully
2026-09-19 10:00:33 INFO system Request processed successfully
2026-09-19 10:00:34 INFO system Request processed successfully
2026-09-19 10:00:35 ERROR auth Authentication failed
2026-09-19 10:00:36 INFO system Request processed successfully
2026-09-19 10:00:37 WARN database Query response slow
2026-09-19 10:00:38 INFO system Request processed successfully
2026-09-19 10:00:39 INFO system Request processed successfully
2026-09-19 10:00:40 INFO system Request processed successfully
2026-09-19 10:00:41 ERROR auth Authentication failed
2026-09-19 10:00:42 INFO system Request processed successfully
2026-09-19 10:00:43 INFO system Request processed successfully
2026-09-19 10:00:44 INFO system Request processed successfully
2026-09-19 10:00:45 INFO system Request processed successfully
2026-09-19 10:00:46 INFO system Request processed successfully
2026-09-19 10:00:47 WARN database Query response slow
2026-09-19 10:00:48 INFO system Request processed successfully
2026-09-19 10:00:49 WARN database Query response slow
2026-09-19 10:00:50 WARN database Query response slow
2026-09-19 10:00:51 INFO system Request processed successfully
2026-09-19 10:00:52 INFO system Request processed successfully
2026-09-19 10:00:53 WARN database Query response slow
2026-09-19 10:00:54 ERROR database Connection timeout
2026-09-19 10:00:55 INFO system Request processed successfully
2026-09-19 10:00:56 INFO system Request processed successfully
2026-09-19 10:00:57 INFO system Request processed successfully
2026-09-19 10:00:58 INFO system Request processed successfully
2026-09-19 10:00:59 INFO system Request processed successfully
2026-09-19 10:00:00 INFO system Request processed successfully
2026-09-19 10:00:01 INFO system Request processed successfully
2026-09-19 10:00:02 INFO system Request processed successfully
2026-09-19 10:00:03 INFO system Request processed successfully
2026-09-19 10:00:04 INFO system Request processed successfully
2026-09-19 10:00:05 WARN database Query response slow
2026-09-19 10:00:06 INFO system Request processed successfully
2026-09-19 10:00:07 WARN database Query response slow
2026-09-19 10:00:08 INFO system Request processed successfully
2026-09-19 10:00:09 WARN database Query response slow
2026-09-19 10:00:10 INFO system Request processed successfully
2026-09-19 10:00:11 INFO system Request processed successfully
2026-09-19 10:00:12 INFO system Request processed successfully
2026-09-19 10:00:13 INFO system Request processed successfully
2026-09-19 10:00:14 INFO system Request processed successfully
2026-09-19 10:00:15 INFO system Request processed successfully
2026-09-19 10:00:16 INFO system Request processed successfully
2026-09-19 10:00:17 INFO system Request processed successfully
2026-09-19 10:00:18 INFO system Request processed successfully
2026-09-19 10:00:19 INFO system Request processed successfully
2026-09-19 10:00:20 INFO system Request processed successfully
2026-09-19 10:00:21 WARN database Query response slow
2026-09-19 10:00:22 INFO system Request processed successfully
2026-09-19 10:00:23 INFO system Request processed successfully
2026-09-19 10:00:24 INFO system Request processed successfully
2026-09-19 10:00:25 INFO system Request processed successfully
2026-09-19 10:00:26 INFO system Request processed successfully
2026-09-19 10:00:27 INFO system Request processed successfully
2026-09-19 10:00:28 INFO system Request processed successfully
2026-09-19 10:00:29 INFO system Request processed successfully
2026-09-19 10:00:30 INFO system Request processed successfully
2026-09-19 10:00:31 INFO system Request processed successfully
2026-09-19 10:00:32 INFO system Request processed successfully
2026-09-19 10:00:33 INFO system Request processed successfully
2026-09-19 10:00:34 INFO system Request processed successfully
2026-09-19 10:00:35 INFO system Request processed successfully
2026-09-19 10:00:36 INFO system Request processed successfully
2026-09-19 10:00:37 ERROR model Model loading failed
2026-09-19 10:00:38 INFO system Request processed successfully
2026-09-19 10:00:39 INFO system Request processed successfully
2026-09-19 10:00:40 WARN database Query response slow
2026-09-19 10:00:41 WARN database Query response slow
2026-09-19 10:00:42 INFO system Request processed successfully
2026-09-19 10:00:43 INFO system Request processed successfully
2026-09-19 10:00:44 INFO system Request processed successfully
2026-09-19 10:00:45 INFO system Request processed successfully
2026-09-19 10:00:46 WARN database Query response slow
2026-09-19 10:00:47 INFO system Request processed successfully
2026-09-19 10:00:48 ERROR database Connection timeout
2026-09-19 10:00:49 INFO system Request processed successfully
2026-09-19 10:00:50 INFO system Request processed successfully
2026-09-19 10:00:51 INFO system Request processed successfully
2026-09-19 10:00:52 INFO system Request processed successfully
2026-09-19 10:00:53 WARN database Query response slow
2026-09-19 10:00:54 INFO system Request processed successfully
2026-09-19 10:00:55 INFO system Request processed successfully
2026-09-19 10:00:56 INFO system Request processed successfully
2026-09-19 10:00:57 INFO system Request processed successfully
2026-09-19 10:00:58 WARN database Query response slow
2026-09-19 10:00:59 INFO system Request processed successfully
2026-09-19 10:00:00 INFO system Request processed successfully
2026-09-19 10:00:01 INFO system Request processed successfully
2026-09-19 10:00:02 INFO system Request processed successfully
2026-09-19 10:00:03 INFO system Request processed successfully
2026-09-19 10:00:04 INFO system Request processed successfully
2026-09-19 10:00:05 INFO system Request processed successfully
2026-09-19 10:00:06 INFO system Request processed successfully
2026-09-19 10:00:07 INFO system Request processed successfully
2026-09-19 10:00:08 INFO system Request processed successfully
2026-09-19 10:00:09 INFO system Request processed successfully
2026-09-19 10:00:10 INFO system Request processed successfully
2026-09-19 10:00:11 INFO system Request processed successfully
2026-09-19 10:00:12 INFO system Request processed successfully
2026-09-19 10:00:13 WARN database Query response slow
2026-09-19 10:00:14 INFO system Request processed successfully
2026-09-19 10:00:15 INFO system Request processed successfully
2026-09-19 10:00:16 INFO system Request processed successfully
2026-09-19 10:00:17 WARN database Query response slow
2026-09-19 10:00:18 INFO system Request processed successfully
2026-09-19 10:00:19 WARN database Query response slow
2026-09-19 10:00:20 WARN database Query response slow
2026-09-19 10:00:21 WARN database Query response slow
2026-09-19 10:00:22 WARN database Query response slow
2026-09-19 10:00:23 INFO system Request processed successfully
2026-09-19 10:00:24 ERROR database Connection timeout
2026-09-19 10:00:25 INFO system Request processed successfully
2026-09-19 10:00:26 INFO system Request processed successfully
2026-09-19 10:00:27 WARN database Query response slow
2026-09-19 10:00:28 WARN database Query response slow
2026-09-19 10:00:29 INFO system Request processed successfully
2026-09-19 10:00:30 INFO system Request processed successfully
2026-09-19 10:00:31 WARN database Query response slow
2026-09-19 10:00:32 WARN database Query response slow
2026-09-19 10:00:33 WARN database Query response slow
2026-09-19 10:00:34 INFO system Request processed successfully
2026-09-19 10:00:35 WARN database Query response slow
2026-09-19 10:00:36 INFO system Request processed successfully
2026-09-19 10:00:37 WARN database Query response slow
2026-09-19 10:00:38 INFO system Request processed successfully
2026-09-19 10:00:39 INFO system Request processed successfully
2026-09-19 10:00:40 INFO system Request processed successfully
2026-09-19 10:00:41 INFO system Request processed successfully
2026-09-19 10:00:42 INFO system Request processed successfully
2026-09-19 10:00:43 INFO system Request processed successfully
2026-09-19 10:00:44 INFO system Request processed successfully
2026-09-19 10:00:45 INFO system Request processed successfully
2026-09-19 10:00:46 WARN database Query response slow
2026-09-19 10:00:47 INFO system Request processed successfully
2026-09-19 10:00:48 INFO system Request processed successfully
2026-09-19 10:00:49 INFO system Request processed successfully
2026-09-19 10:00:50 INFO system Request processed successfully
2026-09-19 10:00:51 INFO system Request processed successfully
2026-09-19 10:00:52 INFO system Request processed successfully
2026-09-19 10:00:53 WARN database Query response slow
2026-09-19 10:00:54 INFO system Request processed successfully
2026-09-19 10:00:55 INFO system Request processed successfully
2026-09-19 10:00:56 WARN database Query response slow
2026-09-19 10:00:57 INFO system Request processed successfully
2026-09-19 10:00:58 INFO system Request processed successfully
2026-09-19 10:00:59 ERROR auth Authentication failed
2026-09-19 10:00:00 INFO system Request processed successfully
2026-09-19 10:00:01 INFO system Request processed successfully
2026-09-19 10:00:02 INFO system Request processed successfully
2026-09-19 10:00:03 WARN database Query response slow
2026-09-19 10:00:04 INFO system Request processed successfully
2026-09-19 10:00:05 WARN database Query response slow
2026-09-19 10:00:06 INFO system Request processed successfully
2026-09-19 10:00:07 INFO system Request processed successfully
2026-09-19 10:00:08 INFO system Request processed successfully
2026-09-19 10:00:09 INFO system Request processed successfully
2026-09-19 10:00:10 WARN database Query response slow
2026-09-19 10:00:11 INFO system Request processed successfully
2026-09-19 10:00:12 INFO system Request processed successfully
2026-09-19 10:00:13 INFO system Request processed successfully
2026-09-19 10:00:14 INFO system Request processed successfully
2026-09-19 10:00:15 WARN database Query response slow
2026-09-19 10:00:16 ERROR model Model loading failed
2026-09-19 10:00:17 WARN database Query response slow
2026-09-19 10:00:18 INFO system Request processed successfully
2026-09-19 10:00:19 WARN database Query response slow
2026-09-19 10:00:20 ERROR auth Authentication failed
2026-09-19 10:00:21 INFO system Request processed successfully
2026-09-19 10:00:22 INFO system Request processed successfully
2026-09-19 10:00:23 WARN database Query response slow
2026-09-19 10:00:24 WARN database Query response slow
2026-09-19 10:00:25 INFO system Request processed successfully
2026-09-19 10:00:26 INFO system Request processed successfully
2026-09-19 10:00:27 INFO system Request processed successfully
2026-09-19 10:00:28 INFO system Request processed successfully
2026-09-19 10:00:29 INFO system Request processed successfully
2026-09-19 10:00:30 INFO system Request processed successfully
2026-09-19 10:00:31 INFO system Request processed successfully
2026-09-19 10:00:32 INFO system Request processed successfully
2026-09-19 10:00:33 INFO system Request processed successfully
2026-09-19 10:00:34 INFO system Request processed successfully
2026-09-19 10:00:35 INFO system Request processed successfully
2026-09-19 10:00:36 INFO system Request processed successfully
2026-09-19 10:00:37 WARN database Query response slow
2026-09-19 10:00:38 INFO system Request processed successfully
2026-09-19 10:00:39 WARN database Query response slow
2026-09-19 10:00:40 WARN database Query response slow
2026-09-19 10:00:41 INFO system Request processed successfully
2026-09-19 10:00:42 INFO system Request processed successfully
2026-09-19 10:00:43 INFO system Request processed successfully
2026-09-19 10:00:44 INFO system Request processed successfully
2026-09-19 10:00:45 INFO system Request processed successfully
2026-09-19 10:00:46 INFO system Request processed successfully
2026-09-19 10:00:47 INFO system Request processed successfully
2026-09-19 10:00:48 INFO system Request processed successfully
2026-09-19 10:00:49 WARN database Query response slow
2026-09-19 10:00:50 WARN database Query response slow
2026-09-19 10:00:51 INFO system Request processed successfully
2026-09-19 10:00:52 INFO system Request processed successfully
2026-09-19 10:00:53 INFO system Request processed successfully
2026-09-19 10:00:54 INFO system Request processed successfully
2026-09-19 10:00:55 INFO system Request processed successfully
2026-09-19 10:00:56 INFO system Request processed successfully
2026-09-19 10:00:57 WARN database Query response slow
2026-09-19 10:00:58 INFO system Request processed successfully
2026-09-19 10:00:59 INFO system Request processed successfully
2026-09-19 10:00:00 INFO system Request processed successfully
2026-09-19 10:00:01 INFO system Request processed successfully
2026-09-19 10:00:02 INFO system Request processed successfully
2026-09-19 10:00:03 WARN database Query response slow
2026-09-19 10:00:04 INFO system Request processed successfully
2026-09-19 10:00:05 INFO system Request processed successfully
2026-09-19 10:00:06 WARN database Query response slow
2026-09-19 10:00:07 INFO system Request processed successfully
2026-09-19 10:00:08 INFO system Request processed successfully
2026-09-19 10:00:09 INFO system Request processed successfully
2026-09-19 10:00:10 WARN database Query response slow
2026-09-19 10:00:11 INFO system Request processed successfully
2026-09-19 10:00:12 INFO system Request processed successfully
2026-09-19 10:00:13 INFO system Request processed successfully
2026-09-19 10:00:14 INFO system Request processed successfully
2026-09-19 10:00:15 INFO system Request processed successfully
2026-09-19 10:00:16 INFO system Request processed successfully
2026-09-19 10:00:17 INFO system Request processed successfully
2026-09-19 10:00:18 INFO system Request processed successfully
2026-09-19 10:00:19 INFO system Request processed successfully
2026-09-19 10:00:20 INFO system Request processed successfully
2026-09-19 10:00:21 INFO system Request processed successfully
2026-09-19 10:00:22 INFO system Request processed successfully
2026-09-19 10:00:23 INFO system Request processed successfully
2026-09-19 10:00:24 WARN database Query response slow
2026-09-19 10:00:25 INFO system Request processed successfully
2026-09-19 10:00:26 INFO system Request processed successfully
2026-09-19 10:00:27 INFO system Request processed successfully
2026-09-19 10:00:28 INFO system Request processed successfully
2026-09-19 10:00:29 WARN database Query response slow
2026-09-19 10:00:30 WARN database Query response slow
2026-09-19 10:00:31 ERROR model Model loading failed
2026-09-19 10:00:32 INFO system Request processed successfully
2026-09-19 10:00:33 WARN database Query response slow
2026-09-19 10:00:34 INFO system Request processed successfully
2026-09-19 10:00:35 WARN database Query response slow
2026-09-19 10:00:36 WARN database Query response slow
2026-09-19 10:00:37 INFO system Request processed successfully
2026-09-19 10:00:38 INFO system Request processed successfully
2026-09-19 10:00:39 WARN database Query response slow
2026-09-19 10:00:40 INFO system Request processed successfully
2026-09-19 10:00:41 INFO system Request processed successfully
2026-09-19 10:00:42 INFO system Request processed successfully
2026-09-19 10:00:43 INFO system Request processed successfully
2026-09-19 10:00:44 INFO system Request processed successfully
2026-09-19 10:00:45 INFO system Request processed successfully
2026-09-19 10:00:46 INFO system Request processed successfully
2026-09-19 10:00:47 INFO system Request processed successfully
2026-09-19 10:00:48 INFO system Request processed successfully
2026-09-19 10:00:49 INFO system Request processed successfully
2026-09-19 10:00:50 INFO system Request processed successfully
2026-09-19 10:00:51 INFO system Request processed successfully
2026-09-19 10:00:52 INFO system Request processed successfully
2026-09-19 10:00:53 INFO system Request processed successfully
2026-09-19 10:00:54 INFO system Request processed successfully
2026-09-19 10:00:55 INFO system Request processed successfully
2026-09-19 10:00:56 INFO system Request processed successfully
2026-09-19 10:00:57 WARN database Query response slow
2026-09-19 10:00:58 INFO system Request processed successfully
2026-09-19 10:00:59 INFO system Request processed successfully
2026-09-19 10:00:00 WARN database Query response slow
2026-09-19 10:00:01 INFO system Request processed successfully
2026-09-19 10:00:02 WARN database Query response slow
2026-09-19 10:00:03 WARN database Query response slow
2026-09-19 10:00:04 INFO system Request processed successfully
2026-09-19 10:00:05 INFO system Request processed successfully
2026-09-19 10:00:06 INFO system Request processed successfully
2026-09-19 10:00:07 ERROR model Model loading failed
2026-09-19 10:00:08 INFO system Request processed successfully
2026-09-19 10:00:09 INFO system Request processed successfully
2026-09-19 10:00:10 ERROR model Model loading failed
2026-09-19 10:00:11 INFO system Request processed successfully
2026-09-19 10:00:12 INFO system Request processed successfully
2026-09-19 10:00:13 INFO system Request processed successfully
2026-09-19 10:00:14 INFO system Request processed successfully
2026-09-19 10:00:15 WARN database Query response slow
2026-09-19 10:00:16 INFO system Request processed successfully
2026-09-19 10:00:17 ERROR auth Authentication failed
2026-09-19 10:00:18 INFO system Request processed successfully
2026-09-19 10:00:19 WARN database Query response slow
2026-09-19 10:00:20 INFO system Request processed successfully
2026-09-19 10:00:21 ERROR database Connection timeout
2026-09-19 10:00:22 INFO system Request processed successfully
2026-09-19 10:00:23 INFO system Request processed successfully
2026-09-19 10:00:24 WARN database Query response slow
2026-09-19 10:00:25 ERROR model Model loading failed
2026-09-19 10:00:26 INFO system Request processed successfully
2026-09-19 10:00:27 INFO system Request processed successfully
2026-09-19 10:00:28 WARN database Query response slow
2026-09-19 10:00:29 INFO system Request processed successfully
2026-09-19 10:00:30 INFO system Request processed successfully
2026-09-19 10:00:31 INFO system Request processed successfully
2026-09-19 10:00:32 INFO system Request processed successfully
2026-09-19 10:00:33 INFO system Request processed successfully
2026-09-19 10:00:34 INFO system Request processed successfully
2026-09-19 10:00:35 WARN database Query response slow
2026-09-19 10:00:36 WARN database Query response slow
2026-09-19 10:00:37 INFO system Request processed successfully
2026-09-19 10:00:38 INFO system Request processed successfully
2026-09-19 10:00:39 WARN database Query response slow
2026-09-19 10:00:40 INFO system Request processed successfully
2026-09-19 10:00:41 INFO system Request processed successfully
2026-09-19 10:00:42 WARN database Query response slow
2026-09-19 10:00:43 INFO system Request processed successfully
2026-09-19 10:00:44 INFO system Request processed successfully
2026-09-19 10:00:45 INFO system Request processed successfully
2026-09-19 10:00:46 INFO system Request processed successfully
2026-09-19 10:00:47 INFO system Request processed successfully
2026-09-19 10:00:48 INFO system Request processed successfully
2026-09-19 10:00:49 INFO system Request processed successfully
2026-09-19 10:00:50 INFO system Request processed successfully
2026-09-19 10:00:51 INFO system Request processed successfully
2026-09-19 10:00:52 INFO system Request processed successfully
2026-09-19 10:00:53 INFO system Request processed successfully
2026-09-19 10:00:54 INFO system Request processed successfully
2026-09-19 10:00:55 INFO system Request processed successfully
2026-09-19 10:00:56 INFO system Request processed successfully
2026-09-19 10:00:57 ERROR database Connection timeout
2026-09-19 10:00:58 WARN database Query response slow
2026-09-19 10:00:59 INFO system Request processed successfully
2026-09-19 10:00:00 ERROR database Connection timeout
2026-09-19 10:00:01 INFO system Request processed successfully
2026-09-19 10:00:02 WARN database Query response slow
2026-09-19 10:00:03 INFO system Request processed successfully
2026-09-19 10:00:04 INFO system Request processed successfully
2026-09-19 10:00:05 INFO system Request processed successfully
2026-09-19 10:00:06 WARN database Query response slow
2026-09-19 10:00:07 INFO system Request processed successfully
2026-09-19 10:00:08 INFO system Request processed successfully
2026-09-19 10:00:09 INFO system Request processed successfully
2026-09-19 10:00:10 INFO system Request processed successfully
2026-09-19 10:00:11 INFO system Request processed successfully
2026-09-19 10:00:12 INFO system Request processed successfully
2026-09-19 10:00:13 INFO system Request processed successfully
2026-09-19 10:00:14 INFO system Request processed successfully
2026-09-19 10:00:15 ERROR database Connection timeout
2026-09-19 10:00:16 INFO system Request processed successfully
2026-09-19 10:00:17 INFO system Request processed successfully
2026-09-19 10:00:18 ERROR database Connection timeout
2026-09-19 10:00:19 INFO system Request processed successfully
2026-09-19 10:00:20 INFO system Request processed successfully
2026-09-19 10:00:21 INFO system Request processed successfully
2026-09-19 10:00:22 INFO system Request processed successfully
2026-09-19 10:00:23 INFO system Request processed successfully
2026-09-19 10:00:24 INFO system Request processed successfully
2026-09-19 10:00:25 INFO system Request processed successfully
2026-09-19 10:00:26 INFO system Request processed successfully
2026-09-19 10:00:27 INFO system Request processed successfully
2026-09-19 10:00:28 INFO system Request processed successfully
2026-09-19 10:00:29 INFO system Request processed successfully
2026-09-19 10:00:30 ERROR database Connection timeout
2026-09-19 10:00:31 WARN database Query response slow
2026-09-19 10:00:32 INFO system Request processed successfully
2026-09-19 10:00:33 INFO system Request processed successfully
2026-09-19 10:00:34 INFO system Request processed successfully
2026-09-19 10:00:35 INFO system Request processed successfully
2026-09-19 10:00:36 WARN database Query response slow
2026-09-19 10:00:37 INFO system Request processed successfully
2026-09-19 10:00:38 INFO system Request processed successfully
2026-09-19 10:00:39 WARN database Query response slow
2026-09-19 10:00:40 WARN database Query response slow
2026-09-19 10:00:41 INFO system Request processed successfully
2026-09-19 10:00:42 ERROR database Connection timeout
2026-09-19 10:00:43 WARN database Query response slow
2026-09-19 10:00:44 INFO system Request processed successfully
2026-09-19 10:00:45 INFO system Request processed successfully
2026-09-19 10:00:46 INFO system Request processed successfully
2026-09-19 10:00:47 INFO system Request processed successfully
2026-09-19 10:00:48 INFO system Request processed successfully
2026-09-19 10:00:49 WARN database Query response slow
2026-09-19 10:00:50 WARN database Query response slow
2026-09-19 10:00:51 INFO system Request processed successfully
2026-09-19 10:00:52 INFO system Request processed successfully
2026-09-19 10:00:53 INFO system Request processed successfully
2026-09-19 10:00:54 INFO system Request processed successfully
2026-09-19 10:00:55 INFO system Request processed successfully
2026-09-19 10:00:56 INFO system Request processed successfully
2026-09-19 10:00:57 INFO system Request processed successfully
2026-09-19 10:00:58 INFO system Request processed successfully
2026-09-19 10:00:59 INFO system Request processed successfully
2026-09-19 10:00:00 INFO system Request processed successfully
2026-09-19 10:00:01 INFO system Request processed successfully
2026-09-19 10:00:02 WARN database Query response slow
2026-09-19 10:00:03 WARN database Query response slow
2026-09-19 10:00:04 ERROR model Model loading failed
2026-09-19 10:00:05 INFO system Request processed successfully
2026-09-19 10:00:06 INFO system Request processed successfully
2026-09-19 10:00:07 WARN database Query response slow
2026-09-19 10:00:08 WARN database Query response slow
2026-09-19 10:00:09 INFO system Request processed successfully
2026-09-19 10:00:10 INFO system Request processed successfully
2026-09-19 10:00:11 INFO system Request processed successfully
2026-09-19 10:00:12 INFO system Request processed successfully
2026-09-19 10:00:13 INFO system Request processed successfully
2026-09-19 10:00:14 INFO system Request processed successfully
2026-09-19 10:00:15 INFO system Request processed successfully
2026-09-19 10:00:16 INFO system Request processed successfully
2026-09-19 10:00:17 INFO system Request processed successfully
2026-09-19 10:00:18 INFO system Request processed successfully
2026-09-19 10:00:19 INFO system Request processed successfully
2026-09-19 10:00:20 INFO system Request processed successfully
2026-09-19 10:00:21 INFO system Request processed successfully
2026-09-19 10:00:22 INFO system Request processed successfully
2026-09-19 10:00:23 INFO system Request processed successfully
2026-09-19 10:00:24 INFO system Request processed successfully
2026-09-19 10:00:25 INFO system Request processed successfully
2026-09-19 10:00:26 INFO system Request processed successfully
2026-09-19 10:00:27 INFO system Request processed successfully
2026-09-19 10:00:28 INFO system Request processed successfully
2026-09-19 10:00:29 WARN database Query response slow
2026-09-19 10:00:30 INFO system Request processed successfully
2026-09-19 10:00:31 INFO system Request processed successfully
2026-09-19 10:00:32 INFO system Request processed successfully
2026-09-19 10:00:33 INFO system Request processed successfully
2026-09-19 10:00:34 INFO system Request processed successfully
2026-09-19 10:00:35 INFO system Request processed successfully
2026-09-19 10:00:36 WARN database Query response slow
2026-09-19 10:00:37 ERROR model Model loading failed
2026-09-19 10:00:38 INFO system Request processed successfully
2026-09-19 10:00:39 WARN database Query response slow
2026-09-19 10:00:40 INFO system Request processed successfully
2026-09-19 10:00:41 INFO system Request processed successfully
2026-09-19 10:00:42 INFO system Request processed successfully
2026-09-19 10:00:43 INFO system Request processed successfully
2026-09-19 10:00:44 INFO system Request processed successfully
2026-09-19 10:00:45 INFO system Request processed successfully
2026-09-19 10:00:46 INFO system Request processed successfully
2026-09-19 10:00:47 INFO system Request processed successfully
2026-09-19 10:00:48 WARN database Query response slow
2026-09-19 10:00:49 INFO system Request processed successfully
2026-09-19 10:00:50 INFO system Request processed successfully
2026-09-19 10:00:51 WARN database Query response slow
2026-09-19 10:00:52 INFO system Request processed successfully
2026-09-19 10:00:53 INFO system Request processed successfully
2026-09-19 10:00:54 WARN database Query response slow
2026-09-19 10:00:55 INFO system Request processed successfully
2026-09-19 10:00:56 WARN database Query response slow
2026-09-19 10:00:57 INFO system Request processed successfully
2026-09-19 10:00:58 INFO system Request processed successfully
2026-09-19 10:00:59 INFO system Request processed successfully
2026-09-19 10:00:00 INFO system Request processed successfully
2026-09-19 10:00:01 INFO system Request processed successfully
2026-09-19 10:00:02 INFO system Request processed successfully
2026-09-19 10:00:03 INFO system Request processed successfully
2026-09-19 10:00:04 INFO system Request processed successfully
2026-09-19 10:00:05 WARN database Query response slow
2026-09-19 10:00:06 INFO system Request processed successfully
2026-09-19 10:00:07 INFO system Request processed successfully
2026-09-19 10:00:08 WARN database Query response slow
2026-09-19 10:00:09 INFO system Request processed successfully
2026-09-19 10:00:10 INFO system Request processed successfully
2026-09-19 10:00:11 INFO system Request processed successfully
2026-09-19 10:00:12 WARN database Query response slow
2026-09-19 10:00:13 INFO system Request processed successfully
2026-09-19 10:00:14 INFO system Request processed successfully
2026-09-19 10:00:15 WARN database Query response slow
2026-09-19 10:00:16 WARN database Query response slow
2026-09-19 10:00:17 INFO system Request processed successfully
2026-09-19 10:00:18 INFO system Request processed successfully
2026-09-19 10:00:19 INFO system Request processed successfully
2026-09-19 10:00:20 INFO system Request processed successfully
2026-09-19 10:00:21 INFO system Request processed successfully
2026-09-19 10:00:22 INFO system Request processed successfully
2026-09-19 10:00:23 INFO system Request processed successfully
2026-09-19 10:00:24 WARN database Query response slow
2026-09-19 10:00:25 INFO system Request processed successfully
2026-09-19 10:00:26 WARN database Query response slow
2026-09-19 10:00:27 INFO system Request processed successfully
2026-09-19 10:00:28 INFO system Request processed successfully
2026-09-19 10:00:29 INFO system Request processed successfully
2026-09-19 10:00:30 INFO system Request processed successfully
2026-09-19 10:00:31 INFO system Request processed successfully
2026-09-19 10:00:32 INFO system Request processed successfully
2026-09-19 10:00:33 INFO system Request processed successfully
2026-09-19 10:00:34 WARN database Query response slow
2026-09-19 10:00:35 INFO system Request processed successfully
2026-09-19 10:00:36 INFO system Request processed successfully
2026-09-19 10:00:37 INFO system Request processed successfully
2026-09-19 10:00:38 INFO system Request processed successfully
2026-09-19 10:00:39 INFO system Request processed successfully
2026-09-19 10:00:40 INFO system Request processed successfully
2026-09-19 10:00:41 INFO system Request processed successfully
2026-09-19 10:00:42 INFO system Request processed successfully
2026-09-19 10:00:43 INFO system Request processed successfully
2026-09-19 10:00:44 INFO system Request processed successfully
2026-09-19 10:00:45 INFO system Request processed successfully
2026-09-19 10:00:46 INFO system Request processed successfully
2026-09-19 10:00:47 INFO system Request processed successfully
2026-09-19 10:00:48 INFO system Request processed successfully
2026-09-19 10:00:49 INFO system Request processed successfully
2026-09-19 10:00:50 INFO system Request processed successfully
2026-09-19 10:00:51 INFO system Request processed successfully
2026-09-19 10:00:52 INFO system Request processed successfully
2026-09-19 10:00:53 INFO system Request processed successfully
2026-09-19 10:00:54 WARN database Query response slow
2026-09-19 10:00:55 INFO system Request processed successfully
2026-09-19 10:00:56 WARN database Query response slow
2026-09-19 10:00:57 INFO system Request processed successfully
2026-09-19 10:00:58 INFO system Request processed successfully
2026-09-19 10:00:59 INFO system Request processed successfully
2026-09-19 10:00:00 INFO system Request processed successfully
2026-09-19 10:00:01 INFO system Request processed successfully
2026-09-19 10:00:02 INFO system Request processed successfully
2026-09-19 10:00:03 INFO system Request processed successfully
2026-09-19 10:00:04 INFO system Request processed successfully
2026-09-19 10:00:05 INFO system Request processed successfully
2026-09-19 10:00:06 INFO system Request processed successfully
2026-09-19 10:00:07 INFO system Request processed successfully
2026-09-19 10:00:08 INFO system Request processed successfully
2026-09-19 10:00:09 WARN database Query response slow
2026-09-19 10:00:10 INFO system Request processed successfully
2026-09-19 10:00:11 INFO system Request processed successfully
2026-09-19 10:00:12 INFO system Request processed successfully
2026-09-19 10:00:13 INFO system Request processed successfully
2026-09-19 10:00:14 INFO system Request processed successfully
2026-09-19 10:00:15 INFO system Request processed successfully
2026-09-19 10:00:16 INFO system Request processed successfully
2026-09-19 10:00:17 INFO system Request processed successfully
2026-09-19 10:00:18 INFO system Request processed successfully
2026-09-19 10:00:19 INFO system Request processed successfully
2026-09-19 10:00:20 INFO system Request processed successfully
2026-09-19 10:00:21 INFO system Request processed successfully
2026-09-19 10:00:22 WARN database Query response slow
2026-09-19 10:00:23 INFO system Request processed successfully
2026-09-19 10:00:24 INFO system Request processed successfully
2026-09-19 10:00:25 WARN database Query response slow
2026-09-19 10:00:26 INFO system Request processed successfully
2026-09-19 10:00:27 WARN database Query response slow
2026-09-19 10:00:28 ERROR model Model loading failed
2026-09-19 10:00:29 ERROR auth Authentication failed
2026-09-19 10:00:30 WARN database Query response slow
2026-09-19 10:00:31 INFO system Request processed successfully
2026-09-19 10:00:32 INFO system Request processed successfully
2026-09-19 10:00:33 INFO system Request processed successfully
2026-09-19 10:00:34 WARN database Query response slow
2026-09-19 10:00:35 ERROR auth Authentication failed
2026-09-19 10:00:36 INFO system Request processed successfully
2026-09-19 10:00:37 INFO system Request processed successfully
2026-09-19 10:00:38 INFO system Request processed successfully
2026-09-19 10:00:39 INFO system Request processed successfully
2026-09-19 10:00:40 INFO system Request processed successfully
2026-09-19 10:00:41 INFO system Request processed successfully
2026-09-19 10:00:42 INFO system Request processed successfully
2026-09-19 10:00:43 INFO system Request processed successfully
2026-09-19 10:00:44 INFO system Request processed successfully
2026-09-19 10:00:45 INFO system Request processed successfully
2026-09-19 10:00:46 ERROR model Model loading failed
2026-09-19 10:00:47 INFO system Request processed successfully
2026-09-19 10:00:48 INFO system Request processed successfully
2026-09-19 10:00:49 INFO system Request processed successfully
2026-09-19 10:00:50 INFO system Request processed successfully
2026-09-19 10:00:51 INFO system Request processed successfully
2026-09-19 10:00:52 INFO system Request processed successfully
2026-09-19 10:00:53 INFO system Request processed successfully
2026-09-19 10:00:54 INFO system Request processed successfully
2026-09-19 10:00:55 INFO system Request processed successfully
2026-09-19 10:00:56 INFO system Request processed successfully
2026-09-19 10:00:57 INFO system Request processed successfully
2026-09-19 10:00:58 INFO system Request processed successfully
2026-09-19 10:00:59 INFO system Request processed successfully
2026-09-19 10:00:00 INFO system Request processed successfully
2026-09-19 10:00:01 INFO system Request processed successfully
2026-09-19 10:00:02 INFO system Request processed successfully
2026-09-19 10:00:03 INFO system Request processed successfully
2026-09-19 10:00:04 INFO system Request processed successfully
2026-09-19 10:00:05 INFO system Request processed successfully
2026-09-19 10:00:06 INFO system Request processed successfully
2026-09-19 10:00:07 INFO system Request processed successfully
2026-09-19 10:00:08 INFO system Request processed successfully
2026-09-19 10:00:09 WARN database Query response slow
2026-09-19 10:00:10 INFO system Request processed successfully
2026-09-19 10:00:11 INFO system Request processed successfully
2026-09-19 10:00:12 WARN database Query response slow
2026-09-19 10:00:13 INFO system Request processed successfully
2026-09-19 10:00:14 INFO system Request processed successfully
2026-09-19 10:00:15 INFO system Request processed successfully
2026-09-19 10:00:16 INFO system Request processed successfully
2026-09-19 10:00:17 INFO system Request processed successfully
2026-09-19 10:00:18 INFO system Request processed successfully
2026-09-19 10:00:19 INFO system Request processed successfully
2026-09-19 10:00:20 WARN database Query response slow
2026-09-19 10:00:21 INFO system Request processed successfully
2026-09-19 10:00:22 INFO system Request processed successfully
2026-09-19 10:00:23 INFO system Request processed successfully
2026-09-19 10:00:24 INFO system Request processed successfully
2026-09-19 10:00:25 INFO system Request processed successfully
2026-09-19 10:00:26 INFO system Request processed successfully
2026-09-19 10:00:27 ERROR database Connection timeout
2026-09-19 10:00:28 ERROR model Model loading failed
2026-09-19 10:00:29 INFO system Request processed successfully
2026-09-19 10:00:30 INFO system Request processed successfully
2026-09-19 10:00:31 INFO system Request processed successfully
2026-09-19 10:00:32 WARN database Query response slow
2026-09-19 10:00:33 INFO system Request processed successfully
2026-09-19 10:00:34 INFO system Request processed successfully
2026-09-19 10:00:35 INFO system Request processed successfully
2026-09-19 10:00:36 INFO system Request processed successfully
2026-09-19 10:00:37 INFO system Request processed successfully
2026-09-19 10:00:38 INFO system Request processed successfully
2026-09-19 10:00:39 INFO system Request processed successfully
2026-09-19 10:00:40 INFO system Request processed successfully
2026-09-19 10:00:41 WARN database Query response slow
2026-09-19 10:00:42 INFO system Request processed successfully
2026-09-19 10:00:43 INFO system Request processed successfully
2026-09-19 10:00:44 INFO system Request processed successfully
2026-09-19 10:00:45 WARN database Query response slow
2026-09-19 10:00:46 INFO system Request processed successfully
2026-09-19 10:00:47 INFO system Request processed successfully
2026-09-19 10:00:48 INFO system Request processed successfully
2026-09-19 10:00:49 INFO system Request processed successfully
2026-09-19 10:00:50 INFO system Request processed successfully
2026-09-19 10:00:51 INFO system Request processed successfully
2026-09-19 10:00:52 INFO system Request processed successfully
2026-09-19 10:00:53 INFO system Request processed successfully
2026-09-19 10:00:54 INFO system Request processed successfully
2026-09-19 10:00:55 INFO system Request processed successfully
2026-09-19 10:00:56 INFO system Request processed successfully
2026-09-19 10:00:57 WARN database Query response slow
2026-09-19 10:00:58 INFO system Request processed successfully
2026-09-19 10:00:59 INFO system Request processed successfully
2026-09-19 10:00:00 INFO system Request processed successfully
2026-09-19 10:00:01 WARN database Query response slow
2026-09-19 10:00:02 WARN database Query response slow
2026-09-19 10:00:03 INFO system Request processed successfully
2026-09-19 10:00:04 INFO system Request processed successfully
2026-09-19 10:00:05 WARN database Query response slow
2026-09-19 10:00:06 INFO system Request processed successfully
2026-09-19 10:00:07 INFO system Request processed successfully
2026-09-19 10:00:08 INFO system Request processed successfully
2026-09-19 10:00:09 ERROR database Connection timeout
2026-09-19 10:00:10 INFO system Request processed successfully
2026-09-19 10:00:11 INFO system Request processed successfully
2026-09-19 10:00:12 INFO system Request processed successfully
2026-09-19 10:00:13 INFO system Request processed successfully
2026-09-19 10:00:14 INFO system Request processed successfully
2026-09-19 10:00:15 INFO system Request processed successfully
2026-09-19 10:00:16 WARN database Query response slow
2026-09-19 10:00:17 WARN database Query response slow
2026-09-19 10:00:18 INFO system Request processed successfully
2026-09-19 10:00:19 INFO system Request processed successfully
2026-09-19 10:00:20 ERROR auth Authentication failed
2026-09-19 10:00:21 INFO system Request processed successfully
2026-09-19 10:00:22 INFO system Request processed successfully
2026-09-19 10:00:23 ERROR auth Authentication failed
2026-09-19 10:00:24 INFO system Request processed successfully
2026-09-19 10:00:25 WARN database Query response slow
2026-09-19 10:00:26 WARN database Query response slow
2026-09-19 10:00:27 INFO system Request processed successfully
2026-09-19 10:00:28 INFO system Request processed successfully
2026-09-19 10:00:29 WARN database Query response slow
2026-09-19 10:00:30 INFO system Request processed successfully
2026-09-19 10:00:31 WARN database Query response slow
2026-09-19 10:00:32 INFO system Request processed successfully
2026-09-19 10:00:33 INFO system Request processed successfully
2026-09-19 10:00:34 INFO system Request processed successfully
2026-09-19 10:00:35 INFO system Request processed successfully
2026-09-19 10:00:36 WARN database Query response slow
2026-09-19 10:00:37 INFO system Request processed successfully
2026-09-19 10:00:38 INFO system Request processed successfully
2026-09-19 10:00:39 INFO system Request processed successfully
2026-09-19 10:00:40 INFO system Request processed successfully
2026-09-19 10:00:41 INFO system Request processed successfully
2026-09-19 10:00:42 INFO system Request processed successfully
2026-09-19 10:00:43 INFO system Request processed successfully
2026-09-19 10:00:44 INFO system Request processed successfully
2026-09-19 10:00:45 INFO system Request processed successfully
2026-09-19 10:00:46 INFO system Request processed successfully
2026-09-19 10:00:47 WARN database Query response slow
2026-09-19 10:00:48 INFO system Request processed successfully
2026-09-19 10:00:49 INFO system Request processed successfully
2026-09-19 10:00:50 ERROR auth Authentication failed
2026-09-19 10:00:51 WARN database Query response slow
2026-09-19 10:00:52 INFO system Request processed successfully
2026-09-19 10:00:53 INFO system Request processed successfully
2026-09-19 10:00:54 INFO system Request processed successfully
2026-09-19 10:00:55 WARN database Query response slow
2026-09-19 10:00:56 ERROR auth Authentication failed
2026-09-19 10:00:57 WARN database Query response slow
2026-09-19 10:00:58 INFO system Request processed successfully
2026-09-19 10:00:59 INFO system Request processed successfully
2026-09-19 10:00:00 INFO system Request processed successfully
2026-09-19 10:00:01 INFO system Request processed successfully
2026-09-19 10:00:02 INFO system Request processed successfully
2026-09-19 10:00:03 INFO system Request processed successfully
2026-09-19 10:00:04 ERROR model Model loading failed
2026-09-19 10:00:05 WARN database Query response slow
2026-09-19 10:00:06 INFO system Request processed successfully
2026-09-19 10:00:07 INFO system Request processed successfully
2026-09-19 10:00:08 INFO system Request processed successfully
2026-09-19 10:00:09 ERROR database Connection timeout
2026-09-19 10:00:10 ERROR model Model loading failed
2026-09-19 10:00:11 INFO system Request processed successfully
2026-09-19 10:00:12 WARN database Query response slow
2026-09-19 10:00:13 INFO system Request processed successfully
2026-09-19 10:00:14 INFO system Request processed successfully
2026-09-19 10:00:15 INFO system Request processed successfully
2026-09-19 10:00:16 INFO system Request processed successfully
2026-09-19 10:00:17 WARN database Query response slow
2026-09-19 10:00:18 INFO system Request processed successfully
2026-09-19 10:00:19 ERROR model Model loading failed
2026-09-19 10:00:20 INFO system Request processed successfully
2026-09-19 10:00:21 WARN database Query response slow
2026-09-19 10:00:22 INFO system Request processed successfully
2026-09-19 10:00:23 INFO system Request processed successfully
2026-09-19 10:00:24 INFO system Request processed successfully
2026-09-19 10:00:25 WARN database Query response slow
2026-09-19 10:00:26 ERROR auth Authentication failed
2026-09-19 10:00:27 INFO system Request processed successfully
2026-09-19 10:00:28 INFO system Request processed successfully
2026-09-19 10:00:29 INFO system Request processed successfully
2026-09-19 10:00:30 INFO system Request processed successfully
2026-09-19 10:00:31 WARN database Query response slow
2026-09-19 10:00:32 INFO system Request processed successfully
2026-09-19 10:00:33 WARN database Query response slow
2026-09-19 10:00:34 INFO system Request processed successfully
2026-09-19 10:00:35 INFO system Request processed successfully
2026-09-19 10:00:36 INFO system Request processed successfully
2026-09-19 10:00:37 INFO system Request processed successfully
2026-09-19 10:00:38 INFO system Request processed successfully
2026-09-19 10:00:39 INFO system Request processed successfully
2026-09-19 10:00:40 WARN database Query response slow
2026-09-19 10:00:41 INFO system Request processed successfully
2026-09-19 10:00:42 WARN database Query response slow
2026-09-19 10:00:43 INFO system Request processed successfully
2026-09-19 10:00:44 INFO system Request processed successfully
2026-09-19 10:00:45 INFO system Request processed successfully
2026-09-19 10:00:46 INFO system Request processed successfully
2026-09-19 10:00:47 ERROR auth Authentication failed
2026-09-19 10:00:48 INFO system Request processed successfully
2026-09-19 10:00:49 INFO system Request processed successfully
2026-09-19 10:00:50 INFO system Request processed successfully
2026-09-19 10:00:51 WARN database Query response slow
2026-09-19 10:00:52 INFO system Request processed successfully
2026-09-19 10:00:53 WARN database Query response slow
2026-09-19 10:00:54 INFO system Request processed successfully
2026-09-19 10:00:55 INFO system Request processed successfully
2026-09-19 10:00:56 INFO system Request processed successfully
2026-09-19 10:00:57 INFO system Request processed successfully
2026-09-19 10:00:58 ERROR model Model loading failed
2026-09-19 10:00:59 INFO system Request processed successfully
2026-09-19 10:00:00 INFO system Request processed successfully
2026-09-19 10:00:01 INFO system Request processed successfully
2026-09-19 10:00:02 INFO system Request processed successfully
2026-09-19 10:00:03 INFO system Request processed successfully
2026-09-19 10:00:04 INFO system Request processed successfully
2026-09-19 10:00:05 INFO system Request processed successfully
2026-09-19 10:00:06 INFO system Request processed successfully
2026-09-19 10:00:07 INFO system Request processed successfully
2026-09-19 10:00:08 INFO system Request processed successfully
2026-09-19 10:00:09 INFO system Request processed successfully
2026-09-19 10:00:10 ERROR model Model loading failed
2026-09-19 10:00:11 INFO system Request processed successfully
2026-09-19 10:00:12 INFO system Request processed successfully
2026-09-19 10:00:13 INFO system Request processed successfully
2026-09-19 10:00:14 INFO system Request processed successfully
2026-09-19 10:00:15 ERROR database Connection timeout
2026-09-19 10:00:16 INFO system Request processed successfully
2026-09-19 10:00:17 INFO system Request processed successfully
2026-09-19 10:00:18 INFO system Request processed successfully
2026-09-19 10:00:19 INFO system Request processed successfully
2026-09-19 10:00:20 INFO system Request processed successfully
2026-09-19 10:00:21 INFO system Request processed successfully
2026-09-19 10:00:22 ERROR model Model loading failed
2026-09-19 10:00:23 INFO system Request processed successfully
2026-09-19 10:00:24 INFO system Request processed successfully
2026-09-19 10:00:25 INFO system Request processed successfully
2026-09-19 10:00:26 INFO system Request processed successfully
2026-09-19 10:00:27 INFO system Request processed successfully
2026-09-19 10:00:28 WARN database Query response slow
2026-09-19 10:00:29 WARN database Query response slow
2026-09-19 10:00:30 INFO system Request processed successfully
2026-09-19 10:00:31 INFO system Request processed successfully
2026-09-19 10:00:32 INFO system Request processed successfully
2026-09-19 10:00:33 INFO system Request processed successfully
2026-09-19 10:00:34 INFO system Request processed successfully
2026-09-19 10:00:35 INFO system Request processed successfully
2026-09-19 10:00:36 INFO system Request processed successfully
2026-09-19 10:00:37 WARN database Query response slow
2026-09-19 10:00:38 INFO system Request processed successfully
2026-09-19 10:00:39 INFO system Request processed successfully
2026-09-19 10:00:40 INFO system Request processed successfully
2026-09-19 10:00:41 WARN database Query response slow
2026-09-19 10:00:42 INFO system Request processed successfully
2026-09-19 10:00:43 INFO system Request processed successfully
2026-09-19 10:00:44 INFO system Request processed successfully
2026-09-19 10:00:45 WARN database Query response slow
2026-09-19 10:00:46 INFO system Request processed successfully
2026-09-19 10:00:47 INFO system Request processed successfully
2026-09-19 10:00:48 INFO system Request processed successfully
2026-09-19 10:00:49 INFO system Request processed successfully
2026-09-19 10:00:50 INFO system Request processed successfully
2026-09-19 10:00:51 WARN database Query response slow
2026-09-19 10:00:52 INFO system Request processed successfully
2026-09-19 10:00:53 WARN database Query response slow
2026-09-19 10:00:54 INFO system Request processed successfully
2026-09-19 10:00:55 INFO system Request processed successfully
2026-09-19 10:00:56 INFO system Request processed successfully
2026-09-19 10:00:57 ERROR database Connection timeout
2026-09-19 10:00:58 INFO system Request processed successfully
2026-09-19 10:00:59 INFO system Request processed successfully
2026-09-19 10:00:00 INFO system Request processed successfully
2026-09-19 10:00:01 INFO system Request processed successfully
2026-09-19 10:00:02 INFO system Request processed successfully
2026-09-19 10:00:03 INFO system Request processed successfully
2026-09-19 10:00:04 INFO system Request processed successfully
2026-09-19 10:00:05 INFO system Request processed successfully
2026-09-19 10:00:06 INFO system Request processed successfully
2026-09-19 10:00:07 INFO system Request processed successfully
2026-09-19 10:00:08 ERROR auth Authentication failed
2026-09-19 10:00:09 INFO system Request processed successfully
2026-09-19 10:00:10 WARN database Query response slow
2026-09-19 10:00:11 WARN database Query response slow
2026-09-19 10:00:12 WARN database Query response slow
2026-09-19 10:00:13 INFO system Request processed successfully
2026-09-19 10:00:14 INFO system Request processed successfully
2026-09-19 10:00:15 INFO system Request processed successfully
2026-09-19 10:00:16 WARN database Query response slow
2026-09-19 10:00:17 WARN database Query response slow
2026-09-19 10:00:18 INFO system Request processed successfully
2026-09-19 10:00:19 INFO system Request processed successfully
2026-09-19 10:00:20 INFO system Request processed successfully
2026-09-19 10:00:21 WARN database Query response slow
2026-09-19 10:00:22 INFO system Request processed successfully
2026-09-19 10:00:23 INFO system Request processed successfully
2026-09-19 10:00:24 INFO system Request processed successfully
2026-09-19 10:00:25 WARN database Query response slow
2026-09-19 10:00:26 INFO system Request processed successfully
2026-09-19 10:00:27 INFO system Request processed successfully
2026-09-19 10:00:28 INFO system Request processed successfully
2026-09-19 10:00:29 WARN database Query response slow
2026-09-19 10:00:30 INFO system Request processed successfully
2026-09-19 10:00:31 WARN database Query response slow
2026-09-19 10:00:32 INFO system Request processed successfully
2026-09-19 10:00:33 ERROR database Connection timeout
2026-09-19 10:00:34 INFO system Request processed successfully
2026-09-19 10:00:35 INFO system Request processed successfully
2026-09-19 10:00:36 INFO system Request processed successfully
2026-09-19 10:00:37 INFO system Request processed successfully
2026-09-19 10:00:38 INFO system Request processed successfully
2026-09-19 10:00:39 INFO system Request processed successfully
2026-09-19 10:00:40 INFO system Request processed successfully
2026-09-19 10:00:41 WARN database Query response slow
2026-09-19 10:00:42 INFO system Request processed successfully
2026-09-19 10:00:43 INFO system Request processed successfully
2026-09-19 10:00:44 INFO system Request processed successfully
2026-09-19 10:00:45 INFO system Request processed successfully
2026-09-19 10:00:46 INFO system Request processed successfully
2026-09-19 10:00:47 INFO system Request processed successfully
2026-09-19 10:00:48 INFO system Request processed successfully
2026-09-19 10:00:49 INFO system Request processed successfully
2026-09-19 10:00:50 INFO system Request processed successfully
2026-09-19 10:00:51 INFO system Request processed successfully
2026-09-19 10:00:52 INFO system Request processed successfully
2026-09-19 10:00:53 INFO system Request processed successfully
2026-09-19 10:00:54 INFO system Request processed successfully
2026-09-19 10:00:55 INFO system Request processed successfully
2026-09-19 10:00:56 INFO system Request processed successfully
2026-09-19 10:00:57 INFO system Request processed successfully
2026-09-19 10:00:58 INFO system Request processed successfully
2026-09-19 10:00:59 INFO system Request processed successfully
2026-09-19 10:00:00 INFO system Request processed successfully
2026-09-19 10:00:01 WARN database Query response slow
2026-09-19 10:00:02 INFO system Request processed successfully
2026-09-19 10:00:03 INFO system Request processed successfully
2026-09-19 10:00:04 INFO system Request processed successfully
2026-09-19 10:00:05 INFO system Request processed successfully
2026-09-19 10:00:06 INFO system Request processed successfully
2026-09-19 10:00:07 INFO system Request processed successfully
2026-09-19 10:00:08 WARN database Query response slow
2026-09-19 10:00:09 WARN database Query response slow
2026-09-19 10:00:10 INFO system Request processed successfully
2026-09-19 10:00:11 INFO system Request processed successfully
2026-09-19 10:00:12 INFO system Request processed successfully
2026-09-19 10:00:13 INFO system Request processed successfully
2026-09-19 10:00:14 INFO system Request processed successfully
2026-09-19 10:00:15 INFO system Request processed successfully
2026-09-19 10:00:16 INFO system Request processed successfully
2026-09-19 10:00:17 INFO system Request processed successfully
2026-09-19 10:00:18 INFO system Request processed successfully
2026-09-19 10:00:19 INFO system Request processed successfully
2026-09-19 10:00:20 INFO system Request processed successfully
2026-09-19 10:00:21 INFO system Request processed successfully
2026-09-19 10:00:22 INFO system Request processed successfully
2026-09-19 10:00:23 INFO system Request processed successfully
2026-09-19 10:00:24 INFO system Request processed successfully
2026-09-19 10:00:25 INFO system Request processed successfully
2026-09-19 10:00:26 INFO system Request processed successfully
2026-09-19 10:00:27 INFO system Request processed successfully
2026-09-19 10:00:28 WARN database Query response slow
2026-09-19 10:00:29 INFO system Request processed successfully
2026-09-19 10:00:30 INFO system Request processed successfully
2026-09-19 10:00:31 INFO system Request processed successfully
2026-09-19 10:00:32 INFO system Request processed successfully
2026-09-19 10:00:33 INFO system Request processed successfully
2026-09-19 10:00:34 INFO system Request processed successfully
2026-09-19 10:00:35 INFO system Request processed successfully
2026-09-19 10:00:36 ERROR database Connection timeout
2026-09-19 10:00:37 INFO system Request processed successfully
2026-09-19 10:00:38 INFO system Request processed successfully
2026-09-19 10:00:39 INFO system Request processed successfully
2026-09-19 10:00:40 INFO system Request processed successfully
2026-09-19 10:00:41 INFO system Request processed successfully
2026-09-19 10:00:42 INFO system Request processed successfully
2026-09-19 10:00:43 INFO system Request processed successfully
2026-09-19 10:00:44 INFO system Request processed successfully
2026-09-19 10:00:45 INFO system Request processed successfully
2026-09-19 10:00:46 INFO system Request processed successfully
2026-09-19 10:00:47 INFO system Request processed successfully
2026-09-19 10:00:48 INFO system Request processed successfully
2026-09-19 10:00:49 INFO system Request processed successfully
2026-09-19 10:00:50 INFO system Request processed successfully
2026-09-19 10:00:51 INFO system Request processed successfully
2026-09-19 10:00:52 INFO system Request processed successfully
2026-09-19 10:00:53 INFO system Request processed successfully
2026-09-19 10:00:54 INFO system Request processed successfully
2026-09-19 10:00:55 INFO system Request processed successfully
2026-09-19 10:00:56 INFO system Request processed successfully
2026-09-19 10:00:57 INFO system Request processed successfully
2026-09-19 10:00:58 INFO system Request processed successfully
2026-09-19 10:00:59 INFO system Request processed successfully
2026-09-19 10:00:00 INFO system Request processed successfully
2026-09-19 10:00:01 INFO system Request processed successfully
2026-09-19 10:00:02 WARN database Query response slow
2026-09-19 10:00:03 WARN database Query response slow
2026-09-19 10:00:04 INFO system Request processed successfully
2026-09-19 10:00:05 INFO system Request processed successfully
2026-09-19 10:00:06 INFO system Request processed successfully
2026-09-19 10:00:07 INFO system Request processed successfully
2026-09-19 10:00:08 WARN database Query response slow
2026-09-19 10:00:09 INFO system Request processed successfully
2026-09-19 10:00:10 INFO system Request processed successfully
2026-09-19 10:00:11 WARN database Query response slow
2026-09-19 10:00:12 WARN database Query response slow
2026-09-19 10:00:13 INFO system Request processed successfully
2026-09-19 10:00:14 INFO system Request processed successfully
2026-09-19 10:00:15 WARN database Query response slow
2026-09-19 10:00:16 INFO system Request processed successfully
2026-09-19 10:00:17 INFO system Request processed successfully
2026-09-19 10:00:18 INFO system Request processed successfully
2026-09-19 10:00:19 ERROR model Model loading failed
2026-09-19 10:00:20 ERROR auth Authentication failed
2026-09-19 10:00:21 INFO system Request processed successfully
2026-09-19 10:00:22 INFO system Request processed successfully
2026-09-19 10:00:23 INFO system Request processed successfully
2026-09-19 10:00:24 INFO system Request processed successfully
2026-09-19 10:00:25 INFO system Request processed successfully
2026-09-19 10:00:26 WARN database Query response slow
2026-09-19 10:00:27 INFO system Request processed successfully
2026-09-19 10:00:28 ERROR model Model loading failed
2026-09-19 10:00:29 INFO system Request processed successfully
2026-09-19 10:00:30 INFO system Request processed successfully
2026-09-19 10:00:31 INFO system Request processed successfully
2026-09-19 10:00:32 INFO system Request processed successfully
2026-09-19 10:00:33 WARN database Query response slow
2026-09-19 10:00:34 INFO system Request processed successfully
2026-09-19 10:00:35 INFO system Request processed successfully
2026-09-19 10:00:36 WARN database Query response slow
2026-09-19 10:00:37 WARN database Query response slow
2026-09-19 10:00:38 INFO system Request processed successfully
2026-09-19 10:00:39 WARN database Query response slow
2026-09-19 10:00:40 INFO system Request processed successfully
2026-09-19 10:00:41 INFO system Request processed successfully
2026-09-19 10:00:42 INFO system Request processed successfully
2026-09-19 10:00:43 INFO system Request processed successfully
2026-09-19 10:00:44 INFO system Request processed successfully
2026-09-19 10:00:45 INFO system Request processed successfully
2026-09-19 10:00:46 WARN database Query response slow
2026-09-19 10:00:47 ERROR auth Authentication failed
2026-09-19 10:00:48 INFO system Request processed successfully
2026-09-19 10:00:49 INFO system Request processed successfully
2026-09-19 10:00:50 ERROR auth Authentication failed
2026-09-19 10:00:51 INFO system Request processed successfully
2026-09-19 10:00:52 INFO system Request processed successfully
2026-09-19 10:00:53 INFO system Request processed successfully
2026-09-19 10:00:54 INFO system Request processed successfully
2026-09-19 10:00:55 INFO system Request processed successfully
2026-09-19 10:00:56 INFO system Request processed successfully
2026-09-19 10:00:57 INFO system Request processed successfully
2026-09-19 10:00:58 ERROR model Model loading failed
2026-09-19 10:00:59 WARN database Query response slow
2026-09-19 10:00:00 INFO system Request processed successfully
2026-09-19 10:00:01 INFO system Request processed successfully
2026-09-19 10:00:02 INFO system Request processed successfully
2026-09-19 10:00:03 INFO system Request processed successfully
2026-09-19 10:00:04 INFO system Request processed successfully
2026-09-19 10:00:05 INFO system Request processed successfully
2026-09-19 10:00:06 INFO system Request processed successfully
2026-09-19 10:00:07 INFO system Request processed successfully
2026-09-19 10:00:08 INFO system Request processed successfully
2026-09-19 10:00:09 INFO system Request processed successfully
2026-09-19 10:00:10 INFO system Request processed successfully
2026-09-19 10:00:11 INFO system Request processed successfully
2026-09-19 10:00:12 INFO system Request processed successfully
2026-09-19 10:00:13 INFO system Request processed successfully
2026-09-19 10:00:14 WARN database Query response slow
2026-09-19 10:00:15 INFO system Request processed successfully
2026-09-19 10:00:16 WARN database Query response slow
2026-09-19 10:00:17 WARN database Query response slow
2026-09-19 10:00:18 INFO system Request processed successfully
2026-09-19 10:00:19 INFO system Request processed successfully
2026-09-19 10:00:20 INFO system Request processed successfully
2026-09-19 10:00:21 WARN database Query response slow
2026-09-19 10:00:22 INFO system Request processed successfully
2026-09-19 10:00:23 INFO system Request processed successfully
2026-09-19 10:00:24 INFO system Request processed successfully
2026-09-19 10:00:25 INFO system Request processed successfully
2026-09-19 10:00:26 INFO system Request processed successfully
2026-09-19 10:00:27 ERROR database Connection timeout
2026-09-19 10:00:28 INFO system Request processed successfully
2026-09-19 10:00:29 INFO system Request processed successfully
2026-09-19 10:00:30 INFO system Request processed successfully
2026-09-19 10:00:31 INFO system Request processed successfully
2026-09-19 10:00:32 INFO system Request processed successfully
2026-09-19 10:00:33 ERROR database Connection timeout
2026-09-19 10:00:34 INFO system Request processed successfully
2026-09-19 10:00:35 INFO system Request processed successfully
2026-09-19 10:00:36 WARN database Query response slow
2026-09-19 10:00:37 INFO system Request processed successfully
2026-09-19 10:00:38 INFO system Request processed successfully
2026-09-19 10:00:39 WARN database Query response slow
2026-09-19 10:00:40 INFO system Request processed successfully
2026-09-19 10:00:41 INFO system Request processed successfully
2026-09-19 10:00:42 INFO system Request processed successfully
2026-09-19 10:00:43 INFO system Request processed successfully
2026-09-19 10:00:44 INFO system Request processed successfully
2026-09-19 10:00:45 ERROR database Connection timeout
2026-09-19 10:00:46 WARN database Query response slow
2026-09-19 10:00:47 INFO system Request processed successfully
2026-09-19 10:00:48 ERROR database Connection timeout
2026-09-19 10:00:49 INFO system Request processed successfully
2026-09-19 10:00:50 INFO system Request processed successfully
2026-09-19 10:00:51 INFO system Request processed successfully
2026-09-19 10:00:52 INFO system Request processed successfully
2026-09-19 10:00:53 INFO system Request processed successfully
2026-09-19 10:00:54 INFO system Request processed successfully
2026-09-19 10:00:55 INFO system Request processed successfully
2026-09-19 10:00:56 INFO system Request processed successfully
2026-09-19 10:00:57 INFO system Request processed successfully
2026-09-19 10:00:58 INFO system Request processed successfully
2026-09-19 10:00:59 INFO system Request processed successfully
2026-09-19 10:00:00 INFO system Request processed successfully
2026-09-19 10:00:01 INFO system Request processed successfully
2026-09-19 10:00:02 WARN database Query response slow
2026-09-19 10:00:03 INFO system Request processed successfully
2026-09-19 10:00:04 INFO system Request processed successfully
2026-09-19 10:00:05 INFO system Request processed successfully
2026-09-19 10:00:06 INFO system Request processed successfully
2026-09-19 10:00:07 INFO system Request processed successfully
2026-09-19 10:00:08 WARN database Query response slow
2026-09-19 10:00:09 INFO system Request processed successfully
2026-09-19 10:00:10 INFO system Request processed successfully
2026-09-19 10:00:11 INFO system Request processed successfully
2026-09-19 10:00:12 INFO system Request processed successfully
2026-09-19 10:00:13 INFO system Request processed successfully
2026-09-19 10:00:14 WARN database Query response slow
2026-09-19 10:00:15 INFO system Request processed successfully
2026-09-19 10:00:16 INFO system Request processed successfully
2026-09-19 10:00:17 INFO system Request processed successfully
2026-09-19 10:00:18 INFO system Request processed successfully
2026-09-19 10:00:19 INFO system Request processed successfully
2026-09-19 10:00:20 INFO system Request processed successfully
2026-09-19 10:00:21 ERROR database Connection timeout
2026-09-19 10:00:22 INFO system Request processed successfully
2026-09-19 10:00:23 INFO system Request processed successfully
2026-09-19 10:00:24 INFO system Request processed successfully
2026-09-19 10:00:25 INFO system Request processed successfully
2026-09-19 10:00:26 INFO system Request processed successfully
2026-09-19 10:00:27 INFO system Request processed successfully
2026-09-19 10:00:28 INFO system Request processed successfully
2026-09-19 10:00:29 INFO system Request processed successfully
2026-09-19 10:00:30 INFO system Request processed successfully
2026-09-19 10:00:31 INFO system Request processed successfully
2026-09-19 10:00:32 INFO system Request processed successfully
2026-09-19 10:00:33 WARN database Query response slow
2026-09-19 10:00:34 INFO system Request processed successfully
2026-09-19 10:00:35 INFO system Request processed successfully
2026-09-19 10:00:36 INFO system Request processed successfully
2026-09-19 10:00:37 INFO system Request processed successfully
2026-09-19 10:00:38 INFO system Request processed successfully
2026-09-19 10:00:39 INFO system Request processed successfully
2026-09-19 10:00:40 INFO system Request processed successfully
2026-09-19 10:00:41 ERROR auth Authentication failed
2026-09-19 10:00:42 INFO system Request processed successfully
2026-09-19 10:00:43 ERROR model Model loading failed
2026-09-19 10:00:44 INFO system Request processed successfully
2026-09-19 10:00:45 INFO system Request processed successfully
2026-09-19 10:00:46 INFO system Request processed successfully
2026-09-19 10:00:47 INFO system Request processed successfully
2026-09-19 10:00:48 INFO system Request processed successfully
2026-09-19 10:00:49 WARN database Query response slow
2026-09-19 10:00:50 INFO system Request processed successfully
2026-09-19 10:00:51 INFO system Request processed successfully
2026-09-19 10:00:52 WARN database Query response slow
2026-09-19 10:00:53 WARN database Query response slow
2026-09-19 10:00:54 INFO system Request processed successfully
2026-09-19 10:00:55 INFO system Request processed successfully
2026-09-19 10:00:56 INFO system Request processed successfully
2026-09-19 10:00:57 INFO system Request processed successfully
2026-09-19 10:00:58 INFO system Request processed successfully
2026-09-19 10:00:59 INFO system Request processed successfully
2026-09-19 10:00:00 INFO system Request processed successfully
2026-09-19 10:00:01 INFO system Request processed successfully
2026-09-19 10:00:02 INFO system Request processed successfully
2026-09-19 10:00:03 INFO system Request processed successfully
2026-09-19 10:00:04 INFO system Request processed successfully
2026-09-19 10:00:05 INFO system Request processed successfully
2026-09-19 10:00:06 INFO system Request processed successfully
2026-09-19 10:00:07 INFO system Request processed successfully
2026-09-19 10:00:08 INFO system Request processed successfully
2026-09-19 10:00:09 INFO system Request processed successfully
2026-09-19 10:00:10 INFO system Request processed successfully
2026-09-19 10:00:11 INFO system Request processed successfully
2026-09-19 10:00:12 WARN database Query response slow
2026-09-19 10:00:13 INFO system Request processed successfully
2026-09-19 10:00:14 INFO system Request processed successfully
2026-09-19 10:00:15 INFO system Request processed successfully
2026-09-19 10:00:16 INFO system Request processed successfully
2026-09-19 10:00:17 WARN database Query response slow
2026-09-19 10:00:18 INFO system Request processed successfully
2026-09-19 10:00:19 INFO system Request processed successfully
2026-09-19 10:00:20 INFO system Request processed successfully
2026-09-19 10:00:21 INFO system Request processed successfully
2026-09-19 10:00:22 INFO system Request processed successfully
2026-09-19 10:00:23 WARN database Query response slow
2026-09-19 10:00:24 INFO system Request processed successfully
2026-09-19 10:00:25 INFO system Request processed successfully
2026-09-19 10:00:26 INFO system Request processed successfully
2026-09-19 10:00:27 INFO system Request processed successfully
2026-09-19 10:00:28 INFO system Request processed successfully
2026-09-19 10:00:29 INFO system Request processed successfully
2026-09-19 10:00:30 INFO system Request processed successfully
2026-09-19 10:00:31 INFO system Request processed successfully
2026-09-19 10:00:32 WARN database Query response slow
2026-09-19 10:00:33 INFO system Request processed successfully
2026-09-19 10:00:34 INFO system Request processed successfully
2026-09-19 10:00:35 ERROR auth Authentication failed
2026-09-19 10:00:36 INFO system Request processed successfully
2026-09-19 10:00:37 WARN database Query response slow
2026-09-19 10:00:38 INFO system Request processed successfully
2026-09-19 10:00:39 INFO system Request processed successfully
2026-09-19 10:00:40 INFO system Request processed successfully
2026-09-19 10:00:41 INFO system Request processed successfully
2026-09-19 10:00:42 INFO system Request processed successfully
2026-09-19 10:00:43 INFO system Request processed successfully
2026-09-19 10:00:44 INFO system Request processed successfully
2026-09-19 10:00:45 INFO system Request processed successfully
2026-09-19 10:00:46 ERROR model Model loading failed
2026-09-19 10:00:47 WARN database Query response slow
2026-09-19 10:00:48 INFO system Request processed successfully
2026-09-19 10:00:49 INFO system Request processed successfully
2026-09-19 10:00:50 INFO system Request processed successfully
2026-09-19 10:00:51 WARN database Query response slow
2026-09-19 10:00:52 ERROR model Model loading failed
2026-09-19 10:00:53 INFO system Request processed successfully
2026-09-19 10:00:54 INFO system Request processed successfully
2026-09-19 10:00:55 INFO system Request processed successfully
2026-09-19 10:00:56 INFO system Request processed successfully
2026-09-19 10:00:57 INFO system Request processed successfully
2026-09-19 10:00:58 INFO system Request processed successfully
2026-09-19 10:00:59 INFO system Request processed successfully
2026-09-19 10:00:00 INFO system Request processed successfully
2026-09-19 10:00:01 INFO system Request processed successfully
2026-09-19 10:00:02 INFO system Request processed successfully
2026-09-19 10:00:03 INFO system Request processed successfully
2026-09-19 10:00:04 WARN database Query response slow
2026-09-19 10:00:05 ERROR auth Authentication failed
2026-09-19 10:00:06 INFO system Request processed successfully
2026-09-19 10:00:07 INFO system Request processed successfully
2026-09-19 10:00:08 WARN database Query response slow
2026-09-19 10:00:09 INFO system Request processed successfully
2026-09-19 10:00:10 INFO system Request processed successfully
2026-09-19 10:00:11 WARN database Query response slow
2026-09-19 10:00:12 INFO system Request processed successfully
2026-09-19 10:00:13 ERROR model Model loading failed
2026-09-19 10:00:14 WARN database Query response slow
2026-09-19 10:00:15 INFO system Request processed successfully
2026-09-19 10:00:16 INFO system Request processed successfully
2026-09-19 10:00:17 INFO system Request processed successfully
2026-09-19 10:00:18 INFO system Request processed successfully
2026-09-19 10:00:19 INFO system Request processed successfully
2026-09-19 10:00:20 WARN database Query response slow
2026-09-19 10:00:21 INFO system Request processed successfully
2026-09-19 10:00:22 INFO system Request processed successfully
2026-09-19 10:00:23 INFO system Request processed successfully
2026-09-19 10:00:24 INFO system Request processed successfully
2026-09-19 10:00:25 INFO system Request processed successfully
2026-09-19 10:00:26 INFO system Request processed successfully
2026-09-19 10:00:27 WARN database Query response slow
2026-09-19 10:00:28 INFO system Request processed successfully
2026-09-19 10:00:29 INFO system Request processed successfully
2026-09-19 10:00:30 INFO system Request processed successfully
2026-09-19 10:00:31 INFO system Request processed successfully
2026-09-19 10:00:32 INFO system Request processed successfully
2026-09-19 10:00:33 INFO system Request processed successfully
2026-09-19 10:00:34 INFO system Request processed successfully
2026-09-19 10:00:35 INFO system Request processed successfully
2026-09-19 10:00:36 INFO system Request processed successfully
2026-09-19 10:00:37 INFO system Request processed successfully
2026-09-19 10:00:38 INFO system Request processed successfully
2026-09-19 10:00:39 INFO system Request processed successfully
2026-09-19 10:00:40 INFO system Request processed successfully
2026-09-19 10:00:41 INFO system Request processed successfully
2026-09-19 10:00:42 INFO system Request processed successfully
2026-09-19 10:00:43 INFO system Request processed successfully
2026-09-19 10:00:44 INFO system Request processed successfully
2026-09-19 10:00:45 INFO system Request processed successfully
2026-09-19 10:00:46 INFO system Request processed successfully
2026-09-19 10:00:47 WARN database Query response slow
2026-09-19 10:00:48 INFO system Request processed successfully
2026-09-19 10:00:49 INFO system Request processed successfully
2026-09-19 10:00:50 INFO system Request processed successfully
2026-09-19 10:00:51 INFO system Request processed successfully
2026-09-19 10:00:52 INFO system Request processed successfully
2026-09-19 10:00:53 ERROR auth Authentication failed
2026-09-19 10:00:54 INFO system Request processed successfully
2026-09-19 10:00:55 INFO system Request processed successfully
2026-09-19 10:00:56 INFO system Request processed successfully
2026-09-19 10:00:57 INFO system Request processed successfully
2026-09-19 10:00:58 INFO system Request processed successfully
2026-09-19 10:00:59 INFO system Request processed successfully
2026-09-19 10:00:00 INFO system Request processed successfully
2026-09-19 10:00:01 WARN database Query response slow
2026-09-19 10:00:02 WARN database Query response slow
2026-09-19 10:00:03 INFO system Request processed successfully
2026-09-19 10:00:04 INFO system Request processed successfully
2026-09-19 10:00:05 WARN database Query response slow
2026-09-19 10:00:06 WARN database Query response slow
2026-09-19 10:00:07 INFO system Request processed successfully
2026-09-19 10:00:08 WARN database Query response slow
2026-09-19 10:00:09 INFO system Request processed successfully
2026-09-19 10:00:10 WARN database Query response slow
2026-09-19 10:00:11 INFO system Request processed successfully
2026-09-19 10:00:12 INFO system Request processed successfully
2026-09-19 10:00:13 INFO system Request processed successfully
2026-09-19 10:00:14 WARN database Query response slow
2026-09-19 10:00:15 INFO system Request processed successfully
2026-09-19 10:00:16 INFO system Request processed successfully
2026-09-19 10:00:17 INFO system Request processed successfully
2026-09-19 10:00:18 INFO system Request processed successfully
2026-09-19 10:00:19 INFO system Request processed successfully
2026-09-19 10:00:20 INFO system Request processed successfully
2026-09-19 10:00:21 INFO system Request processed successfully
2026-09-19 10:00:22 INFO system Request processed successfully
2026-09-19 10:00:23 INFO system Request processed successfully
2026-09-19 10:00:24 INFO system Request processed successfully
2026-09-19 10:00:25 INFO system Request processed successfully
2026-09-19 10:00:26 INFO system Request processed successfully
2026-09-19 10:00:27 INFO system Request processed successfully
2026-09-19 10:00:28 INFO system Request processed successfully
2026-09-19 10:00:29 INFO system Request processed successfully
2026-09-19 10:00:30 INFO system Request processed successfully
2026-09-19 10:00:31 INFO system Request processed successfully
2026-09-19 10:00:32 INFO system Request processed successfully
2026-09-19 10:00:33 INFO system Request processed successfully
2026-09-19 10:00:34 INFO system Request processed successfully
2026-09-19 10:00:35 INFO system Request processed successfully
2026-09-19 10:00:36 INFO system Request processed successfully
2026-09-19 10:00:37 INFO system Request processed successfully
2026-09-19 10:00:38 INFO system Request processed successfully
2026-09-19 10:00:39 INFO system Request processed successfully
2026-09-19 10:00:40 INFO system Request processed successfully
2026-09-19 10:00:41 INFO system Request processed successfully
2026-09-19 10:00:42 INFO system Request processed successfully
2026-09-19 10:00:43 INFO system Request processed successfully
2026-09-19 10:00:44 INFO system Request processed successfully
2026-09-19 10:00:45 INFO system Request processed successfully
2026-09-19 10:00:46 INFO system Request processed successfully
2026-09-19 10:00:47 WARN database Query response slow
2026-09-19 10:00:48 WARN database Query response slow
2026-09-19 10:00:49 INFO system Request processed successfully
2026-09-19 10:00:50 INFO system Request processed successfully
2026-09-19 10:00:51 INFO system Request processed successfully
2026-09-19 10:00:52 INFO system Request processed successfully
2026-09-19 10:00:53 INFO system Request processed successfully
2026-09-19 10:00:54 INFO system Request processed successfully
2026-09-19 10:00:55 INFO system Request processed successfully
2026-09-19 10:00:56 INFO system Request processed successfully
2026-09-19 10:00:57 INFO system Request processed successfully
2026-09-19 10:00:58 INFO system Request processed successfully
2026-09-19 10:00:59 INFO system Request processed successfully
2026-09-19 10:00:00 INFO system Request processed successfully
2026-09-19 10:00:01 ERROR model Model loading failed
2026-09-19 10:00:02 WARN database Query response slow
2026-09-19 10:00:03 INFO system Request processed successfully
2026-09-19 10:00:04 INFO system Request processed successfully
2026-09-19 10:00:05 INFO system Request processed successfully
2026-09-19 10:00:06 INFO system Request processed successfully
2026-09-19 10:00:07 INFO system Request processed successfully
2026-09-19 10:00:08 INFO system Request processed successfully
2026-09-19 10:00:09 INFO system Request processed successfully
2026-09-19 10:00:10 INFO system Request processed successfully
2026-09-19 10:00:11 WARN database Query response slow
2026-09-19 10:00:12 INFO system Request processed successfully
2026-09-19 10:00:13 INFO system Request processed successfully
2026-09-19 10:00:14 INFO system Request processed successfully
2026-09-19 10:00:15 INFO system Request processed successfully
2026-09-19 10:00:16 WARN database Query response slow
2026-09-19 10:00:17 INFO system Request processed successfully
2026-09-19 10:00:18 INFO system Request processed successfully
2026-09-19 10:00:19 INFO system Request processed successfully
2026-09-19 10:00:20 INFO system Request processed successfully
2026-09-19 10:00:21 INFO system Request processed successfully
2026-09-19 10:00:22 INFO system Request processed successfully
2026-09-19 10:00:23 INFO system Request processed successfully
2026-09-19 10:00:24 INFO system Request processed successfully
2026-09-19 10:00:25 INFO system Request processed successfully
2026-09-19 10:00:26 INFO system Request processed successfully
2026-09-19 10:00:27 INFO system Request processed successfully
2026-09-19 10:00:28 INFO system Request processed successfully
2026-09-19 10:00:29 INFO system Request processed successfully
2026-09-19 10:00:30 INFO system Request processed successfully
2026-09-19 10:00:31 ERROR model Model loading failed
2026-09-19 10:00:32 INFO system Request processed successfully
2026-09-19 10:00:33 INFO system Request processed successfully
2026-09-19 10:00:34 INFO system Request processed successfully
2026-09-19 10:00:35 INFO system Request processed successfully
2026-09-19 10:00:36 INFO system Request processed successfully
2026-09-19 10:00:37 INFO system Request processed successfully
2026-09-19 10:00:38 WARN database Query response slow
2026-09-19 10:00:39 INFO system Request processed successfully
2026-09-19 10:00:40 INFO system Request processed successfully
2026-09-19 10:00:41 INFO system Request processed successfully
2026-09-19 10:00:42 INFO system Request processed successfully
2026-09-19 10:00:43 INFO system Request processed successfully
2026-09-19 10:00:44 INFO system Request processed successfully
2026-09-19 10:00:45 INFO system Request processed successfully
2026-09-19 10:00:46 INFO system Request processed successfully
2026-09-19 10:00:47 INFO system Request processed successfully
2026-09-19 10:00:48 INFO system Request processed successfully
2026-09-19 10:00:49 INFO system Request processed successfully
2026-09-19 10:00:50 INFO system Request processed successfully
2026-09-19 10:00:51 WARN database Query response slow
2026-09-19 10:00:52 WARN database Query response slow
2026-09-19 10:00:53 INFO system Request processed successfully
2026-09-19 10:00:54 WARN database Query response slow
2026-09-19 10:00:55 INFO system Request processed successfully
2026-09-19 10:00:56 INFO system Request processed successfully
2026-09-19 10:00:57 ERROR database Connection timeout
2026-09-19 10:00:58 WARN database Query response slow
2026-09-19 10:00:59 INFO system Request processed successfully
2026-09-19 10:00:00 INFO system Request processed successfully
2026-09-19 10:00:01 INFO system Request processed successfully
2026-09-19 10:00:02 WARN database Query response slow
2026-09-19 10:00:03 INFO system Request processed successfully
2026-09-19 10:00:04 INFO system Request processed successfully
2026-09-19 10:00:05 INFO system Request processed successfully
2026-09-19 10:00:06 INFO system Request processed successfully
2026-09-19 10:00:07 INFO system Request processed successfully
2026-09-19 10:00:08 INFO system Request processed successfully
2026-09-19 10:00:09 WARN database Query response slow
2026-09-19 10:00:10 INFO system Request processed successfully
2026-09-19 10:00:11 ERROR auth Authentication failed
2026-09-19 10:00:12 INFO system Request processed successfully
2026-09-19 10:00:13 WARN database Query response slow
2026-09-19 10:00:14 INFO system Request processed successfully
2026-09-19 10:00:15 INFO system Request processed successfully
2026-09-19 10:00:16 INFO system Request processed successfully
2026-09-19 10:00:17 WARN database Query response slow
2026-09-19 10:00:18 INFO system Request processed successfully
2026-09-19 10:00:19 WARN database Query response slow
2026-09-19 10:00:20 WARN database Query response slow
2026-09-19 10:00:21 INFO system Request processed successfully
2026-09-19 10:00:22 INFO system Request processed successfully
2026-09-19 10:00:23 INFO system Request processed successfully
2026-09-19 10:00:24 INFO system Request processed successfully
2026-09-19 10:00:25 INFO system Request processed successfully
2026-09-19 10:00:26 INFO system Request processed successfully
2026-09-19 10:00:27 WARN database Query response slow
2026-09-19 10:00:28 INFO system Request processed successfully
2026-09-19 10:00:29 INFO system Request processed successfully
2026-09-19 10:00:30 INFO system Request processed successfully
2026-09-19 10:00:31 INFO system Request processed successfully
2026-09-19 10:00:32 INFO system Request processed successfully
2026-09-19 10:00:33 WARN database Query response slow
2026-09-19 10:00:34 INFO system Request processed successfully
2026-09-19 10:00:35 INFO system Request processed successfully
2026-09-19 10:00:36 INFO system Request processed successfully
2026-09-19 10:00:37 INFO system Request processed successfully
2026-09-19 10:00:38 INFO system Request processed successfully
2026-09-19 10:00:39 INFO system Request processed successfully
2026-09-19 10:00:40 INFO system Request processed successfully
2026-09-19 10:00:41 INFO system Request processed successfully
2026-09-19 10:00:42 WARN database Query response slow
2026-09-19 10:00:43 INFO system Request processed successfully
2026-09-19 10:00:44 ERROR auth Authentication failed
2026-09-19 10:00:45 INFO system Request processed successfully
2026-09-19 10:00:46 INFO system Request processed successfully
2026-09-19 10:00:47 WARN database Query response slow
2026-09-19 10:00:48 INFO system Request processed successfully
2026-09-19 10:00:49 INFO system Request processed successfully
2026-09-19 10:00:50 INFO system Request processed successfully
2026-09-19 10:00:51 INFO system Request processed successfully
2026-09-19 10:00:52 INFO system Request processed successfully
2026-09-19 10:00:53 INFO system Request processed successfully
2026-09-19 10:00:54 WARN database Query response slow
2026-09-19 10:00:55 INFO system Request processed successfully
2026-09-19 10:00:56 ERROR auth Authentication failed
2026-09-19 10:00:57 INFO system Request processed successfully
2026-09-19 10:00:58 WARN database Query response slow
2026-09-19 10:00:59 INFO system Request processed successfully
2026-09-19 10:00:00 INFO system Request processed successfully
2026-09-19 10:00:01 ERROR model Model loading failed
2026-09-19 10:00:02 WARN database Query response slow
2026-09-19 10:00:03 INFO system Request processed successfully
2026-09-19 10:00:04 INFO system Request processed successfully
2026-09-19 10:00:05 INFO system Request processed successfully
2026-09-19 10:00:06 INFO system Request processed successfully
2026-09-19 10:00:07 WARN database Query response slow
2026-09-19 10:00:08 WARN database Query response slow
2026-09-19 10:00:09 INFO system Request processed successfully
2026-09-19 10:00:10 INFO system Request processed successfully
2026-09-19 10:00:11 WARN database Query response slow
2026-09-19 10:00:12 INFO system Request processed successfully
2026-09-19 10:00:13 INFO system Request processed successfully
2026-09-19 10:00:14 INFO system Request processed successfully
2026-09-19 10:00:15 INFO system Request processed successfully
2026-09-19 10:00:16 INFO system Request processed successfully
2026-09-19 10:00:17 INFO system Request processed successfully
2026-09-19 10:00:18 INFO system Request processed successfully
2026-09-19 10:00:19 INFO system Request processed successfully
2026-09-19 10:00:20 INFO system Request processed successfully
2026-09-19 10:00:21 WARN database Query response slow
2026-09-19 10:00:22 WARN database Query response slow
2026-09-19 10:00:23 INFO system Request processed successfully
2026-09-19 10:00:24 INFO system Request processed successfully
2026-09-19 10:00:25 INFO system Request processed successfully
2026-09-19 10:00:26 INFO system Request processed successfully
2026-09-19 10:00:27 INFO system Request processed successfully
2026-09-19 10:00:28 INFO system Request processed successfully
2026-09-19 10:00:29 INFO system Request processed successfully
2026-09-19 10:00:30 INFO system Request processed successfully
2026-09-19 10:00:31 INFO system Request processed successfully
2026-09-19 10:00:32 INFO system Request processed successfully
2026-09-19 10:00:33 INFO system Request processed successfully
2026-09-19 10:00:34 WARN database Query response slow
2026-09-19 10:00:35 INFO system Request processed successfully
2026-09-19 10:00:36 INFO system Request processed successfully
2026-09-19 10:00:37 INFO system Request processed successfully
2026-09-19 10:00:38 ERROR auth Authentication failed
2026-09-19 10:00:39 INFO system Request processed successfully
2026-09-19 10:00:40 ERROR model Model loading failed
2026-09-19 10:00:41 INFO system Request processed successfully
2026-09-19 10:00:42 INFO system Request processed successfully
2026-09-19 10:00:43 ERROR model Model loading failed
2026-09-19 10:00:44 INFO system Request processed successfully
2026-09-19 10:00:45 INFO system Request processed successfully
2026-09-19 10:00:46 INFO system Request processed successfully
2026-09-19 10:00:47 INFO system Request processed successfully
2026-09-19 10:00:48 INFO system Request processed successfully
2026-09-19 10:00:49 INFO system Request processed successfully
2026-09-19 10:00:50 INFO system Request processed successfully
2026-09-19 10:00:51 INFO system Request processed successfully
2026-09-19 10:00:52 INFO system Request processed successfully
2026-09-19 10:00:53 INFO system Request processed successfully
2026-09-19 10:00:54 INFO system Request processed successfully
2026-09-19 10:00:55 INFO system Request processed successfully
2026-09-19 10:00:56 INFO system Request processed successfully
2026-09-19 10:00:57 INFO system Request processed successfully
2026-09-19 10:00:58 WARN database Query response slow
2026-09-19 10:00:59 INFO system Request processed successfully
2026-09-19 10:00:00 INFO system Request processed successfully
2026-09-19 10:00:01 INFO system Request processed successfully
2026-09-19 10:00:02 INFO system Request processed successfully
2026-09-19 10:00:03 INFO system Request processed successfully
2026-09-19 10:00:04 WARN database Query response slow
2026-09-19 10:00:05 INFO system Request processed successfully
2026-09-19 10:00:06 INFO system Request processed successfully
2026-09-19 10:00:07 INFO system Request processed successfully
2026-09-19 10:00:08 INFO system Request processed successfully
2026-09-19 10:00:09 WARN database Query response slow
2026-09-19 10:00:10 INFO system Request processed successfully
2026-09-19 10:00:11 INFO system Request processed successfully
2026-09-19 10:00:12 INFO system Request processed successfully
2026-09-19 10:00:13 INFO system Request processed successfully
2026-09-19 10:00:14 INFO system Request processed successfully
2026-09-19 10:00:15 WARN database Query response slow
2026-09-19 10:00:16 INFO system Request processed successfully
2026-09-19 10:00:17 INFO system Request processed successfully
2026-09-19 10:00:18 INFO system Request processed successfully
2026-09-19 10:00:19 INFO system Request processed successfully
2026-09-19 10:00:20 INFO system Request processed successfully
2026-09-19 10:00:21 INFO system Request processed successfully
2026-09-19 10:00:22 INFO system Request processed successfully
2026-09-19 10:00:23 INFO system Request processed successfully
2026-09-19 10:00:24 INFO system Request processed successfully
2026-09-19 10:00:25 WARN database Query response slow
2026-09-19 10:00:26 INFO system Request processed successfully
2026-09-19 10:00:27 INFO system Request processed successfully
2026-09-19 10:00:28 INFO system Request processed successfully
2026-09-19 10:00:29 WARN database Query response slow
2026-09-19 10:00:30 INFO system Request processed successfully
2026-09-19 10:00:31 ERROR model Model loading failed
2026-09-19 10:00:32 INFO system Request processed successfully
2026-09-19 10:00:33 INFO system Request processed successfully
2026-09-19 10:00:34 INFO system Request processed successfully
2026-09-19 10:00:35 ERROR auth Authentication failed
2026-09-19 10:00:36 WARN database Query response slow
2026-09-19 10:00:37 INFO system Request processed successfully
2026-09-19 10:00:38 INFO system Request processed successfully
2026-09-19 10:00:39 INFO system Request processed successfully
2026-09-19 10:00:40 WARN database Query response slow
2026-09-19 10:00:41 INFO system Request processed successfully
2026-09-19 10:00:42 INFO system Request processed successfully
2026-09-19 10:00:43 INFO system Request processed successfully
2026-09-19 10:00:44 WARN database Query response slow
2026-09-19 10:00:45 INFO system Request processed successfully
2026-09-19 10:00:46 WARN database Query response slow
2026-09-19 10:00:47 ERROR auth Authentication failed
2026-09-19 10:00:48 INFO system Request processed successfully
2026-09-19 10:00:49 INFO system Request processed successfully
2026-09-19 10:00:50 INFO system Request processed successfully
2026-09-19 10:00:51 WARN database Query response slow
2026-09-19 10:00:52 ERROR model Model loading failed
2026-09-19 10:00:53 INFO system Request processed successfully
2026-09-19 10:00:54 INFO system Request processed successfully
2026-09-19 10:00:55 INFO system Request processed successfully
2026-09-19 10:00:56 WARN database Query response slow
2026-09-19 10:00:57 INFO system Request processed successfully
2026-09-19 10:00:58 INFO system Request processed successfully
2026-09-19 10:00:59 WARN database Query response slow
2026-09-19 10:00:00 INFO system Request processed successfully
2026-09-19 10:00:01 INFO system Request processed successfully
2026-09-19 10:00:02 INFO system Request processed successfully
2026-09-19 10:00:03 INFO system Request processed successfully
2026-09-19 10:00:04 INFO system Request processed successfully
2026-09-19 10:00:05 INFO system Request processed successfully
2026-09-19 10:00:06 INFO system Request processed successfully
2026-09-19 10:00:07 INFO system Request processed successfully
2026-09-19 10:00:08 INFO system Request processed successfully
2026-09-19 10:00:09 ERROR database Connection timeout
2026-09-19 10:00:10 INFO system Request processed successfully
2026-09-19 10:00:11 INFO system Request processed successfully
2026-09-19 10:00:12 INFO system Request processed successfully
2026-09-19 10:00:13 WARN database Query response slow
2026-09-19 10:00:14 INFO system Request processed successfully
2026-09-19 10:00:15 WARN database Query response slow
2026-09-19 10:00:16 INFO system Request processed successfully
2026-09-19 10:00:17 WARN database Query response slow
2026-09-19 10:00:18 INFO system Request processed successfully
2026-09-19 10:00:19 INFO system Request processed successfully
2026-09-19 10:00:20 ERROR auth Authentication failed
2026-09-19 10:00:21 INFO system Request processed successfully
2026-09-19 10:00:22 INFO system Request processed successfully
2026-09-19 10:00:23 INFO system Request processed successfully
2026-09-19 10:00:24 INFO system Request processed successfully
2026-09-19 10:00:25 INFO system Request processed successfully
2026-09-19 10:00:26 INFO system Request processed successfully
2026-09-19 10:00:27 INFO system Request processed successfully
2026-09-19 10:00:28 INFO system Request processed successfully
2026-09-19 10:00:29 INFO system Request processed successfully
2026-09-19 10:00:30 INFO system Request processed successfully
2026-09-19 10:00:31 INFO system Request processed successfully
2026-09-19 10:00:32 INFO system Request processed successfully
2026-09-19 10:00:33 WARN database Query response slow
2026-09-19 10:00:34 INFO system Request processed successfully
2026-09-19 10:00:35 INFO system Request processed successfully
2026-09-19 10:00:36 INFO system Request processed successfully
2026-09-19 10:00:37 INFO system Request processed successfully
2026-09-19 10:00:38 INFO system Request processed successfully
2026-09-19 10:00:39 INFO system Request processed successfully
2026-09-19 10:00:40 INFO system Request processed successfully
2026-09-19 10:00:41 INFO system Request processed successfully
2026-09-19 10:00:42 INFO system Request processed successfully
2026-09-19 10:00:43 INFO system Request processed successfully
2026-09-19 10:00:44 WARN database Query response slow
2026-09-19 10:00:45 INFO system Request processed successfully
2026-09-19 10:00:46 INFO system Request processed successfully
2026-09-19 10:00:47 WARN database Query response slow
2026-09-19 10:00:48 INFO system Request processed successfully
2026-09-19 10:00:49 INFO system Request processed successfully
2026-09-19 10:00:50 INFO system Request processed successfully
2026-09-19 10:00:51 INFO system Request processed successfully
2026-09-19 10:00:52 INFO system Request processed successfully
2026-09-19 10:00:53 INFO system Request processed successfully
2026-09-19 10:00:54 INFO system Request processed successfully
2026-09-19 10:00:55 INFO system Request processed successfully
2026-09-19 10:00:56 WARN database Query response slow
2026-09-19 10:00:57 INFO system Request processed successfully
2026-09-19 10:00:58 WARN database Query response slow
2026-09-19 10:00:59 WARN database Query response slow
2026-09-19 10:00:00 INFO system Request processed successfully
2026-09-19 10:00:01 WARN database Query response slow
2026-09-19 10:00:02 ERROR auth Authentication failed
2026-09-19 10:00:03 INFO system Request processed successfully
2026-09-19 10:00:04 INFO system Request processed successfully
2026-09-19 10:00:05 INFO system Request processed successfully
2026-09-19 10:00:06 INFO system Request processed successfully
2026-09-19 10:00:07 INFO system Request processed successfully
2026-09-19 10:00:08 INFO system Request processed successfully
2026-09-19 10:00:09 INFO system Request processed successfully
2026-09-19 10:00:10 INFO system Request processed successfully
2026-09-19 10:00:11 WARN database Query response slow
2026-09-19 10:00:12 INFO system Request processed successfully
2026-09-19 10:00:13 INFO system Request processed successfully
2026-09-19 10:00:14 WARN database Query response slow
2026-09-19 10:00:15 WARN database Query response slow
2026-09-19 10:00:16 INFO system Request processed successfully
2026-09-19 10:00:17 INFO system Request processed successfully
2026-09-19 10:00:18 INFO system Request processed successfully
2026-09-19 10:00:19 INFO system Request processed successfully
2026-09-19 10:00:20 WARN database Query response slow
2026-09-19 10:00:21 INFO system Request processed successfully
2026-09-19 10:00:22 INFO system Request processed successfully
2026-09-19 10:00:23 INFO system Request processed successfully
2026-09-19 10:00:24 WARN database Query response slow
2026-09-19 10:00:25 INFO system Request processed successfully
2026-09-19 10:00:26 INFO system Request processed successfully
2026-09-19 10:00:27 INFO system Request processed successfully
2026-09-19 10:00:28 INFO system Request processed successfully
2026-09-19 10:00:29 ERROR auth Authentication failed
2026-09-19 10:00:30 INFO system Request processed successfully
2026-09-19 10:00:31 INFO system Request processed successfully
2026-09-19 10:00:32 WARN database Query response slow
2026-09-19 10:00:33 INFO system Request processed successfully
2026-09-19 10:00:34 INFO system Request processed successfully
2026-09-19 10:00:35 ERROR auth Authentication failed
2026-09-19 10:00:36 WARN database Query response slow
2026-09-19 10:00:37 WARN database Query response slow
2026-09-19 10:00:38 INFO system Request processed successfully
2026-09-19 10:00:39 INFO system Request processed successfully
2026-09-19 10:00:40 INFO system Request processed successfully
2026-09-19 10:00:41 INFO system Request processed successfully
2026-09-19 10:00:42 INFO system Request processed successfully
2026-09-19 10:00:43 WARN database Query response slow
2026-09-19 10:00:44 INFO system Request processed successfully
2026-09-19 10:00:45 INFO system Request processed successfully
2026-09-19 10:00:46 INFO system Request processed successfully
2026-09-19 10:00:47 INFO system Request processed successfully
2026-09-19 10:00:48 INFO system Request processed successfully
2026-09-19 10:00:49 WARN database Query response slow
2026-09-19 10:00:50 INFO system Request processed successfully
2026-09-19 10:00:51 INFO system Request processed successfully
2026-09-19 10:00:52 INFO system Request processed successfully
2026-09-19 10:00:53 INFO system Request processed successfully
2026-09-19 10:00:54 INFO system Request processed successfully
2026-09-19 10:00:55 WARN database Query response slow
2026-09-19 10:00:56 ERROR auth Authentication failed
2026-09-19 10:00:57 INFO system Request processed successfully
2026-09-19 10:00:58 INFO system Request processed successfully
2026-09-19 10:00:59 WARN database Query response slow
2026-09-19 10:00:00 INFO system Request processed successfully
2026-09-19 10:00:01 INFO system Request processed successfully
2026-09-19 10:00:02 WARN database Query response slow
2026-09-19 10:00:03 INFO system Request processed successfully
2026-09-19 10:00:04 INFO system Request processed successfully
2026-09-19 10:00:05 INFO system Request processed successfully
2026-09-19 10:00:06 INFO system Request processed successfully
2026-09-19 10:00:07 INFO system Request processed successfully
2026-09-19 10:00:08 INFO system Request processed successfully
2026-09-19 10:00:09 INFO system Request processed successfully
2026-09-19 10:00:10 INFO system Request processed successfully
2026-09-19 10:00:11 INFO system Request processed successfully
2026-09-19 10:00:12 INFO system Request processed successfully
2026-09-19 10:00:13 INFO system Request processed successfully
2026-09-19 10:00:14 WARN database Query response slow
2026-09-19 10:00:15 WARN database Query response slow
2026-09-19 10:00:16 ERROR model Model loading failed
2026-09-19 10:00:17 INFO system Request processed successfully
2026-09-19 10:00:18 INFO system Request processed successfully
2026-09-19 10:00:19 WARN database Query response slow
2026-09-19 10:00:20 INFO system Request processed successfully
2026-09-19 10:00:21 INFO system Request processed successfully
2026-09-19 10:00:22 INFO system Request processed successfully
2026-09-19 10:00:23 INFO system Request processed successfully
2026-09-19 10:00:24 INFO system Request processed successfully
2026-09-19 10:00:25 INFO system Request processed successfully
2026-09-19 10:00:26 INFO system Request processed successfully
2026-09-19 10:00:27 WARN database Query response slow
2026-09-19 10:00:28 WARN database Query response slow
2026-09-19 10:00:29 INFO system Request processed successfully
2026-09-19 10:00:30 INFO system Request processed successfully
2026-09-19 10:00:31 INFO system Request processed successfully
2026-09-19 10:00:32 INFO system Request processed successfully
2026-09-19 10:00:33 INFO system Request processed successfully
2026-09-19 10:00:34 INFO system Request processed successfully
2026-09-19 10:00:35 INFO system Request processed successfully
2026-09-19 10:00:36 INFO system Request processed successfully
2026-09-19 10:00:37 INFO system Request processed successfully
2026-09-19 10:00:38 INFO system Request processed successfully
2026-09-19 10:00:39 INFO system Request processed successfully
2026-09-19 10:00:40 INFO system Request processed successfully
2026-09-19 10:00:41 INFO system Request processed successfully
2026-09-19 10:00:42 INFO system Request processed successfully
2026-09-19 10:00:43 WARN database Query response slow
2026-09-19 10:00:44 INFO system Request processed successfully
2026-09-19 10:00:45 INFO system Request processed successfully
2026-09-19 10:00:46 INFO system Request processed successfully
2026-09-19 10:00:47 INFO system Request processed successfully
2026-09-19 10:00:48 WARN database Query response slow
2026-09-19 10:00:49 WARN database Query response slow
2026-09-19 10:00:50 INFO system Request processed successfully
2026-09-19 10:00:51 INFO system Request processed successfully
2026-09-19 10:00:52 INFO system Request processed successfully
2026-09-19 10:00:53 INFO system Request processed successfully
2026-09-19 10:00:54 INFO system Request processed successfully
2026-09-19 10:00:55 INFO system Request processed successfully
2026-09-19 10:00:56 INFO system Request processed successfully
2026-09-19 10:00:57 INFO system Request processed successfully
2026-09-19 10:00:58 INFO system Request processed successfully
2026-09-19 10:00:59 INFO system Request processed successfully
2026-09-19 10:00:00 INFO system Request processed successfully
2026-09-19 10:00:01 INFO system Request processed successfully
2026-09-19 10:00:02 INFO system Request processed successfully
2026-09-19 10:00:03 INFO system Request processed successfully
2026-09-19 10:00:04 INFO system Request processed successfully
2026-09-19 10:00:05 INFO system Request processed successfully
2026-09-19 10:00:06 INFO system Request processed successfully
2026-09-19 10:00:07 ERROR model Model loading failed
2026-09-19 10:00:08 INFO system Request processed successfully
2026-09-19 10:00:09 INFO system Request processed successfully
2026-09-19 10:00:10 INFO system Request processed successfully
2026-09-19 10:00:11 INFO system Request processed successfully
2026-09-19 10:00:12 INFO system Request processed successfully
2026-09-19 10:00:13 INFO system Request processed successfully
2026-09-19 10:00:14 WARN database Query response slow
2026-09-19 10:00:15 INFO system Request processed successfully
2026-09-19 10:00:16 INFO system Request processed successfully
2026-09-19 10:00:17 WARN database Query response slow
2026-09-19 10:00:18 INFO system Request processed successfully
2026-09-19 10:00:19 INFO system Request processed successfully
2026-09-19 10:00:20 INFO system Request processed successfully
2026-09-19 10:00:21 WARN database Query response slow
2026-09-19 10:00:22 WARN database Query response slow
2026-09-19 10:00:23 INFO system Request processed successfully
2026-09-19 10:00:24 INFO system Request processed successfully
2026-09-19 10:00:25 WARN database Query response slow
2026-09-19 10:00:26 INFO system Request processed successfully
2026-09-19 10:00:27 INFO system Request processed successfully
2026-09-19 10:00:28 INFO system Request processed successfully
2026-09-19 10:00:29 INFO system Request processed successfully
2026-09-19 10:00:30 INFO system Request processed successfully
2026-09-19 10:00:31 WARN database Query response slow
2026-09-19 10:00:32 INFO system Request processed successfully
2026-09-19 10:00:33 INFO system Request processed successfully
2026-09-19 10:00:34 INFO system Request processed successfully
2026-09-19 10:00:35 INFO system Request processed successfully
2026-09-19 10:00:36 INFO system Request processed successfully
2026-09-19 10:00:37 WARN database Query response slow
2026-09-19 10:00:38 WARN database Query response slow
2026-09-19 10:00:39 WARN database Query response slow
2026-09-19 10:00:40 INFO system Request processed successfully
2026-09-19 10:00:41 INFO system Request processed successfully
2026-09-19 10:00:42 INFO system Request processed successfully
2026-09-19 10:00:43 WARN database Query response slow
2026-09-19 10:00:44 INFO system Request processed successfully
2026-09-19 10:00:45 INFO system Request processed successfully
2026-09-19 10:00:46 INFO system Request processed successfully
2026-09-19 10:00:47 INFO system Request processed successfully
2026-09-19 10:00:48 INFO system Request processed successfully
2026-09-19 10:00:49 INFO system Request processed successfully
2026-09-19 10:00:50 INFO system Request processed successfully
2026-09-19 10:00:51 WARN database Query response slow
2026-09-19 10:00:52 WARN database Query response slow
2026-09-19 10:00:53 INFO system Request processed successfully
2026-09-19 10:00:54 INFO system Request processed successfully
2026-09-19 10:00:55 INFO system Request processed successfully
2026-09-19 10:00:56 INFO system Request processed successfully
2026-09-19 10:00:57 WARN database Query response slow
2026-09-19 10:00:58 INFO system Request processed successfully
2026-09-19 10:00:59 INFO system Request processed successfully
2026-09-19 10:00:00 INFO system Request processed successfully
2026-09-19 10:00:01 INFO system Request processed successfully
2026-09-19 10:00:02 WARN database Query response slow
2026-09-19 10:00:03 INFO system Request processed successfully
2026-09-19 10:00:04 WARN database Query response slow
2026-09-19 10:00:05 INFO system Request processed successfully
2026-09-19 10:00:06 INFO system Request processed successfully
2026-09-19 10:00:07 INFO system Request processed successfully
2026-09-19 10:00:08 ERROR auth Authentication failed
2026-09-19 10:00:09 WARN database Query response slow
2026-09-19 10:00:10 ERROR model Model loading failed
2026-09-19 10:00:11 INFO system Request processed successfully
2026-09-19 10:00:12 INFO system Request processed successfully
2026-09-19 10:00:13 INFO system Request processed successfully
2026-09-19 10:00:14 INFO system Request processed successfully
2026-09-19 10:00:15 ERROR database Connection timeout
2026-09-19 10:00:16 INFO system Request processed successfully
2026-09-19 10:00:17 INFO system Request processed successfully
2026-09-19 10:00:18 INFO system Request processed successfully
2026-09-19 10:00:19 INFO system Request processed successfully
2026-09-19 10:00:20 INFO system Request processed successfully
2026-09-19 10:00:21 INFO system Request processed successfully
2026-09-19 10:00:22 INFO system Request processed successfully
2026-09-19 10:00:23 WARN database Query response slow
2026-09-19 10:00:24 INFO system Request processed successfully
2026-09-19 10:00:25 INFO system Request processed successfully
2026-09-19 10:00:26 INFO system Request processed successfully
2026-09-19 10:00:27 INFO system Request processed successfully
2026-09-19 10:00:28 INFO system Request processed successfully
2026-09-19 10:00:29 INFO system Request processed successfully
2026-09-19 10:00:30 INFO system Request processed successfully
2026-09-19 10:00:31 WARN database Query response slow
2026-09-19 10:00:32 INFO system Request processed successfully
2026-09-19 10:00:33 INFO system Request processed successfully
2026-09-19 10:00:34 ERROR model Model loading failed
2026-09-19 10:00:35 WARN database Query response slow
2026-09-19 10:00:36 INFO system Request processed successfully
2026-09-19 10:00:37 INFO system Request processed successfully
2026-09-19 10:00:38 INFO system Request processed successfully
2026-09-19 10:00:39 WARN database Query response slow
2026-09-19 10:00:40 WARN database Query response slow
2026-09-19 10:00:41 INFO system Request processed successfully
2026-09-19 10:00:42 INFO system Request processed successfully
2026-09-19 10:00:43 WARN database Query response slow
2026-09-19 10:00:44 INFO system Request processed successfully
2026-09-19 10:00:45 INFO system Request processed successfully
2026-09-19 10:00:46 INFO system Request processed successfully
2026-09-19 10:00:47 INFO system Request processed successfully
2026-09-19 10:00:48 INFO system Request processed successfully
2026-09-19 10:00:49 INFO system Request processed successfully
2026-09-19 10:00:50 INFO system Request processed successfully
2026-09-19 10:00:51 INFO system Request processed successfully
2026-09-19 10:00:52 INFO system Request processed successfully
2026-09-19 10:00:53 ERROR auth Authentication failed
2026-09-19 10:00:54 INFO system Request processed successfully
2026-09-19 10:00:55 WARN database Query response slow
2026-09-19 10:00:56 INFO system Request processed successfully
2026-09-19 10:00:57 INFO system Request processed successfully
2026-09-19 10:00:58 INFO system Request processed successfully
2026-09-19 10:00:59 ERROR auth Authentication failed
2026-09-19 10:00:00 ERROR database Connection timeout
2026-09-19 10:00:01 INFO system Request processed successfully
2026-09-19 10:00:02 INFO system Request processed successfully
2026-09-19 10:00:03 INFO system Request processed successfully
2026-09-19 10:00:04 INFO system Request processed successfully
2026-09-19 10:00:05 INFO system Request processed successfully
2026-09-19 10:00:06 INFO system Request processed successfully
2026-09-19 10:00:07 INFO system Request processed successfully
2026-09-19 10:00:08 INFO system Request processed successfully
2026-09-19 10:00:09 INFO system Request processed successfully
2026-09-19 10:00:10 WARN database Query response slow
2026-09-19 10:00:11 INFO system Request processed successfully
2026-09-19 10:00:12 WARN database Query response slow
2026-09-19 10:00:13 INFO system Request processed successfully
2026-09-19 10:00:14 INFO system Request processed successfully
2026-09-19 10:00:15 INFO system Request processed successfully
2026-09-19 10:00:16 INFO system Request processed successfully
2026-09-19 10:00:17 INFO system Request processed successfully
2026-09-19 10:00:18 INFO system Request processed successfully
2026-09-19 10:00:19 INFO system Request processed successfully
2026-09-19 10:00:20 INFO system Request processed successfully
2026-09-19 10:00:21 ERROR database Connection timeout
2026-09-19 10:00:22 INFO system Request processed successfully
2026-09-19 10:00:23 INFO system Request processed successfully
2026-09-19 10:00:24 INFO system Request processed successfully
2026-09-19 10:00:25 WARN database Query response slow
2026-09-19 10:00:26 INFO system Request processed successfully
2026-09-19 10:00:27 INFO system Request processed successfully
2026-09-19 10:00:28 INFO system Request processed successfully
2026-09-19 10:00:29 INFO system Request processed successfully
2026-09-19 10:00:30 ERROR database Connection timeout
2026-09-19 10:00:31 INFO system Request processed successfully
2026-09-19 10:00:32 INFO system Request processed successfully
2026-09-19 10:00:33 INFO system Request processed successfully
2026-09-19 10:00:34 INFO system Request processed successfully
2026-09-19 10:00:35 INFO system Request processed successfully
2026-09-19 10:00:36 INFO system Request processed successfully
2026-09-19 10:00:37 INFO system Request processed successfully
2026-09-19 10:00:38 INFO system Request processed successfully
2026-09-19 10:00:39 INFO system Request processed successfully
2026-09-19 10:00:40 INFO system Request processed successfully
2026-09-19 10:00:41 INFO system Request processed successfully
2026-09-19 10:00:42 ERROR database Connection timeout
2026-09-19 10:00:43 INFO system Request processed successfully
2026-09-19 10:00:44 INFO system Request processed successfully
2026-09-19 10:00:45 INFO system Request processed successfully
2026-09-19 10:00:46 INFO system Request processed successfully
2026-09-19 10:00:47 INFO system Request processed successfully
2026-09-19 10:00:48 INFO system Request processed successfully
2026-09-19 10:00:49 INFO system Request processed successfully
2026-09-19 10:00:50 INFO system Request processed successfully
2026-09-19 10:00:51 ERROR database Connection timeout
2026-09-19 10:00:52 INFO system Request processed successfully
2026-09-19 10:00:53 WARN database Query response slow
2026-09-19 10:00:54 INFO system Request processed successfully
2026-09-19 10:00:55 INFO system Request processed successfully
2026-09-19 10:00:56 INFO system Request processed successfully
2026-09-19 10:00:57 INFO system Request processed successfully
2026-09-19 10:00:58 INFO system Request processed successfully
2026-09-19 10:00:59 INFO system Request processed successfully
2026-09-19 10:00:00 INFO system Request processed successfully
2026-09-19 10:00:01 INFO system Request processed successfully
2026-09-19 10:00:02 WARN database Query response slow
2026-09-19 10:00:03 INFO system Request processed successfully
2026-09-19 10:00:04 INFO system Request processed successfully
2026-09-19 10:00:05 INFO system Request processed successfully
2026-09-19 10:00:06 INFO system Request processed successfully
2026-09-19 10:00:07 INFO system Request processed successfully
2026-09-19 10:00:08 INFO system Request processed successfully
2026-09-19 10:00:09 INFO system Request processed successfully
2026-09-19 10:00:10 INFO system Request processed successfully
2026-09-19 10:00:11 INFO system Request processed successfully
2026-09-19 10:00:12 INFO system Request processed successfully
2026-09-19 10:00:13 INFO system Request processed successfully
2026-09-19 10:00:14 INFO system Request processed successfully
2026-09-19 10:00:15 INFO system Request processed successfully
2026-09-19 10:00:16 ERROR model Model loading failed
2026-09-19 10:00:17 INFO system Request processed successfully
2026-09-19 10:00:18 WARN database Query response slow
2026-09-19 10:00:19 WARN database Query response slow
2026-09-19 10:00:20 ERROR auth Authentication failed
2026-09-19 10:00:21 INFO system Request processed successfully
2026-09-19 10:00:22 INFO system Request processed successfully
2026-09-19 10:00:23 WARN database Query response slow
2026-09-19 10:00:24 INFO system Request processed successfully
2026-09-19 10:00:25 INFO system Request processed successfully
2026-09-19 10:00:26 INFO system Request processed successfully
2026-09-19 10:00:27 INFO system Request processed successfully
2026-09-19 10:00:28 INFO system Request processed successfully
2026-09-19 10:00:29 WARN database Query response slow
2026-09-19 10:00:30 INFO system Request processed successfully
2026-09-19 10:00:31 WARN database Query response slow
2026-09-19 10:00:32 INFO system Request processed successfully
2026-09-19 10:00:33 INFO system Request processed successfully
2026-09-19 10:00:34 WARN database Query response slow
2026-09-19 10:00:35 WARN database Query response slow
2026-09-19 10:00:36 INFO system Request processed successfully
2026-09-19 10:00:37 WARN database Query response slow
2026-09-19 10:00:38 WARN database Query response slow
2026-09-19 10:00:39 INFO system Request processed successfully
2026-09-19 10:00:40 INFO system Request processed successfully
2026-09-19 10:00:41 WARN database Query response slow
2026-09-19 10:00:42 WARN database Query response slow
2026-09-19 10:00:43 INFO system Request processed successfully
2026-09-19 10:00:44 ERROR auth Authentication failed
2026-09-19 10:00:45 INFO system Request processed successfully
2026-09-19 10:00:46 INFO system Request processed successfully
2026-09-19 10:00:47 WARN database Query response slow
2026-09-19 10:00:48 INFO system Request processed successfully
2026-09-19 10:00:49 INFO system Request processed successfully
2026-09-19 10:00:50 WARN database Query response slow
2026-09-19 10:00:51 INFO system Request processed successfully
2026-09-19 10:00:52 INFO system Request processed successfully
2026-09-19 10:00:53 INFO system Request processed successfully
2026-09-19 10:00:54 INFO system Request processed successfully
2026-09-19 10:00:55 INFO system Request processed successfully
2026-09-19 10:00:56 WARN database Query response slow
2026-09-19 10:00:57 INFO system Request processed successfully
2026-09-19 10:00:58 INFO system Request processed successfully
2026-09-19 10:00:59 INFO system Request processed successfully
2026-09-19 10:00:00 INFO system Request processed successfully
2026-09-19 10:00:01 INFO system Request processed successfully
2026-09-19 10:00:02 INFO system Request processed successfully
2026-09-19 10:00:03 INFO system Request processed successfully
2026-09-19 10:00:04 INFO system Request processed successfully
2026-09-19 10:00:05 INFO system Request processed successfully
2026-09-19 10:00:06 INFO system Request processed successfully
2026-09-19 10:00:07 INFO system Request processed successfully
2026-09-19 10:00:08 WARN database Query response slow
2026-09-19 10:00:09 INFO system Request processed successfully
2026-09-19 10:00:10 INFO system Request processed successfully
2026-09-19 10:00:11 INFO system Request processed successfully
2026-09-19 10:00:12 INFO system Request processed successfully
2026-09-19 10:00:13 INFO system Request processed successfully
2026-09-19 10:00:14 WARN database Query response slow
2026-09-19 10:00:15 INFO system Request processed successfully
2026-09-19 10:00:16 WARN database Query response slow
2026-09-19 10:00:17 WARN database Query response slow
2026-09-19 10:00:18 INFO system Request processed successfully
2026-09-19 10:00:19 INFO system Request processed successfully
2026-09-19 10:00:20 INFO system Request processed successfully
2026-09-19 10:00:21 INFO system Request processed successfully
2026-09-19 10:00:22 ERROR model Model loading failed
2026-09-19 10:00:23 INFO system Request processed successfully
2026-09-19 10:00:24 ERROR database Connection timeout
2026-09-19 10:00:25 INFO system Request processed successfully
2026-09-19 10:00:26 INFO system Request processed successfully
2026-09-19 10:00:27 ERROR database Connection timeout
2026-09-19 10:00:28 INFO system Request processed successfully
2026-09-19 10:00:29 INFO system Request processed successfully
2026-09-19 10:00:30 INFO system Request processed successfully
2026-09-19 10:00:31 INFO system Request processed successfully
2026-09-19 10:00:32 INFO system Request processed successfully
2026-09-19 10:00:33 INFO system Request processed successfully
2026-09-19 10:00:34 INFO system Request processed successfully
2026-09-19 10:00:35 INFO system Request processed successfully
2026-09-19 10:00:36 INFO system Request processed successfully
2026-09-19 10:00:37 INFO system Request processed successfully
2026-09-19 10:00:38 INFO system Request processed successfully
2026-09-19 10:00:39 INFO system Request processed successfully
2026-09-19 10:00:40 INFO system Request processed successfully
2026-09-19 10:00:41 WARN database Query response slow
2026-09-19 10:00:42 INFO system Request processed successfully
2026-09-19 10:00:43 INFO system Request processed successfully
2026-09-19 10:00:44 INFO system Request processed successfully
2026-09-19 10:00:45 WARN database Query response slow
2026-09-19 10:00:46 INFO system Request processed successfully
2026-09-19 10:00:47 INFO system Request processed successfully
2026-09-19 10:00:48 INFO system Request processed successfully
2026-09-19 10:00:49 INFO system Request processed successfully
2026-09-19 10:00:50 INFO system Request processed successfully
2026-09-19 10:00:51 INFO system Request processed successfully
2026-09-19 10:00:52 INFO system Request processed successfully
2026-09-19 10:00:53 INFO system Request processed successfully
2026-09-19 10:00:54 INFO system Request processed successfully
2026-09-19 10:00:55 INFO system Request processed successfully
2026-09-19 10:00:56 INFO system Request processed successfully
2026-09-19 10:00:57 INFO system Request processed successfully
2026-09-19 10:00:58 INFO system Request processed successfully
2026-09-19 10:00:59 INFO system Request processed successfully
2026-09-19 10:00:00 INFO system Request processed successfully
2026-09-19 10:00:01 INFO system Request processed successfully
2026-09-19 10:00:02 INFO system Request processed successfully
2026-09-19 10:00:03 INFO system Request processed successfully
2026-09-19 10:00:04 INFO system Request processed successfully
2026-09-19 10:00:05 INFO system Request processed successfully
2026-09-19 10:00:06 ERROR database Connection timeout
2026-09-19 10:00:07 INFO system Request processed successfully
2026-09-19 10:00:08 INFO system Request processed successfully
2026-09-19 10:00:09 INFO system Request processed successfully
2026-09-19 10:00:10 INFO system Request processed successfully
2026-09-19 10:00:11 INFO system Request processed successfully
2026-09-19 10:00:12 INFO system Request processed successfully
2026-09-19 10:00:13 INFO system Request processed successfully
2026-09-19 10:00:14 INFO system Request processed successfully
2026-09-19 10:00:15 INFO system Request processed successfully
2026-09-19 10:00:16 INFO system Request processed successfully
2026-09-19 10:00:17 INFO system Request processed successfully
2026-09-19 10:00:18 INFO system Request processed successfully
2026-09-19 10:00:19 INFO system Request processed successfully
2026-09-19 10:00:20 INFO system Request processed successfully
2026-09-19 10:00:21 INFO system Request processed successfully
2026-09-19 10:00:22 INFO system Request processed successfully
2026-09-19 10:00:23 INFO system Request processed successfully
2026-09-19 10:00:24 ERROR database Connection timeout
2026-09-19 10:00:25 INFO system Request processed successfully
2026-09-19 10:00:26 INFO system Request processed successfully
2026-09-19 10:00:27 INFO system Request processed successfully
2026-09-19 10:00:28 INFO system Request processed successfully
2026-09-19 10:00:29 INFO system Request processed successfully
2026-09-19 10:00:30 INFO system Request processed successfully
2026-09-19 10:00:31 INFO system Request processed successfully
2026-09-19 10:00:32 INFO system Request processed successfully
2026-09-19 10:00:33 ERROR database Connection timeout
2026-09-19 10:00:34 WARN database Query response slow
2026-09-19 10:00:35 INFO system Request processed successfully
2026-09-19 10:00:36 INFO system Request processed successfully
2026-09-19 10:00:37 INFO system Request processed successfully
2026-09-19 10:00:38 INFO system Request processed successfully
2026-09-19 10:00:39 WARN database Query response slow
2026-09-19 10:00:40 INFO system Request processed successfully
2026-09-19 10:00:41 INFO system Request processed successfully
2026-09-19 10:00:42 INFO system Request processed successfully
2026-09-19 10:00:43 INFO system Request processed successfully
2026-09-19 10:00:44 INFO system Request processed successfully
2026-09-19 10:00:45 INFO system Request processed successfully
2026-09-19 10:00:46 WARN database Query response slow
2026-09-19 10:00:47 INFO system Request processed successfully
2026-09-19 10:00:48 INFO system Request processed successfully
2026-09-19 10:00:49 INFO system Request processed successfully
2026-09-19 10:00:50 INFO system Request processed successfully
2026-09-19 10:00:51 WARN database Query response slow
2026-09-19 10:00:52 INFO system Request processed successfully
2026-09-19 10:00:53 INFO system Request processed successfully
2026-09-19 10:00:54 INFO system Request processed successfully
2026-09-19 10:00:55 WARN database Query response slow
2026-09-19 10:00:56 INFO system Request processed successfully
2026-09-19 10:00:57 INFO system Request processed successfully
2026-09-19 10:00:58 WARN database Query response slow
2026-09-19 10:00:59 INFO system Request processed successfully
2026-09-19 10:00:00 INFO system Request processed successfully
2026-09-19 10:00:01 WARN database Query response slow
2026-09-19 10:00:02 INFO system Request processed successfully
2026-09-19 10:00:03 INFO system Request processed successfully
2026-09-19 10:00:04 INFO system Request processed successfully
2026-09-19 10:00:05 WARN database Query response slow
2026-09-19 10:00:06 INFO system Request processed successfully
2026-09-19 10:00:07 INFO system Request processed successfully
2026-09-19 10:00:08 INFO system Request processed successfully
2026-09-19 10:00:09 WARN database Query response slow
2026-09-19 10:00:10 ERROR model Model loading failed
2026-09-19 10:00:11 WARN database Query response slow
2026-09-19 10:00:12 INFO system Request processed successfully
2026-09-19 10:00:13 INFO system Request processed successfully
2026-09-19 10:00:14 INFO system Request processed successfully
2026-09-19 10:00:15 INFO system Request processed successfully
2026-09-19 10:00:16 INFO system Request processed successfully
2026-09-19 10:00:17 WARN database Query response slow
2026-09-19 10:00:18 INFO system Request processed successfully
2026-09-19 10:00:19 INFO system Request processed successfully
2026-09-19 10:00:20 INFO system Request processed successfully
2026-09-19 10:00:21 WARN database Query response slow
2026-09-19 10:00:22 INFO system Request processed successfully
2026-09-19 10:00:23 INFO system Request processed successfully
2026-09-19 10:00:24 INFO system Request processed successfully
2026-09-19 10:00:25 INFO system Request processed successfully
2026-09-19 10:00:26 INFO system Request processed successfully
2026-09-19 10:00:27 INFO system Request processed successfully
2026-09-19 10:00:28 INFO system Request processed successfully
2026-09-19 10:00:29 INFO system Request processed successfully
2026-09-19 10:00:30 INFO system Request processed successfully
2026-09-19 10:00:31 INFO system Request processed successfully
2026-09-19 10:00:32 INFO system Request processed successfully
2026-09-19 10:00:33 INFO system Request processed successfully
2026-09-19 10:00:34 INFO system Request processed successfully
2026-09-19 10:00:35 INFO system Request processed successfully
2026-09-19 10:00:36 INFO system Request processed successfully
2026-09-19 10:00:37 WARN database Query response slow
2026-09-19 10:00:38 INFO system Request processed successfully
2026-09-19 10:00:39 WARN database Query response slow
2026-09-19 10:00:40 INFO system Request processed successfully
2026-09-19 10:00:41 INFO system Request processed successfully
2026-09-19 10:00:42 WARN database Query response slow
2026-09-19 10:00:43 INFO system Request processed successfully
2026-09-19 10:00:44 INFO system Request processed successfully
2026-09-19 10:00:45 INFO system Request processed successfully
2026-09-19 10:00:46 WARN database Query response slow
2026-09-19 10:00:47 INFO system Request processed successfully
2026-09-19 10:00:48 INFO system Request processed successfully
2026-09-19 10:00:49 INFO system Request processed successfully
2026-09-19 10:00:50 INFO system Request processed successfully
2026-09-19 10:00:51 INFO system Request processed successfully
2026-09-19 10:00:52 WARN database Query response slow
2026-09-19 10:00:53 INFO system Request processed successfully
2026-09-19 10:00:54 INFO system Request processed successfully
2026-09-19 10:00:55 WARN database Query response slow
2026-09-19 10:00:56 ERROR auth Authentication failed
2026-09-19 10:00:57 INFO system Request processed successfully
2026-09-19 10:00:58 INFO system Request processed successfully
2026-09-19 10:00:59 INFO system Request processed successfully
2026-09-19 10:00:00 INFO system Request processed successfully
2026-09-19 10:00:01 INFO system Request processed successfully
2026-09-19 10:00:02 INFO system Request processed successfully
2026-09-19 10:00:03 INFO system Request processed successfully
2026-09-19 10:00:04 INFO system Request processed successfully
2026-09-19 10:00:05 INFO system Request processed successfully
2026-09-19 10:00:06 INFO system Request processed successfully
2026-09-19 10:00:07 WARN database Query response slow
2026-09-19 10:00:08 INFO system Request processed successfully
2026-09-19 10:00:09 INFO system Request processed successfully
2026-09-19 10:00:10 INFO system Request processed successfully
2026-09-19 10:00:11 INFO system Request processed successfully
2026-09-19 10:00:12 INFO system Request processed successfully
2026-09-19 10:00:13 INFO system Request processed successfully
2026-09-19 10:00:14 INFO system Request processed successfully
2026-09-19 10:00:15 WARN database Query response slow
2026-09-19 10:00:16 INFO system Request processed successfully
2026-09-19 10:00:17 INFO system Request processed successfully
2026-09-19 10:00:18 INFO system Request processed successfully
2026-09-19 10:00:19 INFO system Request processed successfully
2026-09-19 10:00:20 INFO system Request processed successfully
2026-09-19 10:00:21 INFO system Request processed successfully
2026-09-19 10:00:22 WARN database Query response slow
2026-09-19 10:00:23 INFO system Request processed successfully
2026-09-19 10:00:24 INFO system Request processed successfully
2026-09-19 10:00:25 INFO system Request processed successfully
2026-09-19 10:00:26 WARN database Query response slow
2026-09-19 10:00:27 INFO system Request processed successfully
2026-09-19 10:00:28 INFO system Request processed successfully
2026-09-19 10:00:29 INFO system Request processed successfully
2026-09-19 10:00:30 INFO system Request processed successfully
2026-09-19 10:00:31 INFO system Request processed successfully
2026-09-19 10:00:32 INFO system Request processed successfully
2026-09-19 10:00:33 INFO system Request processed successfully
2026-09-19 10:00:34 WARN database Query response slow
2026-09-19 10:00:35 INFO system Request processed successfully
2026-09-19 10:00:36 ERROR database Connection timeout
2026-09-19 10:00:37 INFO system Request processed successfully
2026-09-19 10:00:38 INFO system Request processed successfully
2026-09-19 10:00:39 INFO system Request processed successfully
2026-09-19 10:00:40 INFO system Request processed successfully
2026-09-19 10:00:41 INFO system Request processed successfully
2026-09-19 10:00:42 INFO system Request processed successfully
2026-09-19 10:00:43 INFO system Request processed successfully
2026-09-19 10:00:44 INFO system Request processed successfully
2026-09-19 10:00:45 WARN database Query response slow
2026-09-19 10:00:46 INFO system Request processed successfully
2026-09-19 10:00:47 WARN database Query response slow
2026-09-19 10:00:48 INFO system Request processed successfully
2026-09-19 10:00:49 INFO system Request processed successfully
2026-09-19 10:00:50 WARN database Query response slow
2026-09-19 10:00:51 INFO system Request processed successfully
2026-09-19 10:00:52 INFO system Request processed successfully
2026-09-19 10:00:53 INFO system Request processed successfully
2026-09-19 10:00:54 ERROR database Connection timeout
2026-09-19 10:00:55 INFO system Request processed successfully
2026-09-19 10:00:56 WARN database Query response slow
2026-09-19 10:00:57 INFO system Request processed successfully
2026-09-19 10:00:58 INFO system Request processed successfully
2026-09-19 10:00:59 WARN database Query response slow
2026-09-19 10:00:00 INFO system Request processed successfully
2026-09-19 10:00:01 INFO system Request processed successfully
2026-09-19 10:00:02 WARN database Query response slow
2026-09-19 10:00:03 INFO system Request processed successfully
2026-09-19 10:00:04 WARN database Query response slow
2026-09-19 10:00:05 WARN database Query response slow
2026-09-19 10:00:06 INFO system Request processed successfully
2026-09-19 10:00:07 INFO system Request processed successfully
2026-09-19 10:00:08 INFO system Request processed successfully
2026-09-19 10:00:09 INFO system Request processed successfully
2026-09-19 10:00:10 WARN database Query response slow
2026-09-19 10:00:11 INFO system Request processed successfully
2026-09-19 10:00:12 INFO system Request processed successfully
2026-09-19 10:00:13 INFO system Request processed successfully
2026-09-19 10:00:14 ERROR auth Authentication failed
2026-09-19 10:00:15 INFO system Request processed successfully
2026-09-19 10:00:16 INFO system Request processed successfully
2026-09-19 10:00:17 ERROR auth Authentication failed
2026-09-19 10:00:18 INFO system Request processed successfully
2026-09-19 10:00:19 INFO system Request processed successfully
2026-09-19 10:00:20 INFO system Request processed successfully
2026-09-19 10:00:21 INFO system Request processed successfully
2026-09-19 10:00:22 WARN database Query response slow
2026-09-19 10:00:23 INFO system Request processed successfully
2026-09-19 10:00:24 INFO system Request processed successfully
2026-09-19 10:00:25 INFO system Request processed successfully
2026-09-19 10:00:26 WARN database Query response slow
2026-09-19 10:00:27 INFO system Request processed successfully
2026-09-19 10:00:28 INFO system Request processed successfully
2026-09-19 10:00:29 INFO system Request processed successfully
2026-09-19 10:00:30 INFO system Request processed successfully
2026-09-19 10:00:31 INFO system Request processed successfully
2026-09-19 10:00:32 WARN database Query response slow
2026-09-19 10:00:33 INFO system Request processed successfully
2026-09-19 10:00:34 WARN database Query response slow
2026-09-19 10:00:35 WARN database Query response slow
2026-09-19 10:00:36 ERROR database Connection timeout
2026-09-19 10:00:37 INFO system Request processed successfully
2026-09-19 10:00:38 INFO system Request processed successfully
2026-09-19 10:00:39 INFO system Request processed successfully
2026-09-19 10:00:40 INFO system Request processed successfully
2026-09-19 10:00:41 INFO system Request processed successfully
2026-09-19 10:00:42 INFO system Request processed successfully
2026-09-19 10:00:43 INFO system Request processed successfully
2026-09-19 10:00:44 INFO system Request processed successfully
2026-09-19 10:00:45 INFO system Request processed successfully
2026-09-19 10:00:46 INFO system Request processed successfully
2026-09-19 10:00:47 INFO system Request processed successfully
2026-09-19 10:00:48 INFO system Request processed successfully
2026-09-19 10:00:49 INFO system Request processed successfully
2026-09-19 10:00:50 INFO system Request processed successfully
2026-09-19 10:00:51 ERROR database Connection timeout
2026-09-19 10:00:52 INFO system Request processed successfully
2026-09-19 10:00:53 INFO system Request processed successfully
2026-09-19 10:00:54 INFO system Request processed successfully
2026-09-19 10:00:55 INFO system Request processed successfully
2026-09-19 10:00:56 INFO system Request processed successfully
2026-09-19 10:00:57 INFO system Request processed successfully
2026-09-19 10:00:58 INFO system Request processed successfully
2026-09-19 10:00:59 INFO system Request processed successfully
2026-09-19 10:00:00 INFO system Request processed successfully
2026-09-19 10:00:01 INFO system Request processed successfully
2026-09-19 10:00:02 INFO system Request processed successfully
2026-09-19 10:00:03 INFO system Request processed successfully
2026-09-19 10:00:04 INFO system Request processed successfully
2026-09-19 10:00:05 WARN database Query response slow
2026-09-19 10:00:06 INFO system Request processed successfully
2026-09-19 10:00:07 INFO system Request processed successfully
2026-09-19 10:00:08 INFO system Request processed successfully
2026-09-19 10:00:09 INFO system Request processed successfully
2026-09-19 10:00:10 INFO system Request processed successfully
2026-09-19 10:00:11 WARN database Query response slow
2026-09-19 10:00:12 INFO system Request processed successfully
2026-09-19 10:00:13 INFO system Request processed successfully
2026-09-19 10:00:14 INFO system Request processed successfully
2026-09-19 10:00:15 INFO system Request processed successfully
2026-09-19 10:00:16 INFO system Request processed successfully
2026-09-19 10:00:17 WARN database Query response slow
2026-09-19 10:00:18 INFO system Request processed successfully
2026-09-19 10:00:19 INFO system Request processed successfully
2026-09-19 10:00:20 INFO system Request processed successfully
2026-09-19 10:00:21 INFO system Request processed successfully
2026-09-19 10:00:22 INFO system Request processed successfully
2026-09-19 10:00:23 WARN database Query response slow
2026-09-19 10:00:24 INFO system Request processed successfully
2026-09-19 10:00:25 INFO system Request processed successfully
2026-09-19 10:00:26 INFO system Request processed successfully
2026-09-19 10:00:27 INFO system Request processed successfully
2026-09-19 10:00:28 INFO system Request processed successfully
2026-09-19 10:00:29 INFO system Request processed successfully
2026-09-19 10:00:30 INFO system Request processed successfully
2026-09-19 10:00:31 INFO system Request processed successfully
2026-09-19 10:00:32 INFO system Request processed successfully
2026-09-19 10:00:33 INFO system Request processed successfully
2026-09-19 10:00:34 INFO system Request processed successfully
2026-09-19 10:00:35 INFO system Request processed successfully
2026-09-19 10:00:36 INFO system Request processed successfully
2026-09-19 10:00:37 ERROR model Model loading failed
2026-09-19 10:00:38 INFO system Request processed successfully
2026-09-19 10:00:39 INFO system Request processed successfully
2026-09-19 10:00:40 INFO system Request processed successfully
2026-09-19 10:00:41 INFO system Request processed successfully
2026-09-19 10:00:42 INFO system Request processed successfully
2026-09-19 10:00:43 WARN database Query response slow
2026-09-19 10:00:44 INFO system Request processed successfully
2026-09-19 10:00:45 INFO system Request processed successfully
2026-09-19 10:00:46 WARN database Query response slow
2026-09-19 10:00:47 WARN database Query response slow
2026-09-19 10:00:48 INFO system Request processed successfully
2026-09-19 10:00:49 INFO system Request processed successfully
2026-09-19 10:00:50 INFO system Request processed successfully
2026-09-19 10:00:51 INFO system Request processed successfully
2026-09-19 10:00:52 INFO system Request processed successfully
2026-09-19 10:00:53 INFO system Request processed successfully
2026-09-19 10:00:54 INFO system Request processed successfully
2026-09-19 10:00:55 INFO system Request processed successfully
2026-09-19 10:00:56 INFO system Request processed successfully
2026-09-19 10:00:57 INFO system Request processed successfully
2026-09-19 10:00:58 WARN database Query response slow
2026-09-19 10:00:59 INFO system Request processed successfully
2026-09-19 10:00:00 INFO system Request processed successfully
2026-09-19 10:00:01 INFO system Request processed successfully
2026-09-19 10:00:02 INFO system Request processed successfully
2026-09-19 10:00:03 ERROR database Connection timeout
2026-09-19 10:00:04 INFO system Request processed successfully
2026-09-19 10:00:05 INFO system Request processed successfully
2026-09-19 10:00:06 INFO system Request processed successfully
2026-09-19 10:00:07 INFO system Request processed successfully
2026-09-19 10:00:08 WARN database Query response slow
2026-09-19 10:00:09 WARN database Query response slow
2026-09-19 10:00:10 INFO system Request processed successfully
2026-09-19 10:00:11 WARN database Query response slow
2026-09-19 10:00:12 WARN database Query response slow
2026-09-19 10:00:13 INFO system Request processed successfully
2026-09-19 10:00:14 INFO system Request processed successfully
2026-09-19 10:00:15 INFO system Request processed successfully
2026-09-19 10:00:16 INFO system Request processed successfully
2026-09-19 10:00:17 INFO system Request processed successfully
2026-09-19 10:00:18 INFO system Request processed successfully
2026-09-19 10:00:19 INFO system Request processed successfully
2026-09-19 10:00:20 INFO system Request processed successfully
2026-09-19 10:00:21 INFO system Request processed successfully
2026-09-19 10:00:22 INFO system Request processed successfully
2026-09-19 10:00:23 INFO system Request processed successfully
2026-09-19 10:00:24 INFO system Request processed successfully
2026-09-19 10:00:25 WARN database Query response slow
2026-09-19 10:00:26 INFO system Request processed successfully
2026-09-19 10:00:27 INFO system Request processed successfully
2026-09-19 10:00:28 WARN database Query response slow
2026-09-19 10:00:29 ERROR auth Authentication failed
2026-09-19 10:00:30 INFO system Request processed successfully
2026-09-19 10:00:31 INFO system Request processed successfully
2026-09-19 10:00:32 INFO system Request processed successfully
2026-09-19 10:00:33 INFO system Request processed successfully
2026-09-19 10:00:34 WARN database Query response slow
2026-09-19 10:00:35 INFO system Request processed successfully
2026-09-19 10:00:36 WARN database Query response slow
2026-09-19 10:00:37 INFO system Request processed successfully
2026-09-19 10:00:38 INFO system Request processed successfully
2026-09-19 10:00:39 INFO system Request processed successfully
2026-09-19 10:00:40 INFO system Request processed successfully
2026-09-19 10:00:41 WARN database Query response slow
2026-09-19 10:00:42 INFO system Request processed successfully
2026-09-19 10:00:43 INFO system Request processed successfully
2026-09-19 10:00:44 WARN database Query response slow
2026-09-19 10:00:45 INFO system Request processed successfully
2026-09-19 10:00:46 INFO system Request processed successfully
2026-09-19 10:00:47 WARN database Query response slow
2026-09-19 10:00:48 INFO system Request processed successfully
2026-09-19 10:00:49 WARN database Query response slow
2026-09-19 10:00:50 INFO system Request processed successfully
2026-09-19 10:00:51 INFO system Request processed successfully
2026-09-19 10:00:52 INFO system Request processed successfully
2026-09-19 10:00:53 INFO system Request processed successfully
2026-09-19 10:00:54 INFO system Request processed successfully
2026-09-19 10:00:55 INFO system Request processed successfully
2026-09-19 10:00:56 ERROR auth Authentication failed
2026-09-19 10:00:57 WARN database Query response slow
2026-09-19 10:00:58 WARN database Query response slow
2026-09-19 10:00:59 INFO system Request processed successfully
2026-09-19 10:00:00 WARN database Query response slow
2026-09-19 10:00:01 INFO system Request processed successfully
2026-09-19 10:00:02 INFO system Request processed successfully
2026-09-19 10:00:03 INFO system Request processed successfully
2026-09-19 10:00:04 INFO system Request processed successfully
2026-09-19 10:00:05 INFO system Request processed successfully
2026-09-19 10:00:06 INFO system Request processed successfully
2026-09-19 10:00:07 INFO system Request processed successfully
2026-09-19 10:00:08 INFO system Request processed successfully
2026-09-19 10:00:09 INFO system Request processed successfully
2026-09-19 10:00:10 INFO system Request processed successfully
2026-09-19 10:00:11 INFO system Request processed successfully
2026-09-19 10:00:12 INFO system Request processed successfully
2026-09-19 10:00:13 WARN database Query response slow
2026-09-19 10:00:14 ERROR auth Authentication failed
2026-09-19 10:00:15 INFO system Request processed successfully
2026-09-19 10:00:16 INFO system Request processed successfully
2026-09-19 10:00:17 INFO system Request processed successfully
2026-09-19 10:00:18 INFO system Request processed successfully
2026-09-19 10:00:19 INFO system Request processed successfully
2026-09-19 10:00:20 INFO system Request processed successfully
2026-09-19 10:00:21 INFO system Request processed successfully
2026-09-19 10:00:22 INFO system Request processed successfully
2026-09-19 10:00:23 INFO system Request processed successfully
2026-09-19 10:00:24 INFO system Request processed successfully
2026-09-19 10:00:25 INFO system Request processed successfully
2026-09-19 10:00:26 INFO system Request processed successfully
2026-09-19 10:00:27 INFO system Request processed successfully
2026-09-19 10:00:28 WARN database Query response slow
2026-09-19 10:00:29 INFO system Request processed successfully
2026-09-19 10:00:30 INFO system Request processed successfully
2026-09-19 10:00:31 WARN database Query response slow
2026-09-19 10:00:32 INFO system Request processed successfully
2026-09-19 10:00:33 INFO system Request processed successfully
2026-09-19 10:00:34 WARN database Query response slow
2026-09-19 10:00:35 INFO system Request processed successfully
2026-09-19 10:00:36 INFO system Request processed successfully
2026-09-19 10:00:37 INFO system Request processed successfully
2026-09-19 10:00:38 INFO system Request processed successfully
2026-09-19 10:00:39 INFO system Request processed successfully
2026-09-19 10:00:40 INFO system Request processed successfully
2026-09-19 10:00:41 INFO system Request processed successfully
2026-09-19 10:00:42 INFO system Request processed successfully
2026-09-19 10:00:43 INFO system Request processed successfully
2026-09-19 10:00:44 INFO system Request processed successfully
2026-09-19 10:00:45 INFO system Request processed successfully
2026-09-19 10:00:46 INFO system Request processed successfully
2026-09-19 10:00:47 WARN database Query response slow
2026-09-19 10:00:48 INFO system Request processed successfully
2026-09-19 10:00:49 INFO system Request processed successfully
2026-09-19 10:00:50 INFO system Request processed successfully
2026-09-19 10:00:51 INFO system Request processed successfully
2026-09-19 10:00:52 WARN database Query response slow
2026-09-19 10:00:53 INFO system Request processed successfully
2026-09-19 10:00:54 INFO system Request processed successfully
2026-09-19 10:00:55 WARN database Query response slow
2026-09-19 10:00:56 WARN database Query response slow
2026-09-19 10:00:57 INFO system Request processed successfully
2026-09-19 10:00:58 INFO system Request processed successfully
2026-09-19 10:00:59 WARN database Query response slow
2026-09-19 10:00:00 INFO system Request processed successfully
2026-09-19 10:00:01 INFO system Request processed successfully
2026-09-19 10:00:02 INFO system Request processed successfully
2026-09-19 10:00:03 INFO system Request processed successfully
2026-09-19 10:00:04 ERROR model Model loading failed
2026-09-19 10:00:05 INFO system Request processed successfully
2026-09-19 10:00:06 ERROR database Connection timeout
2026-09-19 10:00:07 INFO system Request processed successfully
2026-09-19 10:00:08 INFO system Request processed successfully
2026-09-19 10:00:09 WARN database Query response slow
2026-09-19 10:00:10 INFO system Request processed successfully
2026-09-19 10:00:11 WARN database Query response slow
2026-09-19 10:00:12 INFO system Request processed successfully
2026-09-19 10:00:13 INFO system Request processed successfully
2026-09-19 10:00:14 ERROR auth Authentication failed
2026-09-19 10:00:15 INFO system Request processed successfully
2026-09-19 10:00:16 INFO system Request processed successfully
2026-09-19 10:00:17 INFO system Request processed successfully
2026-09-19 10:00:18 INFO system Request processed successfully
2026-09-19 10:00:19 INFO system Request processed successfully
2026-09-19 10:00:20 INFO system Request processed successfully
2026-09-19 10:00:21 INFO system Request processed successfully
2026-09-19 10:00:22 INFO system Request processed successfully
2026-09-19 10:00:23 INFO system Request processed successfully
2026-09-19 10:00:24 INFO system Request processed successfully
2026-09-19 10:00:25 INFO system Request processed successfully
2026-09-19 10:00:26 INFO system Request processed successfully
2026-09-19 10:00:27 INFO system Request processed successfully
2026-09-19 10:00:28 INFO system Request processed successfully
2026-09-19 10:00:29 INFO system Request processed successfully
2026-09-19 10:00:30 INFO system Request processed successfully
2026-09-19 10:00:31 WARN database Query response slow
2026-09-19 10:00:32 INFO system Request processed successfully
2026-09-19 10:00:33 INFO system Request processed successfully
2026-09-19 10:00:34 INFO system Request processed successfully
2026-09-19 10:00:35 WARN database Query response slow
2026-09-19 10:00:36 INFO system Request processed successfully
2026-09-19 10:00:37 INFO system Request processed successfully
2026-09-19 10:00:38 INFO system Request processed successfully
2026-09-19 10:00:39 INFO system Request processed successfully
2026-09-19 10:00:40 INFO system Request processed successfully
2026-09-19 10:00:41 INFO system Request processed successfully
2026-09-19 10:00:42 INFO system Request processed successfully
2026-09-19 10:00:43 INFO system Request processed successfully
2026-09-19 10:00:44 INFO system Request processed successfully
2026-09-19 10:00:45 INFO system Request processed successfully
2026-09-19 10:00:46 INFO system Request processed successfully
2026-09-19 10:00:47 INFO system Request processed successfully
2026-09-19 10:00:48 INFO system Request processed successfully
2026-09-19 10:00:49 INFO system Request processed successfully
2026-09-19 10:00:50 INFO system Request processed successfully
2026-09-19 10:00:51 INFO system Request processed successfully
2026-09-19 10:00:52 INFO system Request processed successfully
2026-09-19 10:00:53 INFO system Request processed successfully
2026-09-19 10:00:54 INFO system Request processed successfully
2026-09-19 10:00:55 INFO system Request processed successfully
2026-09-19 10:00:56 INFO system Request processed successfully
2026-09-19 10:00:57 INFO system Request processed successfully
2026-09-19 10:00:58 INFO system Request processed successfully
2026-09-19 10:00:59 INFO system Request processed successfully
2026-09-19 10:00:00 INFO system Request processed successfully
2026-09-19 10:00:01 INFO system Request processed successfully
2026-09-19 10:00:02 INFO system Request processed successfully
2026-09-19 10:00:03 INFO system Request processed successfully
2026-09-19 10:00:04 INFO system Request processed successfully
2026-09-19 10:00:05 INFO system Request processed successfully
2026-09-19 10:00:06 INFO system Request processed successfully
2026-09-19 10:00:07 INFO system Request processed successfully
2026-09-19 10:00:08 INFO system Request processed successfully
2026-09-19 10:00:09 INFO system Request processed successfully
2026-09-19 10:00:10 INFO system Request processed successfully
2026-09-19 10:00:11 INFO system Request processed successfully
2026-09-19 10:00:12 INFO system Request processed successfully
2026-09-19 10:00:13 INFO system Request processed successfully
2026-09-19 10:00:14 INFO system Request processed successfully
2026-09-19 10:00:15 WARN database Query response slow
2026-09-19 10:00:16 INFO system Request processed successfully
2026-09-19 10:00:17 INFO system Request processed successfully
2026-09-19 10:00:18 INFO system Request processed successfully
2026-09-19 10:00:19 INFO system Request processed successfully
2026-09-19 10:00:20 INFO system Request processed successfully
2026-09-19 10:00:21 INFO system Request processed successfully
2026-09-19 10:00:22 INFO system Request processed successfully
2026-09-19 10:00:23 WARN database Query response slow
2026-09-19 10:00:24 INFO system Request processed successfully
2026-09-19 10:00:25 INFO system Request processed successfully
2026-09-19 10:00:26 INFO system Request processed successfully
2026-09-19 10:00:27 INFO system Request processed successfully
2026-09-19 10:00:28 INFO system Request processed successfully
2026-09-19 10:00:29 INFO system Request processed successfully
2026-09-19 10:00:30 INFO system Request processed successfully
2026-09-19 10:00:31 INFO system Request processed successfully
2026-09-19 10:00:32 INFO system Request processed successfully
2026-09-19 10:00:33 INFO system Request processed successfully
2026-09-19 10:00:34 INFO system Request processed successfully
2026-09-19 10:00:35 INFO system Request processed successfully
2026-09-19 10:00:36 INFO system Request processed successfully
2026-09-19 10:00:37 INFO system Request processed successfully
2026-09-19 10:00:38 INFO system Request processed successfully
2026-09-19 10:00:39 INFO system Request processed successfully
2026-09-19 10:00:40 INFO system Request processed successfully
2026-09-19 10:00:41 INFO system Request processed successfully
2026-09-19 10:00:42 INFO system Request processed successfully
2026-09-19 10:00:43 INFO system Request processed successfully
2026-09-19 10:00:44 INFO system Request processed successfully
2026-09-19 10:00:45 INFO system Request processed successfully
2026-09-19 10:00:46 INFO system Request processed successfully
2026-09-19 10:00:47 INFO system Request processed successfully
2026-09-19 10:00:48 INFO system Request processed successfully
2026-09-19 10:00:49 INFO system Request processed successfully
2026-09-19 10:00:50 INFO system Request processed successfully
2026-09-19 10:00:51 WARN database Query response slow
2026-09-19 10:00:52 INFO system Request processed successfully
2026-09-19 10:00:53 WARN database Query response slow
2026-09-19 10:00:54 ERROR database Connection timeout
2026-09-19 10:00:55 INFO system Request processed successfully
2026-09-19 10:00:56 INFO system Request processed successfully
2026-09-19 10:00:57 WARN database Query response slow
2026-09-19 10:00:58 INFO system Request processed successfully
2026-09-19 10:00:59 INFO system Request processed successfully
2026-09-19 10:00:00 INFO system Request processed successfully
2026-09-19 10:00:01 INFO system Request processed successfully
2026-09-19 10:00:02 INFO system Request processed successfully
2026-09-19 10:00:03 INFO system Request processed successfully
2026-09-19 10:00:04 INFO system Request processed successfully
2026-09-19 10:00:05 INFO system Request processed successfully
2026-09-19 10:00:06 WARN database Query response slow
2026-09-19 10:00:07 INFO system Request processed successfully
2026-09-19 10:00:08 WARN database Query response slow
2026-09-19 10:00:09 INFO system Request processed successfully
2026-09-19 10:00:10 INFO system Request processed successfully
2026-09-19 10:00:11 INFO system Request processed successfully
2026-09-19 10:00:12 INFO system Request processed successfully
2026-09-19 10:00:13 INFO system Request processed successfully
2026-09-19 10:00:14 INFO system Request processed successfully
2026-09-19 10:00:15 WARN database Query response slow
2026-09-19 10:00:16 INFO system Request processed successfully
2026-09-19 10:00:17 INFO system Request processed successfully
2026-09-19 10:00:18 WARN database Query response slow
2026-09-19 10:00:19 INFO system Request processed successfully
2026-09-19 10:00:20 INFO system Request processed successfully
2026-09-19 10:00:21 INFO system Request processed successfully
2026-09-19 10:00:22 INFO system Request processed successfully
2026-09-19 10:00:23 INFO system Request processed successfully
2026-09-19 10:00:24 INFO system Request processed successfully
2026-09-19 10:00:25 INFO system Request processed successfully
2026-09-19 10:00:26 INFO system Request processed successfully
2026-09-19 10:00:27 INFO system Request processed successfully
2026-09-19 10:00:28 INFO system Request processed successfully
2026-09-19 10:00:29 INFO system Request processed successfully
2026-09-19 10:00:30 INFO system Request processed successfully
2026-09-19 10:00:31 ERROR model Model loading failed
2026-09-19 10:00:32 INFO system Request processed successfully
2026-09-19 10:00:33 INFO system Request processed successfully
2026-09-19 10:00:34 INFO system Request processed successfully
2026-09-19 10:00:35 INFO system Request processed successfully
2026-09-19 10:00:36 WARN database Query response slow
2026-09-19 10:00:37 INFO system Request processed successfully
2026-09-19 10:00:38 INFO system Request processed successfully
2026-09-19 10:00:39 INFO system Request processed successfully
2026-09-19 10:00:40 INFO system Request processed successfully
2026-09-19 10:00:41 INFO system Request processed successfully
2026-09-19 10:00:42 INFO system Request processed successfully
2026-09-19 10:00:43 ERROR model Model loading failed
2026-09-19 10:00:44 INFO system Request processed successfully
2026-09-19 10:00:45 WARN database Query response slow
2026-09-19 10:00:46 WARN database Query response slow
2026-09-19 10:00:47 INFO system Request processed successfully
2026-09-19 10:00:48 WARN database Query response slow
2026-09-19 10:00:49 INFO system Request processed successfully
2026-09-19 10:00:50 INFO system Request processed successfully
2026-09-19 10:00:51 INFO system Request processed successfully
2026-09-19 10:00:52 INFO system Request processed successfully
2026-09-19 10:00:53 WARN database Query response slow
2026-09-19 10:00:54 INFO system Request processed successfully
2026-09-19 10:00:55 INFO system Request processed successfully
2026-09-19 10:00:56 INFO system Request processed successfully
2026-09-19 10:00:57 ERROR database Connection timeout
2026-09-19 10:00:58 INFO system Request processed successfully
2026-09-19 10:00:59 INFO system Request processed successfully
2026-09-19 10:00:00 INFO system Request processed successfully
2026-09-19 10:00:01 INFO system Request processed successfully
2026-09-19 10:00:02 WARN database Query response slow
2026-09-19 10:00:03 INFO system Request processed successfully
2026-09-19 10:00:04 INFO system Request processed successfully
2026-09-19 10:00:05 INFO system Request processed successfully
2026-09-19 10:00:06 INFO system Request processed successfully
2026-09-19 10:00:07 INFO system Request processed successfully
2026-09-19 10:00:08 INFO system Request processed successfully
2026-09-19 10:00:09 WARN database Query response slow
2026-09-19 10:00:10 INFO system Request processed successfully
2026-09-19 10:00:11 INFO system Request processed successfully
2026-09-19 10:00:12 INFO system Request processed successfully
2026-09-19 10:00:13 INFO system Request processed successfully
2026-09-19 10:00:14 INFO system Request processed successfully
2026-09-19 10:00:15 INFO system Request processed successfully
2026-09-19 10:00:16 INFO system Request processed successfully
2026-09-19 10:00:17 INFO system Request processed successfully
2026-09-19 10:00:18 INFO system Request processed successfully
2026-09-19 10:00:19 INFO system Request processed successfully
2026-09-19 10:00:20 INFO system Request processed successfully
2026-09-19 10:00:21 ERROR database Connection timeout
2026-09-19 10:00:22 INFO system Request processed successfully
2026-09-19 10:00:23 INFO system Request processed successfully
2026-09-19 10:00:24 INFO system Request processed successfully
2026-09-19 10:00:25 WARN database Query response slow
2026-09-19 10:00:26 INFO system Request processed successfully
2026-09-19 10:00:27 INFO system Request processed successfully
2026-09-19 10:00:28 INFO system Request processed successfully
2026-09-19 10:00:29 WARN database Query response slow
2026-09-19 10:00:30 INFO system Request processed successfully
2026-09-19 10:00:31 INFO system Request processed successfully
2026-09-19 10:00:32 INFO system Request processed successfully
2026-09-19 10:00:33 INFO system Request processed successfully
2026-09-19 10:00:34 INFO system Request processed successfully
2026-09-19 10:00:35 INFO system Request processed successfully
2026-09-19 10:00:36 INFO system Request processed successfully
2026-09-19 10:00:37 INFO system Request processed successfully
2026-09-19 10:00:38 INFO system Request processed successfully
2026-09-19 10:00:39 INFO system Request processed successfully
2026-09-19 10:00:40 WARN database Query response slow
2026-09-19 10:00:41 INFO system Request processed successfully
2026-09-19 10:00:42 INFO system Request processed successfully
2026-09-19 10:00:43 WARN database Query response slow
2026-09-19 10:00:44 INFO system Request processed successfully
2026-09-19 10:00:45 INFO system Request processed successfully
2026-09-19 10:00:46 INFO system Request processed successfully
2026-09-19 10:00:47 INFO system Request processed successfully
2026-09-19 10:00:48 INFO system Request processed successfully
2026-09-19 10:00:49 INFO system Request processed successfully
2026-09-19 10:00:50 INFO system Request processed successfully
2026-09-19 10:00:51 INFO system Request processed successfully
2026-09-19 10:00:52 ERROR model Model loading failed
2026-09-19 10:00:53 INFO system Request processed successfully
2026-09-19 10:00:54 INFO system Request processed successfully
2026-09-19 10:00:55 WARN database Query response slow
2026-09-19 10:00:56 INFO system Request processed successfully
2026-09-19 10:00:57 WARN database Query response slow
2026-09-19 10:00:58 WARN database Query response slow
2026-09-19 10:00:59 WARN database Query response slow
2026-09-19 10:00:00 INFO system Request processed successfully
2026-09-19 10:00:01 INFO system Request processed successfully
2026-09-19 10:00:02 INFO system Request processed successfully
2026-09-19 10:00:03 INFO system Request processed successfully
2026-09-19 10:00:04 INFO system Request processed successfully
2026-09-19 10:00:05 WARN database Query response slow
2026-09-19 10:00:06 WARN database Query response slow
2026-09-19 10:00:07 INFO system Request processed successfully
2026-09-19 10:00:08 INFO system Request processed successfully
2026-09-19 10:00:09 WARN database Query response slow
2026-09-19 10:00:10 INFO system Request processed successfully
2026-09-19 10:00:11 INFO system Request processed successfully
2026-09-19 10:00:12 INFO system Request processed successfully
2026-09-19 10:00:13 INFO system Request processed successfully
2026-09-19 10:00:14 INFO system Request processed successfully
2026-09-19 10:00:15 INFO system Request processed successfully
2026-09-19 10:00:16 INFO system Request processed successfully
2026-09-19 10:00:17 INFO system Request processed successfully
2026-09-19 10:00:18 INFO system Request processed successfully
2026-09-19 10:00:19 INFO system Request processed successfully
2026-09-19 10:00:20 INFO system Request processed successfully
2026-09-19 10:00:21 INFO system Request processed successfully
2026-09-19 10:00:22 INFO system Request processed successfully
2026-09-19 10:00:23 INFO system Request processed successfully
2026-09-19 10:00:24 INFO system Request processed successfully
2026-09-19 10:00:25 INFO system Request processed successfully
2026-09-19 10:00:26 WARN database Query response slow
2026-09-19 10:00:27 INFO system Request processed successfully
2026-09-19 10:00:28 INFO system Request processed successfully
2026-09-19 10:00:29 WARN database Query response slow
2026-09-19 10:00:30 ERROR database Connection timeout
2026-09-19 10:00:31 INFO system Request processed successfully
2026-09-19 10:00:32 INFO system Request processed successfully
2026-09-19 10:00:33 WARN database Query response slow
2026-09-19 10:00:34 INFO system Request processed successfully
2026-09-19 10:00:35 INFO system Request processed successfully
2026-09-19 10:00:36 INFO system Request processed successfully
2026-09-19 10:00:37 INFO system Request processed successfully
2026-09-19 10:00:38 INFO system Request processed successfully
2026-09-19 10:00:39 INFO system Request processed successfully
2026-09-19 10:00:40 WARN database Query response slow
2026-09-19 10:00:41 INFO system Request processed successfully
2026-09-19 10:00:42 WARN database Query response slow
2026-09-19 10:00:43 INFO system Request processed successfully
2026-09-19 10:00:44 ERROR auth Authentication failed
2026-09-19 10:00:45 INFO system Request processed successfully
2026-09-19 10:00:46 INFO system Request processed successfully
2026-09-19 10:00:47 INFO system Request processed successfully
2026-09-19 10:00:48 INFO system Request processed successfully
2026-09-19 10:00:49 INFO system Request processed successfully
2026-09-19 10:00:50 INFO system Request processed successfully
2026-09-19 10:00:51 ERROR database Connection timeout
2026-09-19 10:00:52 INFO system Request processed successfully
2026-09-19 10:00:53 INFO system Request processed successfully
2026-09-19 10:00:54 INFO system Request processed successfully
2026-09-19 10:00:55 INFO system Request processed successfully
2026-09-19 10:00:56 ERROR auth Authentication failed
2026-09-19 10:00:57 INFO system Request processed successfully
2026-09-19 10:00:58 INFO system Request processed successfully
2026-09-19 10:00:59 INFO system Request processed successfully
2026-09-19 10:00:00 WARN database Query response slow
2026-09-19 10:00:01 INFO system Request processed successfully
2026-09-19 10:00:02 INFO system Request processed successfully
2026-09-19 10:00:03 INFO system Request processed successfully
2026-09-19 10:00:04 INFO system Request processed successfully
2026-09-19 10:00:05 WARN database Query response slow
2026-09-19 10:00:06 ERROR database Connection timeout
2026-09-19 10:00:07 INFO system Request processed successfully
2026-09-19 10:00:08 INFO system Request processed successfully
2026-09-19 10:00:09 WARN database Query response slow
2026-09-19 10:00:10 INFO system Request processed successfully
2026-09-19 10:00:11 INFO system Request processed successfully
2026-09-19 10:00:12 INFO system Request processed successfully
2026-09-19 10:00:13 INFO system Request processed successfully
2026-09-19 10:00:14 INFO system Request processed successfully
2026-09-19 10:00:15 INFO system Request processed successfully
2026-09-19 10:00:16 INFO system Request processed successfully
2026-09-19 10:00:17 INFO system Request processed successfully
2026-09-19 10:00:18 INFO system Request processed successfully
2026-09-19 10:00:19 INFO system Request processed successfully
2026-09-19 10:00:20 INFO system Request processed successfully
2026-09-19 10:00:21 INFO system Request processed successfully
2026-09-19 10:00:22 INFO system Request processed successfully
2026-09-19 10:00:23 WARN database Query response slow
2026-09-19 10:00:24 INFO system Request processed successfully
2026-09-19 10:00:25 INFO system Request processed successfully
2026-09-19 10:00:26 INFO system Request processed successfully
2026-09-19 10:00:27 INFO system Request processed successfully
2026-09-19 10:00:28 WARN database Query response slow
2026-09-19 10:00:29 INFO system Request processed successfully
2026-09-19 10:00:30 INFO system Request processed successfully
2026-09-19 10:00:31 INFO system Request processed successfully
2026-09-19 10:00:32 WARN database Query response slow
2026-09-19 10:00:33 INFO system Request processed successfully
2026-09-19 10:00:34 INFO system Request processed successfully
2026-09-19 10:00:35 INFO system Request processed successfully
2026-09-19 10:00:36 INFO system Request processed successfully
2026-09-19 10:00:37 INFO system Request processed successfully
2026-09-19 10:00:38 INFO system Request processed successfully
2026-09-19 10:00:39 INFO system Request processed successfully
2026-09-19 10:00:40 INFO system Request processed successfully
2026-09-19 10:00:41 INFO system Request processed successfully
2026-09-19 10:00:42 INFO system Request processed successfully
2026-09-19 10:00:43 INFO system Request processed successfully
2026-09-19 10:00:44 WARN database Query response slow
2026-09-19 10:00:45 INFO system Request processed successfully
2026-09-19 10:00:46 WARN database Query response slow
2026-09-19 10:00:47 WARN database Query response slow
2026-09-19 10:00:48 WARN database Query response slow
2026-09-19 10:00:49 INFO system Request processed successfully
2026-09-19 10:00:50 INFO system Request processed successfully
2026-09-19 10:00:51 INFO system Request processed successfully
2026-09-19 10:00:52 INFO system Request processed successfully
2026-09-19 10:00:53 INFO system Request processed successfully
2026-09-19 10:00:54 INFO system Request processed successfully
2026-09-19 10:00:55 INFO system Request processed successfully
2026-09-19 10:00:56 ERROR auth Authentication failed
2026-09-19 10:00:57 INFO system Request processed successfully
2026-09-19 10:00:58 INFO system Request processed successfully
2026-09-19 10:00:59 INFO system Request processed successfully
2026-09-19 10:00:00 INFO system Request processed successfully
2026-09-19 10:00:01 WARN database Query response slow
2026-09-19 10:00:02 ERROR auth Authentication failed
2026-09-19 10:00:03 INFO system Request processed successfully
2026-09-19 10:00:04 WARN database Query response slow
2026-09-19 10:00:05 INFO system Request processed successfully
2026-09-19 10:00:06 INFO system Request processed successfully
2026-09-19 10:00:07 INFO system Request processed successfully
2026-09-19 10:00:08 WARN database Query response slow
2026-09-19 10:00:09 INFO system Request processed successfully
2026-09-19 10:00:10 INFO system Request processed successfully
2026-09-19 10:00:11 INFO system Request processed successfully
2026-09-19 10:00:12 INFO system Request processed successfully
2026-09-19 10:00:13 INFO system Request processed successfully
2026-09-19 10:00:14 INFO system Request processed successfully
2026-09-19 10:00:15 INFO system Request processed successfully
2026-09-19 10:00:16 INFO system Request processed successfully
2026-09-19 10:00:17 INFO system Request processed successfully
2026-09-19 10:00:18 WARN database Query response slow
2026-09-19 10:00:19 INFO system Request processed successfully
2026-09-19 10:00:20 INFO system Request processed successfully
2026-09-19 10:00:21 INFO system Request processed successfully
2026-09-19 10:00:22 INFO system Request processed successfully
2026-09-19 10:00:23 INFO system Request processed successfully
2026-09-19 10:00:24 INFO system Request processed successfully
2026-09-19 10:00:25 ERROR model Model loading failed
2026-09-19 10:00:26 INFO system Request processed successfully
2026-09-19 10:00:27 INFO system Request processed successfully
2026-09-19 10:00:28 INFO system Request processed successfully
2026-09-19 10:00:29 INFO system Request processed successfully
2026-09-19 10:00:30 INFO system Request processed successfully
2026-09-19 10:00:31 INFO system Request processed successfully
2026-09-19 10:00:32 INFO system Request processed successfully
2026-09-19 10:00:33 INFO system Request processed successfully
2026-09-19 10:00:34 INFO system Request processed successfully
2026-09-19 10:00:35 WARN database Query response slow
2026-09-19 10:00:36 WARN database Query response slow
2026-09-19 10:00:37 INFO system Request processed successfully
2026-09-19 10:00:38 INFO system Request processed successfully
2026-09-19 10:00:39 WARN database Query response slow
2026-09-19 10:00:40 INFO system Request processed successfully
2026-09-19 10:00:41 WARN database Query response slow
2026-09-19 10:00:42 INFO system Request processed successfully
2026-09-19 10:00:43 INFO system Request processed successfully
2026-09-19 10:00:44 INFO system Request processed successfully
2026-09-19 10:00:45 INFO system Request processed successfully
2026-09-19 10:00:46 INFO system Request processed successfully
2026-09-19 10:00:47 INFO system Request processed successfully
2026-09-19 10:00:48 INFO system Request processed successfully
2026-09-19 10:00:49 INFO system Request processed successfully
2026-09-19 10:00:50 INFO system Request processed successfully
2026-09-19 10:00:51 INFO system Request processed successfully
2026-09-19 10:00:52 INFO system Request processed successfully
2026-09-19 10:00:53 INFO system Request processed successfully
2026-09-19 10:00:54 WARN database Query response slow
2026-09-19 10:00:55 INFO system Request processed successfully
2026-09-19 10:00:56 INFO system Request processed successfully
2026-09-19 10:00:57 INFO system Request processed successfully
2026-09-19 10:00:58 WARN database Query response slow
2026-09-19 10:00:59 INFO system Request processed successfully
2026-09-19 10:00:00 INFO system Request processed successfully
2026-09-19 10:00:01 INFO system Request processed successfully
2026-09-19 10:00:02 WARN database Query response slow
2026-09-19 10:00:03 INFO system Request processed successfully
2026-09-19 10:00:04 INFO system Request processed successfully
2026-09-19 10:00:05 WARN database Query response slow
2026-09-19 10:00:06 INFO system Request processed successfully
2026-09-19 10:00:07 INFO system Request processed successfully
2026-09-19 10:00:08 INFO system Request processed successfully
2026-09-19 10:00:09 ERROR database Connection timeout
2026-09-19 10:00:10 INFO system Request processed successfully
2026-09-19 10:00:11 INFO system Request processed successfully
2026-09-19 10:00:12 INFO system Request processed successfully
2026-09-19 10:00:13 INFO system Request processed successfully
2026-09-19 10:00:14 ERROR auth Authentication failed
2026-09-19 10:00:15 INFO system Request processed successfully
2026-09-19 10:00:16 WARN database Query response slow
2026-09-19 10:00:17 INFO system Request processed successfully
2026-09-19 10:00:18 INFO system Request processed successfully
2026-09-19 10:00:19 INFO system Request processed successfully
2026-09-19 10:00:20 INFO system Request processed successfully
2026-09-19 10:00:21 INFO system Request processed successfully
2026-09-19 10:00:22 WARN database Query response slow
2026-09-19 10:00:23 WARN database Query response slow
2026-09-19 10:00:24 INFO system Request processed successfully
2026-09-19 10:00:25 WARN database Query response slow
2026-09-19 10:00:26 INFO system Request processed successfully
2026-09-19 10:00:27 ERROR database Connection timeout
2026-09-19 10:00:28 ERROR model Model loading failed
2026-09-19 10:00:29 INFO system Request processed successfully
2026-09-19 10:00:30 WARN database Query response slow
2026-09-19 10:00:31 WARN database Query response slow
2026-09-19 10:00:32 INFO system Request processed successfully
2026-09-19 10:00:33 INFO system Request processed successfully
2026-09-19 10:00:34 WARN database Query response slow
2026-09-19 10:00:35 INFO system Request processed successfully
2026-09-19 10:00:36 INFO system Request processed successfully
2026-09-19 10:00:37 INFO system Request processed successfully
2026-09-19 10:00:38 INFO system Request processed successfully
2026-09-19 10:00:39 INFO system Request processed successfully
2026-09-19 10:00:40 INFO system Request processed successfully
2026-09-19 10:00:41 WARN database Query response slow
2026-09-19 10:00:42 INFO system Request processed successfully
2026-09-19 10:00:43 INFO system Request processed successfully
2026-09-19 10:00:44 INFO system Request processed successfully
2026-09-19 10:00:45 INFO system Request processed successfully
2026-09-19 10:00:46 INFO system Request processed successfully
2026-09-19 10:00:47 INFO system Request processed successfully
2026-09-19 10:00:48 INFO system Request processed successfully
2026-09-19 10:00:49 INFO system Request processed successfully
2026-09-19 10:00:50 WARN database Query response slow
2026-09-19 10:00:51 INFO system Request processed successfully
2026-09-19 10:00:52 INFO system Request processed successfully
2026-09-19 10:00:53 INFO system Request processed successfully
2026-09-19 10:00:54 INFO system Request processed successfully
2026-09-19 10:00:55 INFO system Request processed successfully
2026-09-19 10:00:56 INFO system Request processed successfully
2026-09-19 10:00:57 INFO system Request processed successfully
2026-09-19 10:00:58 INFO system Request processed successfully
2026-09-19 10:00:59 WARN database Query response slow
2026-09-19 10:00:00 INFO system Request processed successfully
2026-09-19 10:00:01 ERROR model Model loading failed
2026-09-19 10:00:02 INFO system Request processed successfully
2026-09-19 10:00:03 INFO system Request processed successfully
2026-09-19 10:00:04 INFO system Request processed successfully
2026-09-19 10:00:05 WARN database Query response slow
2026-09-19 10:00:06 INFO system Request processed successfully
2026-09-19 10:00:07 INFO system Request processed successfully
2026-09-19 10:00:08 INFO system Request processed successfully
2026-09-19 10:00:09 INFO system Request processed successfully
2026-09-19 10:00:10 INFO system Request processed successfully
2026-09-19 10:00:11 WARN database Query response slow
2026-09-19 10:00:12 INFO system Request processed successfully
2026-09-19 10:00:13 INFO system Request processed successfully
2026-09-19 10:00:14 INFO system Request processed successfully
2026-09-19 10:00:15 WARN database Query response slow
2026-09-19 10:00:16 INFO system Request processed successfully
2026-09-19 10:00:17 INFO system Request processed successfully
2026-09-19 10:00:18 INFO system Request processed successfully
2026-09-19 10:00:19 INFO system Request processed successfully
2026-09-19 10:00:20 INFO system Request processed successfully
2026-09-19 10:00:21 INFO system Request processed successfully
2026-09-19 10:00:22 WARN database Query response slow
2026-09-19 10:00:23 WARN database Query response slow
2026-09-19 10:00:24 INFO system Request processed successfully
2026-09-19 10:00:25 INFO system Request processed successfully
2026-09-19 10:00:26 INFO system Request processed successfully
2026-09-19 10:00:27 INFO system Request processed successfully
2026-09-19 10:00:28 INFO system Request processed successfully
2026-09-19 10:00:29 INFO system Request processed successfully
2026-09-19 10:00:30 INFO system Request processed successfully
2026-09-19 10:00:31 INFO system Request processed successfully
2026-09-19 10:00:32 INFO system Request processed successfully
2026-09-19 10:00:33 INFO system Request processed successfully
2026-09-19 10:00:34 INFO system Request processed successfully
2026-09-19 10:00:35 ERROR auth Authentication failed
2026-09-19 10:00:36 INFO system Request processed successfully
2026-09-19 10:00:37 INFO system Request processed successfully
2026-09-19 10:00:38 INFO system Request processed successfully
2026-09-19 10:00:39 INFO system Request processed successfully
2026-09-19 10:00:40 INFO system Request processed successfully
2026-09-19 10:00:41 WARN database Query response slow
2026-09-19 10:00:42 INFO system Request processed successfully
2026-09-19 10:00:43 ERROR model Model loading failed
2026-09-19 10:00:44 ERROR auth Authentication failed
2026-09-19 10:00:45 INFO system Request processed successfully
2026-09-19 10:00:46 INFO system Request processed successfully
2026-09-19 10:00:47 INFO system Request processed successfully
2026-09-19 10:00:48 INFO system Request processed successfully
2026-09-19 10:00:49 WARN database Query response slow
2026-09-19 10:00:50 INFO system Request processed successfully
2026-09-19 10:00:51 INFO system Request processed successfully
2026-09-19 10:00:52 INFO system Request processed successfully
2026-09-19 10:00:53 INFO system Request processed successfully
2026-09-19 10:00:54 INFO system Request processed successfully
2026-09-19 10:00:55 INFO system Request processed successfully
2026-09-19 10:00:56 INFO system Request processed successfully
2026-09-19 10:00:57 INFO system Request processed successfully
2026-09-19 10:00:58 INFO system Request processed successfully
2026-09-19 10:00:59 INFO system Request processed successfully
2026-09-19 10:00:00 INFO system Request processed successfully
2026-09-19 10:00:01 INFO system Request processed successfully
2026-09-19 10:00:02 INFO system Request processed successfully
2026-09-19 10:00:03 WARN database Query response slow
2026-09-19 10:00:04 WARN database Query response slow
2026-09-19 10:00:05 INFO system Request processed successfully
2026-09-19 10:00:06 INFO system Request processed successfully
2026-09-19 10:00:07 INFO system Request processed successfully
2026-09-19 10:00:08 ERROR auth Authentication failed
2026-09-19 10:00:09 INFO system Request processed successfully
2026-09-19 10:00:10 INFO system Request processed successfully
2026-09-19 10:00:11 INFO system Request processed successfully
2026-09-19 10:00:12 ERROR database Connection timeout
2026-09-19 10:00:13 INFO system Request processed successfully
2026-09-19 10:00:14 INFO system Request processed successfully
2026-09-19 10:00:15 ERROR database Connection timeout
2026-09-19 10:00:16 WARN database Query response slow
2026-09-19 10:00:17 INFO system Request processed successfully
2026-09-19 10:00:18 INFO system Request processed successfully
2026-09-19 10:00:19 ERROR model Model loading failed
2026-09-19 10:00:20 WARN database Query response slow
2026-09-19 10:00:21 INFO system Request processed successfully
2026-09-19 10:00:22 INFO system Request processed successfully
2026-09-19 10:00:23 INFO system Request processed successfully
2026-09-19 10:00:24 INFO system Request processed successfully
2026-09-19 10:00:25 INFO system Request processed successfully
2026-09-19 10:00:26 INFO system Request processed successfully
2026-09-19 10:00:27 INFO system Request processed successfully
2026-09-19 10:00:28 INFO system Request processed successfully
2026-09-19 10:00:29 INFO system Request processed successfully
2026-09-19 10:00:30 INFO system Request processed successfully
2026-09-19 10:00:31 INFO system Request processed successfully
2026-09-19 10:00:32 WARN database Query response slow
2026-09-19 10:00:33 INFO system Request processed successfully
2026-09-19 10:00:34 ERROR model Model loading failed
2026-09-19 10:00:35 INFO system Request processed successfully
2026-09-19 10:00:36 INFO system Request processed successfully
2026-09-19 10:00:37 INFO system Request processed successfully
2026-09-19 10:00:38 INFO system Request processed successfully
2026-09-19 10:00:39 INFO system Request processed successfully
2026-09-19 10:00:40 INFO system Request processed successfully
2026-09-19 10:00:41 INFO system Request processed successfully
2026-09-19 10:00:42 INFO system Request processed successfully
2026-09-19 10:00:43 INFO system Request processed successfully
2026-09-19 10:00:44 INFO system Request processed successfully
2026-09-19 10:00:45 INFO system Request processed successfully
2026-09-19 10:00:46 INFO system Request processed successfully
2026-09-19 10:00:47 WARN database Query response slow
2026-09-19 10:00:48 INFO system Request processed successfully
2026-09-19 10:00:49 INFO system Request processed successfully
2026-09-19 10:00:50 ERROR auth Authentication failed
2026-09-19 10:00:51 INFO system Request processed successfully
2026-09-19 10:00:52 INFO system Request processed successfully
2026-09-19 10:00:53 INFO system Request processed successfully
2026-09-19 10:00:54 INFO system Request processed successfully
2026-09-19 10:00:55 INFO system Request processed successfully
2026-09-19 10:00:56 INFO system Request processed successfully
2026-09-19 10:00:57 INFO system Request processed successfully
2026-09-19 10:00:58 INFO system Request processed successfully
2026-09-19 10:00:59 INFO system Request processed successfully
2026-09-19 10:00:00 INFO system Request processed successfully
2026-09-19 10:00:01 WARN database Query response slow
2026-09-19 10:00:02 INFO system Request processed successfully
2026-09-19 10:00:03 INFO system Request processed successfully
2026-09-19 10:00:04 INFO system Request processed successfully
2026-09-19 10:00:05 INFO system Request processed successfully
2026-09-19 10:00:06 INFO system Request processed successfully
2026-09-19 10:00:07 INFO system Request processed successfully
2026-09-19 10:00:08 INFO system Request processed successfully
2026-09-19 10:00:09 WARN database Query response slow
2026-09-19 10:00:10 INFO system Request processed successfully
2026-09-19 10:00:11 INFO system Request processed successfully
2026-09-19 10:00:12 WARN database Query response slow
2026-09-19 10:00:13 INFO system Request processed successfully
2026-09-19 10:00:14 INFO system Request processed successfully
2026-09-19 10:00:15 INFO system Request processed successfully
2026-09-19 10:00:16 INFO system Request processed successfully
2026-09-19 10:00:17 INFO system Request processed successfully
2026-09-19 10:00:18 INFO system Request processed successfully
2026-09-19 10:00:19 INFO system Request processed successfully
2026-09-19 10:00:20 INFO system Request processed successfully
2026-09-19 10:00:21 ERROR database Connection timeout
2026-09-19 10:00:22 INFO system Request processed successfully
2026-09-19 10:00:23 INFO system Request processed successfully
2026-09-19 10:00:24 INFO system Request processed successfully
2026-09-19 10:00:25 INFO system Request processed successfully
2026-09-19 10:00:26 WARN database Query response slow
2026-09-19 10:00:27 INFO system Request processed successfully
2026-09-19 10:00:28 WARN database Query response slow
2026-09-19 10:00:29 WARN database Query response slow
2026-09-19 10:00:30 WARN database Query response slow
2026-09-19 10:00:31 INFO system Request processed successfully
2026-09-19 10:00:32 WARN database Query response slow
2026-09-19 10:00:33 INFO system Request processed successfully
2026-09-19 10:00:34 INFO system Request processed successfully
2026-09-19 10:00:35 INFO system Request processed successfully
2026-09-19 10:00:36 INFO system Request processed successfully
2026-09-19 10:00:37 INFO system Request processed successfully
2026-09-19 10:00:38 INFO system Request processed successfully
2026-09-19 10:00:39 INFO system Request processed successfully
2026-09-19 10:00:40 INFO system Request processed successfully
2026-09-19 10:00:41 INFO system Request processed successfully
2026-09-19 10:00:42 INFO system Request processed successfully
2026-09-19 10:00:43 INFO system Request processed successfully
2026-09-19 10:00:44 INFO system Request processed successfully
2026-09-19 10:00:45 INFO system Request processed successfully
2026-09-19 10:00:46 INFO system Request processed successfully
2026-09-19 10:00:47 INFO system Request processed successfully
2026-09-19 10:00:48 INFO system Request processed successfully
2026-09-19 10:00:49 WARN database Query response slow
2026-09-19 10:00:50 WARN database Query response slow
2026-09-19 10:00:51 INFO system Request processed successfully
2026-09-19 10:00:52 INFO system Request processed successfully
2026-09-19 10:00:53 INFO system Request processed successfully
2026-09-19 10:00:54 WARN database Query response slow
2026-09-19 10:00:55 INFO system Request processed successfully
2026-09-19 10:00:56 INFO system Request processed successfully
2026-09-19 10:00:57 INFO system Request processed successfully
2026-09-19 10:00:58 INFO system Request processed successfully
2026-09-19 10:00:59 INFO system Request processed successfully
2026-09-19 10:00:00 INFO system Request processed successfully
2026-09-19 10:00:01 INFO system Request processed successfully
2026-09-19 10:00:02 INFO system Request processed successfully
2026-09-19 10:00:03 INFO system Request processed successfully
2026-09-19 10:00:04 INFO system Request processed successfully
2026-09-19 10:00:05 WARN database Query response slow
2026-09-19 10:00:06 WARN database Query response slow
2026-09-19 10:00:07 INFO system Request processed successfully
2026-09-19 10:00:08 INFO system Request processed successfully
2026-09-19 10:00:09 INFO system Request processed successfully
2026-09-19 10:00:10 INFO system Request processed successfully
2026-09-19 10:00:11 INFO system Request processed successfully
2026-09-19 10:00:12 INFO system Request processed successfully
2026-09-19 10:00:13 INFO system Request processed successfully
2026-09-19 10:00:14 INFO system Request processed successfully
2026-09-19 10:00:15 INFO system Request processed successfully
2026-09-19 10:00:16 INFO system Request processed successfully
2026-09-19 10:00:17 INFO system Request processed successfully
2026-09-19 10:00:18 WARN database Query response slow
2026-09-19 10:00:19 INFO system Request processed successfully
2026-09-19 10:00:20 INFO system Request processed successfully
2026-09-19 10:00:21 INFO system Request processed successfully
2026-09-19 10:00:22 INFO system Request processed successfully
2026-09-19 10:00:23 INFO system Request processed successfully
2026-09-19 10:00:24 ERROR database Connection timeout
2026-09-19 10:00:25 WARN database Query response slow
2026-09-19 10:00:26 INFO system Request processed successfully
2026-09-19 10:00:27 INFO system Request processed successfully
2026-09-19 10:00:28 WARN database Query response slow
2026-09-19 10:00:29 INFO system Request processed successfully
2026-09-19 10:00:30 INFO system Request processed successfully
2026-09-19 10:00:31 INFO system Request processed successfully
2026-09-19 10:00:32 WARN database Query response slow
2026-09-19 10:00:33 INFO system Request processed successfully
2026-09-19 10:00:34 INFO system Request processed successfully
2026-09-19 10:00:35 WARN database Query response slow
2026-09-19 10:00:36 INFO system Request processed successfully
2026-09-19 10:00:37 WARN database Query response slow
2026-09-19 10:00:38 INFO system Request processed successfully
2026-09-19 10:00:39 WARN database Query response slow
2026-09-19 10:00:40 INFO system Request processed successfully
2026-09-19 10:00:41 INFO system Request processed successfully
2026-09-19 10:00:42 INFO system Request processed successfully
2026-09-19 10:00:43 INFO system Request processed successfully
2026-09-19 10:00:44 INFO system Request processed successfully
2026-09-19 10:00:45 INFO system Request processed successfully
2026-09-19 10:00:46 INFO system Request processed successfully
2026-09-19 10:00:47 INFO system Request processed successfully
2026-09-19 10:00:48 INFO system Request processed successfully
2026-09-19 10:00:49 INFO system Request processed successfully
2026-09-19 10:00:50 INFO system Request processed successfully
2026-09-19 10:00:51 INFO system Request processed successfully
2026-09-19 10:00:52 INFO system Request processed successfully
2026-09-19 10:00:53 INFO system Request processed successfully
2026-09-19 10:00:54 INFO system Request processed successfully
2026-09-19 10:00:55 INFO system Request processed successfully
2026-09-19 10:00:56 INFO system Request processed successfully
2026-09-19 10:00:57 INFO system Request processed successfully
2026-09-19 10:00:58 WARN database Query response slow
2026-09-19 10:00:59 ERROR auth Authentication failed
2026-09-19 10:00:00 INFO system Request processed successfully
2026-09-19 10:00:01 WARN database Query response slow
2026-09-19 10:00:02 INFO system Request processed successfully
2026-09-19 10:00:03 INFO system Request processed successfully
2026-09-19 10:00:04 INFO system Request processed successfully
2026-09-19 10:00:05 INFO system Request processed successfully
2026-09-19 10:00:06 INFO system Request processed successfully
2026-09-19 10:00:07 INFO system Request processed successfully
2026-09-19 10:00:08 INFO system Request processed successfully
2026-09-19 10:00:09 INFO system Request processed successfully
2026-09-19 10:00:10 INFO system Request processed successfully
2026-09-19 10:00:11 WARN database Query response slow
2026-09-19 10:00:12 INFO system Request processed successfully
2026-09-19 10:00:13 INFO system Request processed successfully
2026-09-19 10:00:14 INFO system Request processed successfully
2026-09-19 10:00:15 INFO system Request processed successfully
2026-09-19 10:00:16 INFO system Request processed successfully
2026-09-19 10:00:17 INFO system Request processed successfully
2026-09-19 10:00:18 INFO system Request processed successfully
2026-09-19 10:00:19 WARN database Query response slow
2026-09-19 10:00:20 INFO system Request processed successfully
2026-09-19 10:00:21 INFO system Request processed successfully
2026-09-19 10:00:22 INFO system Request processed successfully
2026-09-19 10:00:23 WARN database Query response slow
2026-09-19 10:00:24 INFO system Request processed successfully
2026-09-19 10:00:25 INFO system Request processed successfully
2026-09-19 10:00:26 INFO system Request processed successfully
2026-09-19 10:00:27 INFO system Request processed successfully
2026-09-19 10:00:28 WARN database Query response slow
2026-09-19 10:00:29 INFO system Request processed successfully
2026-09-19 10:00:30 INFO system Request processed successfully
2026-09-19 10:00:31 WARN database Query response slow
2026-09-19 10:00:32 INFO system Request processed successfully
2026-09-19 10:00:33 INFO system Request processed successfully
2026-09-19 10:00:34 INFO system Request processed successfully
2026-09-19 10:00:35 INFO system Request processed successfully
2026-09-19 10:00:36 INFO system Request processed successfully
2026-09-19 10:00:37 INFO system Request processed successfully
2026-09-19 10:00:38 INFO system Request processed successfully
2026-09-19 10:00:39 INFO system Request processed successfully
2026-09-19 10:00:40 ERROR model Model loading failed
2026-09-19 10:00:41 INFO system Request processed successfully
2026-09-19 10:00:42 INFO system Request processed successfully
2026-09-19 10:00:43 WARN database Query response slow
2026-09-19 10:00:44 INFO system Request processed successfully
2026-09-19 10:00:45 ERROR database Connection timeout
2026-09-19 10:00:46 INFO system Request processed successfully
2026-09-19 10:00:47 INFO system Request processed successfully
2026-09-19 10:00:48 WARN database Query response slow
2026-09-19 10:00:49 INFO system Request processed successfully
2026-09-19 10:00:50 INFO system Request processed successfully
2026-09-19 10:00:51 WARN database Query response slow
2026-09-19 10:00:52 INFO system Request processed successfully
2026-09-19 10:00:53 INFO system Request processed successfully
2026-09-19 10:00:54 INFO system Request processed successfully
2026-09-19 10:00:55 WARN database Query response slow
2026-09-19 10:00:56 INFO system Request processed successfully
2026-09-19 10:00:57 INFO system Request processed successfully
2026-09-19 10:00:58 WARN database Query response slow
2026-09-19 10:00:59 INFO system Request processed successfully
2026-09-19 10:00:00 INFO system Request processed successfully
2026-09-19 10:00:01 INFO system Request processed successfully
2026-09-19 10:00:02 WARN database Query response slow
2026-09-19 10:00:03 INFO system Request processed successfully
2026-09-19 10:00:04 INFO system Request processed successfully
2026-09-19 10:00:05 WARN database Query response slow
2026-09-19 10:00:06 INFO system Request processed successfully
2026-09-19 10:00:07 INFO system Request processed successfully
2026-09-19 10:00:08 WARN database Query response slow
2026-09-19 10:00:09 INFO system Request processed successfully
2026-09-19 10:00:10 INFO system Request processed successfully
2026-09-19 10:00:11 ERROR auth Authentication failed
2026-09-19 10:00:12 INFO system Request processed successfully
2026-09-19 10:00:13 WARN database Query response slow
2026-09-19 10:00:14 WARN database Query response slow
2026-09-19 10:00:15 INFO system Request processed successfully
2026-09-19 10:00:16 INFO system Request processed successfully
2026-09-19 10:00:17 INFO system Request processed successfully
2026-09-19 10:00:18 INFO system Request processed successfully
2026-09-19 10:00:19 INFO system Request processed successfully
2026-09-19 10:01:20 WARN database Query response slow
2026-09-19 10:01:21 INFO system Request processed successfully
2026-09-19 10:01:22 INFO system Request processed successfully
2026-09-19 10:01:23 INFO system Request processed successfully
2026-09-19 10:01:24 ERROR database Connection timeout
2026-09-19 10:01:25 INFO system Request processed successfully
2026-09-19 10:01:26 INFO system Request processed successfully
2026-09-19 10:01:27 INFO system Request processed successfully
2026-09-19 10:01:28 INFO system Request processed successfully
2026-09-19 10:01:29 INFO system Request processed successfully
2026-09-19 10:01:30 INFO system Request processed successfully
2026-09-19 10:01:31 WARN database Query response slow
2026-09-19 10:01:32 WARN database Query response slow
2026-09-19 10:01:33 ERROR database Connection timeout
2026-09-19 10:01:34 INFO system Request processed successfully
2026-09-19 10:01:35 INFO system Request processed successfully
2026-09-19 10:01:36 INFO system Request processed successfully
2026-09-19 10:01:37 INFO system Request processed successfully
2026-09-19 10:01:38 INFO system Request processed successfully
2026-09-19 10:01:39 INFO system Request processed successfully
2026-09-19 10:01:40 INFO system Request processed successfully
2026-09-19 10:01:41 INFO system Request processed successfully
2026-09-19 10:01:42 INFO system Request processed successfully
2026-09-19 10:01:43 INFO system Request processed successfully
2026-09-19 10:01:44 INFO system Request processed successfully
2026-09-19 10:01:45 INFO system Request processed successfully
2026-09-19 10:01:46 INFO system Request processed successfully
2026-09-19 10:01:47 INFO system Request processed successfully
2026-09-19 10:01:48 INFO system Request processed successfully
2026-09-19 10:01:49 INFO system Request processed successfully
2026-09-19 10:01:50 INFO system Request processed successfully
2026-09-19 10:01:51 INFO system Request processed successfully
2026-09-19 10:01:52 INFO system Request processed successfully
2026-09-19 10:01:53 INFO system Request processed successfully
2026-09-19 10:01:54 INFO system Request processed successfully
2026-09-19 10:01:55 INFO system Request processed successfully
2026-09-19 10:01:56 WARN database Query response slow
2026-09-19 10:01:57 INFO system Request processed successfully
2026-09-19 10:01:58 INFO system Request processed successfully
2026-09-19 10:01:59 INFO system Request processed successfully
2026-09-19 10:01:00 INFO system Request processed successfully
2026-09-19 10:01:01 INFO system Request processed successfully
2026-09-19 10:01:02 INFO system Request processed successfully
2026-09-19 10:01:03 WARN database Query response slow
2026-09-19 10:01:04 INFO system Request processed successfully
2026-09-19 10:01:05 INFO system Request processed successfully
2026-09-19 10:01:06 INFO system Request processed successfully
2026-09-19 10:01:07 INFO system Request processed successfully
2026-09-19 10:01:08 INFO system Request processed successfully
2026-09-19 10:01:09 INFO system Request processed successfully
2026-09-19 10:01:10 WARN database Query response slow
2026-09-19 10:01:11 INFO system Request processed successfully
2026-09-19 10:01:12 INFO system Request processed successfully
2026-09-19 10:01:13 INFO system Request processed successfully
2026-09-19 10:01:14 WARN database Query response slow
2026-09-19 10:01:15 INFO system Request processed successfully
2026-09-19 10:01:16 INFO system Request processed successfully
2026-09-19 10:01:17 INFO system Request processed successfully
2026-09-19 10:01:18 INFO system Request processed successfully
2026-09-19 10:01:19 INFO system Request processed successfully
2026-09-19 10:01:20 INFO system Request processed successfully
2026-09-19 10:01:21 INFO system Request processed successfully
2026-09-19 10:01:22 INFO system Request processed successfully
2026-09-19 10:01:23 INFO system Request processed successfully
2026-09-19 10:01:24 INFO system Request processed successfully
2026-09-19 10:01:25 WARN database Query response slow
2026-09-19 10:01:26 INFO system Request processed successfully
2026-09-19 10:01:27 INFO system Request processed successfully
2026-09-19 10:01:28 WARN database Query response slow
2026-09-19 10:01:29 INFO system Request processed successfully
2026-09-19 10:01:30 INFO system Request processed successfully
2026-09-19 10:01:31 INFO system Request processed successfully
2026-09-19 10:01:32 INFO system Request processed successfully
2026-09-19 10:01:33 INFO system Request processed successfully
2026-09-19 10:01:34 INFO system Request processed successfully
2026-09-19 10:01:35 WARN database Query response slow
2026-09-19 10:01:36 INFO system Request processed successfully
2026-09-19 10:01:37 INFO system Request processed successfully
2026-09-19 10:01:38 INFO system Request processed successfully
2026-09-19 10:01:39 INFO system Request processed successfully
2026-09-19 10:01:40 INFO system Request processed successfully
2026-09-19 10:01:41 INFO system Request processed successfully
2026-09-19 10:01:42 INFO system Request processed successfully
2026-09-19 10:01:43 INFO system Request processed successfully
2026-09-19 10:01:44 INFO system Request processed successfully
2026-09-19 10:01:45 INFO system Request processed successfully
2026-09-19 10:01:46 WARN database Query response slow
2026-09-19 10:01:47 ERROR auth Authentication failed
2026-09-19 10:01:48 WARN database Query response slow
2026-09-19 10:01:49 INFO system Request processed successfully
2026-09-19 10:01:50 WARN database Query response slow
2026-09-19 10:01:51 WARN database Query response slow
2026-09-19 10:01:52 INFO system Request processed successfully
2026-09-19 10:01:53 INFO system Request processed successfully
2026-09-19 10:01:54 INFO system Request processed successfully
2026-09-19 10:01:55 INFO system Request processed successfully
2026-09-19 10:01:56 INFO system Request processed successfully
2026-09-19 10:01:57 INFO system Request processed successfully
2026-09-19 10:01:58 INFO system Request processed successfully
2026-09-19 10:01:59 INFO system Request processed successfully
2026-09-19 10:01:00 WARN database Query response slow
2026-09-19 10:01:01 INFO system Request processed successfully
2026-09-19 10:01:02 INFO system Request processed successfully
2026-09-19 10:01:03 INFO system Request processed successfully
2026-09-19 10:01:04 INFO system Request processed successfully
2026-09-19 10:01:05 INFO system Request processed successfully
2026-09-19 10:01:06 INFO system Request processed successfully
2026-09-19 10:01:07 INFO system Request processed successfully
2026-09-19 10:01:08 INFO system Request processed successfully
2026-09-19 10:01:09 WARN database Query response slow
2026-09-19 10:01:10 INFO system Request processed successfully
2026-09-19 10:01:11 INFO system Request processed successfully
2026-09-19 10:01:12 INFO system Request processed successfully
2026-09-19 10:01:13 INFO system Request processed successfully
2026-09-19 10:01:14 INFO system Request processed successfully
2026-09-19 10:01:15 INFO system Request processed successfully
2026-09-19 10:01:16 INFO system Request processed successfully
2026-09-19 10:01:17 INFO system Request processed successfully
2026-09-19 10:01:18 INFO system Request processed successfully
2026-09-19 10:01:19 INFO system Request processed successfully
2026-09-19 10:01:20 ERROR auth Authentication failed
2026-09-19 10:01:21 INFO system Request processed successfully
2026-09-19 10:01:22 INFO system Request processed successfully
2026-09-19 10:01:23 INFO system Request processed successfully
2026-09-19 10:01:24 WARN database Query response slow
2026-09-19 10:01:25 INFO system Request processed successfully
2026-09-19 10:01:26 INFO system Request processed successfully
2026-09-19 10:01:27 WARN database Query response slow
2026-09-19 10:01:28 INFO system Request processed successfully
2026-09-19 10:01:29 INFO system Request processed successfully
2026-09-19 10:01:30 INFO system Request processed successfully
2026-09-19 10:01:31 INFO system Request processed successfully
2026-09-19 10:01:32 ERROR auth Authentication failed
2026-09-19 10:01:33 INFO system Request processed successfully
2026-09-19 10:01:34 INFO system Request processed successfully
2026-09-19 10:01:35 INFO system Request processed successfully
2026-09-19 10:01:36 INFO system Request processed successfully
2026-09-19 10:01:37 INFO system Request processed successfully
2026-09-19 10:01:38 INFO system Request processed successfully
2026-09-19 10:01:39 INFO system Request processed successfully
2026-09-19 10:01:40 INFO system Request processed successfully
2026-09-19 10:01:41 INFO system Request processed successfully
2026-09-19 10:01:42 INFO system Request processed successfully
2026-09-19 10:01:43 WARN database Query response slow
2026-09-19 10:01:44 INFO system Request processed successfully
2026-09-19 10:01:45 INFO system Request processed successfully
2026-09-19 10:01:46 INFO system Request processed successfully
2026-09-19 10:01:47 WARN database Query response slow
2026-09-19 10:01:48 INFO system Request processed successfully
2026-09-19 10:01:49 INFO system Request processed successfully
2026-09-19 10:01:50 INFO system Request processed successfully
2026-09-19 10:01:51 INFO system Request processed successfully
2026-09-19 10:01:52 INFO system Request processed successfully
2026-09-19 10:01:53 INFO system Request processed successfully
2026-09-19 10:01:54 WARN database Query response slow
2026-09-19 10:01:55 INFO system Request processed successfully
2026-09-19 10:01:56 INFO system Request processed successfully
2026-09-19 10:01:57 INFO system Request processed successfully
2026-09-19 10:01:58 INFO system Request processed successfully
2026-09-19 10:01:59 INFO system Request processed successfully
2026-09-19 10:01:00 INFO system Request processed successfully
2026-09-19 10:01:01 INFO system Request processed successfully
2026-09-19 10:01:02 WARN database Query response slow
2026-09-19 10:01:03 INFO system Request processed successfully
2026-09-19 10:01:04 INFO system Request processed successfully
2026-09-19 10:01:05 INFO system Request processed successfully
2026-09-19 10:01:06 INFO system Request processed successfully
2026-09-19 10:01:07 INFO system Request processed successfully
2026-09-19 10:01:08 INFO system Request processed successfully
2026-09-19 10:01:09 INFO system Request processed successfully
2026-09-19 10:01:10 WARN database Query response slow
2026-09-19 10:01:11 INFO system Request processed successfully
2026-09-19 10:01:12 INFO system Request processed successfully
2026-09-19 10:01:13 INFO system Request processed successfully
2026-09-19 10:01:14 INFO system Request processed successfully
2026-09-19 10:01:15 INFO system Request processed successfully
2026-09-19 10:01:16 INFO system Request processed successfully
2026-09-19 10:01:17 INFO system Request processed successfully
2026-09-19 10:01:18 ERROR database Connection timeout
2026-09-19 10:01:19 INFO system Request processed successfully
2026-09-19 10:01:20 INFO system Request processed successfully
2026-09-19 10:01:21 WARN database Query response slow
2026-09-19 10:01:22 INFO system Request processed successfully
2026-09-19 10:01:23 INFO system Request processed successfully
2026-09-19 10:01:24 INFO system Request processed successfully
2026-09-19 10:01:25 INFO system Request processed successfully
2026-09-19 10:01:26 INFO system Request processed successfully
2026-09-19 10:01:27 INFO system Request processed successfully
2026-09-19 10:01:28 INFO system Request processed successfully
2026-09-19 10:01:29 INFO system Request processed successfully
2026-09-19 10:01:30 ERROR database Connection timeout
2026-09-19 10:01:31 WARN database Query response slow
2026-09-19 10:01:32 INFO system Request processed successfully
2026-09-19 10:01:33 INFO system Request processed successfully
2026-09-19 10:01:34 INFO system Request processed successfully
2026-09-19 10:01:35 WARN database Query response slow
2026-09-19 10:01:36 INFO system Request processed successfully
2026-09-19 10:01:37 INFO system Request processed successfully
2026-09-19 10:01:38 INFO system Request processed successfully
2026-09-19 10:01:39 INFO system Request processed successfully
2026-09-19 10:01:40 INFO system Request processed successfully
2026-09-19 10:01:41 INFO system Request processed successfully
2026-09-19 10:01:42 INFO system Request processed successfully
2026-09-19 10:01:43 INFO system Request processed successfully
2026-09-19 10:01:44 WARN database Query response slow
2026-09-19 10:01:45 INFO system Request processed successfully
2026-09-19 10:01:46 INFO system Request processed successfully
2026-09-19 10:01:47 WARN database Query response slow
2026-09-19 10:01:48 INFO system Request processed successfully
2026-09-19 10:01:49 INFO system Request processed successfully
2026-09-19 10:01:50 INFO system Request processed successfully
2026-09-19 10:01:51 INFO system Request processed successfully
2026-09-19 10:01:52 INFO system Request processed successfully
2026-09-19 10:01:53 INFO system Request processed successfully
2026-09-19 10:01:54 INFO system Request processed successfully
2026-09-19 10:01:55 INFO system Request processed successfully
2026-09-19 10:01:56 WARN database Query response slow
2026-09-19 10:01:57 INFO system Request processed successfully
2026-09-19 10:01:58 INFO system Request processed successfully
2026-09-19 10:01:59 INFO system Request processed successfully
2026-09-19 10:01:00 INFO system Request processed successfully
2026-09-19 10:01:01 WARN database Query response slow
2026-09-19 10:01:02 INFO system Request processed successfully
2026-09-19 10:01:03 INFO system Request processed successfully
2026-09-19 10:01:04 INFO system Request processed successfully
2026-09-19 10:01:05 INFO system Request processed successfully
2026-09-19 10:01:06 WARN database Query response slow
2026-09-19 10:01:07 INFO system Request processed successfully
2026-09-19 10:01:08 INFO system Request processed successfully
2026-09-19 10:01:09 INFO system Request processed successfully
2026-09-19 10:01:10 WARN database Query response slow
2026-09-19 10:01:11 INFO system Request processed successfully
2026-09-19 10:01:12 INFO system Request processed successfully
2026-09-19 10:01:13 INFO system Request processed successfully
2026-09-19 10:01:14 INFO system Request processed successfully
2026-09-19 10:01:15 ERROR database Connection timeout
2026-09-19 10:01:16 INFO system Request processed successfully
2026-09-19 10:01:17 INFO system Request processed successfully
2026-09-19 10:01:18 INFO system Request processed successfully
2026-09-19 10:01:19 INFO system Request processed successfully
2026-09-19 10:01:20 INFO system Request processed successfully
2026-09-19 10:01:21 INFO system Request processed successfully
2026-09-19 10:01:22 WARN database Query response slow
2026-09-19 10:01:23 WARN database Query response slow
2026-09-19 10:01:24 INFO system Request processed successfully
2026-09-19 10:01:25 INFO system Request processed successfully
2026-09-19 10:01:26 INFO system Request processed successfully
2026-09-19 10:01:27 INFO system Request processed successfully
2026-09-19 10:01:28 INFO system Request processed successfully
2026-09-19 10:01:29 INFO system Request processed successfully
2026-09-19 10:01:30 INFO system Request processed successfully
2026-09-19 10:01:31 ERROR model Model loading failed
2026-09-19 10:01:32 INFO system Request processed successfully
2026-09-19 10:01:33 INFO system Request processed successfully
2026-09-19 10:01:34 WARN database Query response slow
2026-09-19 10:01:35 WARN database Query response slow
2026-09-19 10:01:36 INFO system Request processed successfully
2026-09-19 10:01:37 INFO system Request processed successfully
2026-09-19 10:01:38 INFO system Request processed successfully
2026-09-19 10:01:39 INFO system Request processed successfully
2026-09-19 10:01:40 INFO system Request processed successfully
2026-09-19 10:01:41 INFO system Request processed successfully
2026-09-19 10:01:42 WARN database Query response slow
2026-09-19 10:01:43 INFO system Request processed successfully
2026-09-19 10:01:44 INFO system Request processed successfully
2026-09-19 10:01:45 INFO system Request processed successfully
2026-09-19 10:01:46 INFO system Request processed successfully
2026-09-19 10:01:47 INFO system Request processed successfully
2026-09-19 10:01:48 ERROR database Connection timeout
2026-09-19 10:01:49 INFO system Request processed successfully
2026-09-19 10:01:50 INFO system Request processed successfully
2026-09-19 10:01:51 WARN database Query response slow
2026-09-19 10:01:52 INFO system Request processed successfully
2026-09-19 10:01:53 WARN database Query response slow
2026-09-19 10:01:54 WARN database Query response slow
2026-09-19 10:01:55 INFO system Request processed successfully
2026-09-19 10:01:56 INFO system Request processed successfully
2026-09-19 10:01:57 INFO system Request processed successfully
2026-09-19 10:01:58 INFO system Request processed successfully
2026-09-19 10:01:59 INFO system Request processed successfully
2026-09-19 10:01:00 INFO system Request processed successfully
2026-09-19 10:01:01 INFO system Request processed successfully
2026-09-19 10:01:02 INFO system Request processed successfully
2026-09-19 10:01:03 WARN database Query response slow
2026-09-19 10:01:04 ERROR model Model loading failed
2026-09-19 10:01:05 INFO system Request processed successfully
2026-09-19 10:01:06 INFO system Request processed successfully
2026-09-19 10:01:07 INFO system Request processed successfully
2026-09-19 10:01:08 INFO system Request processed successfully
2026-09-19 10:01:09 INFO system Request processed successfully
2026-09-19 10:01:10 ERROR model Model loading failed
2026-09-19 10:01:11 INFO system Request processed successfully
2026-09-19 10:01:12 INFO system Request processed successfully
2026-09-19 10:01:13 INFO system Request processed successfully
2026-09-19 10:01:14 ERROR auth Authentication failed
2026-09-19 10:01:15 ERROR database Connection timeout
2026-09-19 10:01:16 INFO system Request processed successfully
2026-09-19 10:01:17 INFO system Request processed successfully
2026-09-19 10:01:18 INFO system Request processed successfully
2026-09-19 10:01:19 INFO system Request processed successfully
2026-09-19 10:01:20 INFO system Request processed successfully
2026-09-19 10:01:21 INFO system Request processed successfully
2026-09-19 10:01:22 ERROR model Model loading failed
2026-09-19 10:01:23 INFO system Request processed successfully
2026-09-19 10:01:24 INFO system Request processed successfully
2026-09-19 10:01:25 INFO system Request processed successfully
2026-09-19 10:01:26 WARN database Query response slow
2026-09-19 10:01:27 INFO system Request processed successfully
2026-09-19 10:01:28 INFO system Request processed successfully
2026-09-19 10:01:29 INFO system Request processed successfully
2026-09-19 10:01:30 INFO system Request processed successfully
2026-09-19 10:01:31 INFO system Request processed successfully
2026-09-19 10:01:32 INFO system Request processed successfully
2026-09-19 10:01:33 INFO system Request processed successfully
2026-09-19 10:01:34 INFO system Request processed successfully
2026-09-19 10:01:35 INFO system Request processed successfully
2026-09-19 10:01:36 INFO system Request processed successfully
2026-09-19 10:01:37 INFO system Request processed successfully
2026-09-19 10:01:38 INFO system Request processed successfully
2026-09-19 10:01:39 INFO system Request processed successfully
2026-09-19 10:01:40 INFO system Request processed successfully
2026-09-19 10:01:41 WARN database Query response slow
2026-09-19 10:01:42 WARN database Query response slow
2026-09-19 10:01:43 INFO system Request processed successfully
2026-09-19 10:01:44 INFO system Request processed successfully
2026-09-19 10:01:45 INFO system Request processed successfully
2026-09-19 10:01:46 ERROR model Model loading failed
2026-09-19 10:01:47 INFO system Request processed successfully
2026-09-19 10:01:48 INFO system Request processed successfully
2026-09-19 10:01:49 INFO system Request processed successfully
2026-09-19 10:01:50 INFO system Request processed successfully
2026-09-19 10:01:51 INFO system Request processed successfully
2026-09-19 10:01:52 INFO system Request processed successfully
2026-09-19 10:01:53 INFO system Request processed successfully
2026-09-19 10:01:54 INFO system Request processed successfully
2026-09-19 10:01:55 INFO system Request processed successfully
2026-09-19 10:01:56 INFO system Request processed successfully
2026-09-19 10:01:57 INFO system Request processed successfully
2026-09-19 10:01:58 INFO system Request processed successfully
2026-09-19 10:01:59 INFO system Request processed successfully
2026-09-19 10:01:00 WARN database Query response slow
2026-09-19 10:01:01 INFO system Request processed successfully
2026-09-19 10:01:02 INFO system Request processed successfully
2026-09-19 10:01:03 ERROR database Connection timeout
2026-09-19 10:01:04 INFO system Request processed successfully
2026-09-19 10:01:05 WARN database Query response slow
2026-09-19 10:01:06 INFO system Request processed successfully
2026-09-19 10:01:07 INFO system Request processed successfully
2026-09-19 10:01:08 WARN database Query response slow
2026-09-19 10:01:09 INFO system Request processed successfully
2026-09-19 10:01:10 INFO system Request processed successfully
2026-09-19 10:01:11 INFO system Request processed successfully
2026-09-19 10:01:12 INFO system Request processed successfully
2026-09-19 10:01:13 INFO system Request processed successfully
2026-09-19 10:01:14 INFO system Request processed successfully
2026-09-19 10:01:15 WARN database Query response slow
2026-09-19 10:01:16 INFO system Request processed successfully
2026-09-19 10:01:17 INFO system Request processed successfully
2026-09-19 10:01:18 INFO system Request processed successfully
2026-09-19 10:01:19 INFO system Request processed successfully
2026-09-19 10:01:20 INFO system Request processed successfully
2026-09-19 10:01:21 INFO system Request processed successfully
2026-09-19 10:01:22 WARN database Query response slow
2026-09-19 10:01:23 INFO system Request processed successfully
2026-09-19 10:01:24 INFO system Request processed successfully
2026-09-19 10:01:25 INFO system Request processed successfully
2026-09-19 10:01:26 INFO system Request processed successfully
2026-09-19 10:01:27 INFO system Request processed successfully
2026-09-19 10:01:28 INFO system Request processed successfully
2026-09-19 10:01:29 INFO system Request processed successfully
2026-09-19 10:01:30 INFO system Request processed successfully
2026-09-19 10:01:31 WARN database Query response slow
2026-09-19 10:01:32 INFO system Request processed successfully
2026-09-19 10:01:33 INFO system Request processed successfully
2026-09-19 10:01:34 WARN database Query response slow
2026-09-19 10:01:35 INFO system Request processed successfully
2026-09-19 10:01:36 INFO system Request processed successfully
2026-09-19 10:01:37 INFO system Request processed successfully
2026-09-19 10:01:38 INFO system Request processed successfully
2026-09-19 10:01:39 INFO system Request processed successfully
2026-09-19 10:01:40 INFO system Request processed successfully
2026-09-19 10:01:41 INFO system Request processed successfully
2026-09-19 10:01:42 INFO system Request processed successfully
2026-09-19 10:01:43 INFO system Request processed successfully
2026-09-19 10:01:44 WARN database Query response slow
2026-09-19 10:01:45 INFO system Request processed successfully
2026-09-19 10:01:46 WARN database Query response slow
2026-09-19 10:01:47 INFO system Request processed successfully
2026-09-19 10:01:48 INFO system Request processed successfully
2026-09-19 10:01:49 INFO system Request processed successfully
2026-09-19 10:01:50 INFO system Request processed successfully
2026-09-19 10:01:51 INFO system Request processed successfully
2026-09-19 10:01:52 WARN database Query response slow
2026-09-19 10:01:53 INFO system Request processed successfully
2026-09-19 10:01:54 INFO system Request processed successfully
2026-09-19 10:01:55 INFO system Request processed successfully
2026-09-19 10:01:56 INFO system Request processed successfully
2026-09-19 10:01:57 INFO system Request processed successfully
2026-09-19 10:01:58 WARN database Query response slow
2026-09-19 10:01:59 INFO system Request processed successfully
2026-09-19 10:01:00 WARN database Query response slow
2026-09-19 10:01:01 INFO system Request processed successfully
2026-09-19 10:01:02 INFO system Request processed successfully
2026-09-19 10:01:03 INFO system Request processed successfully
2026-09-19 10:01:04 INFO system Request processed successfully
2026-09-19 10:01:05 INFO system Request processed successfully
2026-09-19 10:01:06 INFO system Request processed successfully
2026-09-19 10:01:07 INFO system Request processed successfully
2026-09-19 10:01:08 WARN database Query response slow
2026-09-19 10:01:09 INFO system Request processed successfully
2026-09-19 10:01:10 ERROR model Model loading failed
2026-09-19 10:01:11 INFO system Request processed successfully
2026-09-19 10:01:12 WARN database Query response slow
2026-09-19 10:01:13 INFO system Request processed successfully
2026-09-19 10:01:14 INFO system Request processed successfully
2026-09-19 10:01:15 INFO system Request processed successfully
2026-09-19 10:01:16 INFO system Request processed successfully
2026-09-19 10:01:17 WARN database Query response slow
2026-09-19 10:01:18 INFO system Request processed successfully
2026-09-19 10:01:19 INFO system Request processed successfully
2026-09-19 10:01:20 INFO system Request processed successfully
2026-09-19 10:01:21 WARN database Query response slow
2026-09-19 10:01:22 WARN database Query response slow
2026-09-19 10:01:23 INFO system Request processed successfully
2026-09-19 10:01:24 INFO system Request processed successfully
2026-09-19 10:01:25 INFO system Request processed successfully
2026-09-19 10:01:26 INFO system Request processed successfully
2026-09-19 10:01:27 INFO system Request processed successfully
2026-09-19 10:01:28 INFO system Request processed successfully
2026-09-19 10:01:29 INFO system Request processed successfully
2026-09-19 10:01:30 INFO system Request processed successfully
2026-09-19 10:01:31 INFO system Request processed successfully
2026-09-19 10:01:32 WARN database Query response slow
2026-09-19 10:01:33 INFO system Request processed successfully
2026-09-19 10:01:34 ERROR model Model loading failed
2026-09-19 10:01:35 INFO system Request processed successfully
2026-09-19 10:01:36 INFO system Request processed successfully
2026-09-19 10:01:37 INFO system Request processed successfully
2026-09-19 10:01:38 INFO system Request processed successfully
2026-09-19 10:01:39 INFO system Request processed successfully
2026-09-19 10:01:40 INFO system Request processed successfully
2026-09-19 10:01:41 INFO system Request processed successfully
2026-09-19 10:01:42 INFO system Request processed successfully
2026-09-19 10:01:43 INFO system Request processed successfully
2026-09-19 10:01:44 INFO system Request processed successfully
2026-09-19 10:01:45 INFO system Request processed successfully
2026-09-19 10:01:46 INFO system Request processed successfully
2026-09-19 10:01:47 INFO system Request processed successfully
2026-09-19 10:01:48 INFO system Request processed successfully
2026-09-19 10:01:49 WARN database Query response slow
2026-09-19 10:01:50 INFO system Request processed successfully
2026-09-19 10:01:51 INFO system Request processed successfully
2026-09-19 10:01:52 INFO system Request processed successfully
2026-09-19 10:01:53 INFO system Request processed successfully
2026-09-19 10:01:54 WARN database Query response slow
2026-09-19 10:01:55 INFO system Request processed successfully
2026-09-19 10:01:56 INFO system Request processed successfully
2026-09-19 10:01:57 INFO system Request processed successfully
2026-09-19 10:01:58 INFO system Request processed successfully
2026-09-19 10:01:59 INFO system Request processed successfully
2026-09-19 10:01:00 INFO system Request processed successfully
2026-09-19 10:01:01 INFO system Request processed successfully
2026-09-19 10:01:02 INFO system Request processed successfully
2026-09-19 10:01:03 WARN database Query response slow
2026-09-19 10:01:04 INFO system Request processed successfully
2026-09-19 10:01:05 INFO system Request processed successfully
2026-09-19 10:01:06 WARN database Query response slow
2026-09-19 10:01:07 INFO system Request processed successfully
2026-09-19 10:01:08 INFO system Request processed successfully
2026-09-19 10:01:09 INFO system Request processed successfully
2026-09-19 10:01:10 INFO system Request processed successfully
2026-09-19 10:01:11 INFO system Request processed successfully
2026-09-19 10:01:12 ERROR database Connection timeout
2026-09-19 10:01:13 INFO system Request processed successfully
2026-09-19 10:01:14 WARN database Query response slow
2026-09-19 10:01:15 INFO system Request processed successfully
2026-09-19 10:01:16 INFO system Request processed successfully
2026-09-19 10:01:17 INFO system Request processed successfully
2026-09-19 10:01:18 INFO system Request processed successfully
2026-09-19 10:01:19 INFO system Request processed successfully
2026-09-19 10:01:20 INFO system Request processed successfully
2026-09-19 10:01:21 INFO system Request processed successfully
2026-09-19 10:01:22 WARN database Query response slow
2026-09-19 10:01:23 INFO system Request processed successfully
2026-09-19 10:01:24 INFO system Request processed successfully
2026-09-19 10:01:25 ERROR model Model loading failed
2026-09-19 10:01:26 WARN database Query response slow
2026-09-19 10:01:27 INFO system Request processed successfully
2026-09-19 10:01:28 WARN database Query response slow
2026-09-19 10:01:29 INFO system Request processed successfully
2026-09-19 10:01:30 INFO system Request processed successfully
2026-09-19 10:01:31 INFO system Request processed successfully
2026-09-19 10:01:32 INFO system Request processed successfully
2026-09-19 10:01:33 WARN database Query response slow
2026-09-19 10:01:34 INFO system Request processed successfully
2026-09-19 10:01:35 WARN database Query response slow
2026-09-19 10:01:36 INFO system Request processed successfully
2026-09-19 10:01:37 INFO system Request processed successfully
2026-09-19 10:01:38 INFO system Request processed successfully
2026-09-19 10:01:39 INFO system Request processed successfully
2026-09-19 10:01:40 INFO system Request processed successfully
2026-09-19 10:01:41 INFO system Request processed successfully
2026-09-19 10:01:42 INFO system Request processed successfully
2026-09-19 10:01:43 INFO system Request processed successfully
2026-09-19 10:01:44 INFO system Request processed successfully
2026-09-19 10:01:45 INFO system Request processed successfully
2026-09-19 10:01:46 INFO system Request processed successfully
2026-09-19 10:01:47 INFO system Request processed successfully
2026-09-19 10:01:48 INFO system Request processed successfully
2026-09-19 10:01:49 INFO system Request processed successfully
2026-09-19 10:01:50 INFO system Request processed successfully
2026-09-19 10:01:51 INFO system Request processed successfully
2026-09-19 10:01:52 INFO system Request processed successfully
2026-09-19 10:01:53 INFO system Request processed successfully
2026-09-19 10:01:54 INFO system Request processed successfully
2026-09-19 10:01:55 INFO system Request processed successfully
2026-09-19 10:01:56 INFO system Request processed successfully
2026-09-19 10:01:57 ERROR database Connection timeout
2026-09-19 10:01:58 INFO system Request processed successfully
2026-09-19 10:01:59 INFO system Request processed successfully
2026-09-19 10:01:00 INFO system Request processed successfully
2026-09-19 10:01:01 INFO system Request processed successfully
2026-09-19 10:01:02 INFO system Request processed successfully
2026-09-19 10:01:03 INFO system Request processed successfully
2026-09-19 10:01:04 WARN database Query response slow
2026-09-19 10:01:05 ERROR auth Authentication failed
2026-09-19 10:01:06 INFO system Request processed successfully
2026-09-19 10:01:07 INFO system Request processed successfully
2026-09-19 10:01:08 INFO system Request processed successfully
2026-09-19 10:01:09 WARN database Query response slow
2026-09-19 10:01:10 INFO system Request processed successfully
2026-09-19 10:01:11 INFO system Request processed successfully
2026-09-19 10:01:12 INFO system Request processed successfully
2026-09-19 10:01:13 INFO system Request processed successfully
2026-09-19 10:01:14 INFO system Request processed successfully
2026-09-19 10:01:15 INFO system Request processed successfully
2026-09-19 10:01:16 INFO system Request processed successfully
2026-09-19 10:01:17 INFO system Request processed successfully
2026-09-19 10:01:18 WARN database Query response slow
2026-09-19 10:01:19 INFO system Request processed successfully
2026-09-19 10:01:20 ERROR auth Authentication failed
2026-09-19 10:01:21 INFO system Request processed successfully
2026-09-19 10:01:22 ERROR model Model loading failed
2026-09-19 10:01:23 INFO system Request processed successfully
2026-09-19 10:01:24 WARN database Query response slow
2026-09-19 10:01:25 ERROR model Model loading failed
2026-09-19 10:01:26 INFO system Request processed successfully
2026-09-19 10:01:27 INFO system Request processed successfully
2026-09-19 10:01:28 INFO system Request processed successfully
2026-09-19 10:01:29 INFO system Request processed successfully
2026-09-19 10:01:30 INFO system Request processed successfully
2026-09-19 10:01:31 INFO system Request processed successfully
2026-09-19 10:01:32 INFO system Request processed successfully
2026-09-19 10:01:33 INFO system Request processed successfully
2026-09-19 10:01:34 WARN database Query response slow
2026-09-19 10:01:35 INFO system Request processed successfully
2026-09-19 10:01:36 INFO system Request processed successfully
2026-09-19 10:01:37 INFO system Request processed successfully
2026-09-19 10:01:38 INFO system Request processed successfully
2026-09-19 10:01:39 INFO system Request processed successfully
2026-09-19 10:01:40 INFO system Request processed successfully
2026-09-19 10:01:41 INFO system Request processed successfully
2026-09-19 10:01:42 INFO system Request processed successfully
2026-09-19 10:01:43 WARN database Query response slow
2026-09-19 10:01:44 INFO system Request processed successfully
2026-09-19 10:01:45 INFO system Request processed successfully
2026-09-19 10:01:46 WARN database Query response slow
2026-09-19 10:01:47 INFO system Request processed successfully
2026-09-19 10:01:48 INFO system Request processed successfully
2026-09-19 10:01:49 INFO system Request processed successfully
2026-09-19 10:01:50 INFO system Request processed successfully
2026-09-19 10:01:51 INFO system Request processed successfully
2026-09-19 10:01:52 ERROR model Model loading failed
2026-09-19 10:01:53 INFO system Request processed successfully
2026-09-19 10:01:54 WARN database Query response slow
2026-09-19 10:01:55 INFO system Request processed successfully
2026-09-19 10:01:56 INFO system Request processed successfully
2026-09-19 10:01:57 INFO system Request processed successfully
2026-09-19 10:01:58 INFO system Request processed successfully
2026-09-19 10:01:59 INFO system Request processed successfully
2026-09-19 10:01:00 INFO system Request processed successfully
2026-09-19 10:01:01 WARN database Query response slow
2026-09-19 10:01:02 INFO system Request processed successfully
2026-09-19 10:01:03 INFO system Request processed successfully
2026-09-19 10:01:04 INFO system Request processed successfully
2026-09-19 10:01:05 INFO system Request processed successfully
2026-09-19 10:01:06 WARN database Query response slow
2026-09-19 10:01:07 INFO system Request processed successfully
2026-09-19 10:01:08 WARN database Query response slow
2026-09-19 10:01:09 WARN database Query response slow
2026-09-19 10:01:10 INFO system Request processed successfully
2026-09-19 10:01:11 INFO system Request processed successfully
2026-09-19 10:01:12 ERROR database Connection timeout
2026-09-19 10:01:13 INFO system Request processed successfully
2026-09-19 10:01:14 WARN database Query response slow
2026-09-19 10:01:15 INFO system Request processed successfully
2026-09-19 10:01:16 INFO system Request processed successfully
2026-09-19 10:01:17 INFO system Request processed successfully
2026-09-19 10:01:18 INFO system Request processed successfully
2026-09-19 10:01:19 INFO system Request processed successfully
2026-09-19 10:01:20 INFO system Request processed successfully
2026-09-19 10:01:21 INFO system Request processed successfully
2026-09-19 10:01:22 INFO system Request processed successfully
2026-09-19 10:01:23 INFO system Request processed successfully
2026-09-19 10:01:24 INFO system Request processed successfully
2026-09-19 10:01:25 WARN database Query response slow
2026-09-19 10:01:26 INFO system Request processed successfully
2026-09-19 10:01:27 INFO system Request processed successfully
2026-09-19 10:01:28 WARN database Query response slow
2026-09-19 10:01:29 ERROR auth Authentication failed
2026-09-19 10:01:30 INFO system Request processed successfully
2026-09-19 10:01:31 INFO system Request processed successfully
2026-09-19 10:01:32 INFO system Request processed successfully
2026-09-19 10:01:33 WARN database Query response slow
2026-09-19 10:01:34 INFO system Request processed successfully
2026-09-19 10:01:35 INFO system Request processed successfully
2026-09-19 10:01:36 ERROR database Connection timeout
2026-09-19 10:01:37 INFO system Request processed successfully
2026-09-19 10:01:38 INFO system Request processed successfully
2026-09-19 10:01:39 INFO system Request processed successfully
2026-09-19 10:01:40 INFO system Request processed successfully
2026-09-19 10:01:41 INFO system Request processed successfully
2026-09-19 10:01:42 WARN database Query response slow
2026-09-19 10:01:43 INFO system Request processed successfully
2026-09-19 10:01:44 INFO system Request processed successfully
2026-09-19 10:01:45 INFO system Request processed successfully
2026-09-19 10:01:46 INFO system Request processed successfully
2026-09-19 10:01:47 INFO system Request processed successfully
2026-09-19 10:01:48 WARN database Query response slow
2026-09-19 10:01:49 ERROR model Model loading failed
2026-09-19 10:01:50 WARN database Query response slow
2026-09-19 10:01:51 INFO system Request processed successfully
2026-09-19 10:01:52 INFO system Request processed successfully
2026-09-19 10:01:53 INFO system Request processed successfully
2026-09-19 10:01:54 INFO system Request processed successfully
2026-09-19 10:01:55 INFO system Request processed successfully
2026-09-19 10:01:56 INFO system Request processed successfully
2026-09-19 10:01:57 INFO system Request processed successfully
2026-09-19 10:01:58 INFO system Request processed successfully
2026-09-19 10:01:59 INFO system Request processed successfully
2026-09-19 10:01:00 INFO system Request processed successfully
2026-09-19 10:01:01 INFO system Request processed successfully
2026-09-19 10:01:02 INFO system Request processed successfully
2026-09-19 10:01:03 INFO system Request processed successfully
2026-09-19 10:01:04 INFO system Request processed successfully
2026-09-19 10:01:05 INFO system Request processed successfully
2026-09-19 10:01:06 INFO system Request processed successfully
2026-09-19 10:01:07 INFO system Request processed successfully
2026-09-19 10:01:08 INFO system Request processed successfully
2026-09-19 10:01:09 INFO system Request processed successfully
2026-09-19 10:01:10 INFO system Request processed successfully
2026-09-19 10:01:11 INFO system Request processed successfully
2026-09-19 10:01:12 INFO system Request processed successfully
2026-09-19 10:01:13 INFO system Request processed successfully
2026-09-19 10:01:14 WARN database Query response slow
2026-09-19 10:01:15 INFO system Request processed successfully
2026-09-19 10:01:16 INFO system Request processed successfully
2026-09-19 10:01:17 ERROR auth Authentication failed
2026-09-19 10:01:18 INFO system Request processed successfully
2026-09-19 10:01:19 WARN database Query response slow
2026-09-19 10:01:20 ERROR auth Authentication failed
2026-09-19 10:01:21 ERROR database Connection timeout
2026-09-19 10:01:22 INFO system Request processed successfully
2026-09-19 10:01:23 INFO system Request processed successfully
2026-09-19 10:01:24 INFO system Request processed successfully
2026-09-19 10:01:25 INFO system Request processed successfully
2026-09-19 10:01:26 INFO system Request processed successfully
2026-09-19 10:01:27 INFO system Request processed successfully
2026-09-19 10:01:28 INFO system Request processed successfully
2026-09-19 10:01:29 INFO system Request processed successfully
2026-09-19 10:01:30 INFO system Request processed successfully
2026-09-19 10:01:31 INFO system Request processed successfully
2026-09-19 10:01:32 INFO system Request processed successfully
2026-09-19 10:01:33 INFO system Request processed successfully
2026-09-19 10:01:34 INFO system Request processed successfully
2026-09-19 10:01:35 ERROR auth Authentication failed
2026-09-19 10:01:36 INFO system Request processed successfully
2026-09-19 10:01:37 INFO system Request processed successfully
2026-09-19 10:01:38 WARN database Query response slow
2026-09-19 10:01:39 INFO system Request processed successfully
2026-09-19 10:01:40 INFO system Request processed successfully
2026-09-19 10:01:41 INFO system Request processed successfully
2026-09-19 10:01:42 INFO system Request processed successfully
2026-09-19 10:01:43 INFO system Request processed successfully
2026-09-19 10:01:44 INFO system Request processed successfully
2026-09-19 10:01:45 INFO system Request processed successfully
2026-09-19 10:01:46 INFO system Request processed successfully
2026-09-19 10:01:47 INFO system Request processed successfully
2026-09-19 10:01:48 INFO system Request processed successfully
2026-09-19 10:01:49 INFO system Request processed successfully
2026-09-19 10:01:50 WARN database Query response slow
2026-09-19 10:01:51 INFO system Request processed successfully
2026-09-19 10:01:52 WARN database Query response slow
2026-09-19 10:01:53 INFO system Request processed successfully
2026-09-19 10:01:54 WARN database Query response slow
2026-09-19 10:01:55 INFO system Request processed successfully
2026-09-19 10:01:56 INFO system Request processed successfully
2026-09-19 10:01:57 INFO system Request processed successfully
2026-09-19 10:01:58 INFO system Request processed successfully
2026-09-19 10:01:59 INFO system Request processed successfully
2026-09-19 10:01:00 INFO system Request processed successfully
2026-09-19 10:01:01 INFO system Request processed successfully
2026-09-19 10:01:02 WARN database Query response slow
2026-09-19 10:01:03 WARN database Query response slow
2026-09-19 10:01:04 INFO system Request processed successfully
2026-09-19 10:01:05 INFO system Request processed successfully
2026-09-19 10:01:06 INFO system Request processed successfully
2026-09-19 10:01:07 INFO system Request processed successfully
2026-09-19 10:01:08 INFO system Request processed successfully
2026-09-19 10:01:09 INFO system Request processed successfully
2026-09-19 10:01:10 INFO system Request processed successfully
2026-09-19 10:01:11 ERROR auth Authentication failed
2026-09-19 10:01:12 INFO system Request processed successfully
2026-09-19 10:01:13 INFO system Request processed successfully
2026-09-19 10:01:14 INFO system Request processed successfully
2026-09-19 10:01:15 WARN database Query response slow
2026-09-19 10:01:16 WARN database Query response slow
2026-09-19 10:01:17 INFO system Request processed successfully
2026-09-19 10:01:18 INFO system Request processed successfully
2026-09-19 10:01:19 INFO system Request processed successfully
2026-09-19 10:01:20 ERROR auth Authentication failed
2026-09-19 10:01:21 INFO system Request processed successfully
2026-09-19 10:01:22 INFO system Request processed successfully
2026-09-19 10:01:23 WARN database Query response slow
2026-09-19 10:01:24 INFO system Request processed successfully
2026-09-19 10:01:25 INFO system Request processed successfully
2026-09-19 10:01:26 INFO system Request processed successfully
2026-09-19 10:01:27 WARN database Query response slow
2026-09-19 10:01:28 INFO system Request processed successfully
2026-09-19 10:01:29 INFO system Request processed successfully
2026-09-19 10:01:30 INFO system Request processed successfully
2026-09-19 10:01:31 INFO system Request processed successfully
2026-09-19 10:01:32 INFO system Request processed successfully
2026-09-19 10:01:33 INFO system Request processed successfully
2026-09-19 10:01:34 INFO system Request processed successfully
2026-09-19 10:01:35 INFO system Request processed successfully
2026-09-19 10:01:36 WARN database Query response slow
2026-09-19 10:01:37 INFO system Request processed successfully
2026-09-19 10:01:38 ERROR auth Authentication failed
2026-09-19 10:01:39 INFO system Request processed successfully
2026-09-19 10:01:40 INFO system Request processed successfully
2026-09-19 10:01:41 INFO system Request processed successfully
2026-09-19 10:01:42 INFO system Request processed successfully
2026-09-19 10:01:43 INFO system Request processed successfully
2026-09-19 10:01:44 INFO system Request processed successfully
2026-09-19 10:01:45 INFO system Request processed successfully
2026-09-19 10:01:46 INFO system Request processed successfully
2026-09-19 10:01:47 INFO system Request processed successfully
2026-09-19 10:01:48 INFO system Request processed successfully
2026-09-19 10:01:49 WARN database Query response slow
2026-09-19 10:01:50 INFO system Request processed successfully
2026-09-19 10:01:51 INFO system Request processed successfully
2026-09-19 10:01:52 INFO system Request processed successfully
2026-09-19 10:01:53 INFO system Request processed successfully
2026-09-19 10:01:54 INFO system Request processed successfully
2026-09-19 10:01:55 INFO system Request processed successfully
2026-09-19 10:01:56 INFO system Request processed successfully
2026-09-19 10:01:57 INFO system Request processed successfully
2026-09-19 10:01:58 ERROR model Model loading failed
2026-09-19 10:01:59 INFO system Request processed successfully
2026-09-19 10:01:00 ERROR database Connection timeout
2026-09-19 10:01:01 INFO system Request processed successfully
2026-09-19 10:01:02 INFO system Request processed successfully
2026-09-19 10:01:03 ERROR database Connection timeout
2026-09-19 10:01:04 INFO system Request processed successfully
2026-09-19 10:01:05 WARN database Query response slow
2026-09-19 10:01:06 INFO system Request processed successfully
2026-09-19 10:01:07 WARN database Query response slow
2026-09-19 10:01:08 INFO system Request processed successfully
2026-09-19 10:01:09 INFO system Request processed successfully
2026-09-19 10:01:10 INFO system Request processed successfully
2026-09-19 10:01:11 INFO system Request processed successfully
2026-09-19 10:01:12 INFO system Request processed successfully
2026-09-19 10:01:13 INFO system Request processed successfully
2026-09-19 10:01:14 INFO system Request processed successfully
2026-09-19 10:01:15 INFO system Request processed successfully
2026-09-19 10:01:16 INFO system Request processed successfully
2026-09-19 10:01:17 INFO system Request processed successfully
2026-09-19 10:01:18 ERROR database Connection timeout
2026-09-19 10:01:19 INFO system Request processed successfully
2026-09-19 10:01:20 WARN database Query response slow
2026-09-19 10:01:21 INFO system Request processed successfully
2026-09-19 10:01:22 ERROR model Model loading failed
2026-09-19 10:01:23 INFO system Request processed successfully
2026-09-19 10:01:24 INFO system Request processed successfully
2026-09-19 10:01:25 INFO system Request processed successfully
2026-09-19 10:01:26 INFO system Request processed successfully
2026-09-19 10:01:27 INFO system Request processed successfully
2026-09-19 10:01:28 WARN database Query response slow
2026-09-19 10:01:29 INFO system Request processed successfully
2026-09-19 10:01:30 INFO system Request processed successfully
2026-09-19 10:01:31 WARN database Query response slow
2026-09-19 10:01:32 INFO system Request processed successfully
2026-09-19 10:01:33 INFO system Request processed successfully
2026-09-19 10:01:34 INFO system Request processed successfully
2026-09-19 10:01:35 INFO system Request processed successfully
2026-09-19 10:01:36 INFO system Request processed successfully
2026-09-19 10:01:37 WARN database Query response slow
2026-09-19 10:01:38 INFO system Request processed successfully
2026-09-19 10:01:39 ERROR database Connection timeout
2026-09-19 10:01:40 INFO system Request processed successfully
2026-09-19 10:01:41 INFO system Request processed successfully
2026-09-19 10:01:42 INFO system Request processed successfully
2026-09-19 10:01:43 INFO system Request processed successfully
2026-09-19 10:01:44 INFO system Request processed successfully
2026-09-19 10:01:45 INFO system Request processed successfully
2026-09-19 10:01:46 INFO system Request processed successfully
2026-09-19 10:01:47 INFO system Request processed successfully
2026-09-19 10:01:48 INFO system Request processed successfully
2026-09-19 10:01:49 INFO system Request processed successfully
2026-09-19 10:01:50 WARN database Query response slow
2026-09-19 10:01:51 ERROR database Connection timeout
2026-09-19 10:01:52 WARN database Query response slow
2026-09-19 10:01:53 INFO system Request processed successfully
2026-09-19 10:01:54 INFO system Request processed successfully
2026-09-19 10:01:55 INFO system Request processed successfully
2026-09-19 10:01:56 INFO system Request processed successfully
2026-09-19 10:01:57 INFO system Request processed successfully
2026-09-19 10:01:58 INFO system Request processed successfully
2026-09-19 10:01:59 INFO system Request processed successfully
2026-09-19 10:01:00 INFO system Request processed successfully
2026-09-19 10:01:01 INFO system Request processed successfully
2026-09-19 10:01:02 INFO system Request processed successfully
2026-09-19 10:01:03 INFO system Request processed successfully
2026-09-19 10:01:04 INFO system Request processed successfully
2026-09-19 10:01:05 WARN database Query response slow
2026-09-19 10:01:06 WARN database Query response slow
2026-09-19 10:01:07 INFO system Request processed successfully
2026-09-19 10:01:08 INFO system Request processed successfully
2026-09-19 10:01:09 INFO system Request processed successfully
2026-09-19 10:01:10 INFO system Request processed successfully
2026-09-19 10:01:11 INFO system Request processed successfully
2026-09-19 10:01:12 INFO system Request processed successfully
2026-09-19 10:01:13 WARN database Query response slow
2026-09-19 10:01:14 INFO system Request processed successfully
2026-09-19 10:01:15 INFO system Request processed successfully
2026-09-19 10:01:16 ERROR model Model loading failed
2026-09-19 10:01:17 INFO system Request processed successfully
2026-09-19 10:01:18 WARN database Query response slow
2026-09-19 10:01:19 INFO system Request processed successfully
2026-09-19 10:01:20 WARN database Query response slow
2026-09-19 10:01:21 INFO system Request processed successfully
2026-09-19 10:01:22 INFO system Request processed successfully
2026-09-19 10:01:23 WARN database Query response slow
2026-09-19 10:01:24 INFO system Request processed successfully
2026-09-19 10:01:25 INFO system Request processed successfully
2026-09-19 10:01:26 INFO system Request processed successfully
2026-09-19 10:01:27 INFO system Request processed successfully
2026-09-19 10:01:28 WARN database Query response slow
2026-09-19 10:01:29 INFO system Request processed successfully
2026-09-19 10:01:30 INFO system Request processed successfully
2026-09-19 10:01:31 INFO system Request processed successfully
2026-09-19 10:01:32 INFO system Request processed successfully
2026-09-19 10:01:33 INFO system Request processed successfully
2026-09-19 10:01:34 INFO system Request processed successfully
2026-09-19 10:01:35 INFO system Request processed successfully
2026-09-19 10:01:36 INFO system Request processed successfully
2026-09-19 10:01:37 INFO system Request processed successfully
2026-09-19 10:01:38 INFO system Request processed successfully
2026-09-19 10:01:39 INFO system Request processed successfully
2026-09-19 10:01:40 INFO system Request processed successfully
2026-09-19 10:01:41 INFO system Request processed successfully
2026-09-19 10:01:42 INFO system Request processed successfully
2026-09-19 10:01:43 INFO system Request processed successfully
2026-09-19 10:01:44 WARN database Query response slow
2026-09-19 10:01:45 INFO system Request processed successfully
2026-09-19 10:01:46 INFO system Request processed successfully
2026-09-19 10:01:47 INFO system Request processed successfully
2026-09-19 10:01:48 INFO system Request processed successfully
2026-09-19 10:01:49 INFO system Request processed successfully
2026-09-19 10:01:50 ERROR auth Authentication failed
2026-09-19 10:01:51 WARN database Query response slow
2026-09-19 10:01:52 INFO system Request processed successfully
2026-09-19 10:01:53 WARN database Query response slow
2026-09-19 10:01:54 ERROR database Connection timeout
2026-09-19 10:01:55 INFO system Request processed successfully
2026-09-19 10:01:56 WARN database Query response slow
2026-09-19 10:01:57 INFO system Request processed successfully
2026-09-19 10:01:58 WARN database Query response slow
2026-09-19 10:01:59 INFO system Request processed successfully
2026-09-19 10:01:00 INFO system Request processed successfully
2026-09-19 10:01:01 INFO system Request processed successfully
2026-09-19 10:01:02 INFO system Request processed successfully
2026-09-19 10:01:03 INFO system Request processed successfully
2026-09-19 10:01:04 WARN database Query response slow
2026-09-19 10:01:05 INFO system Request processed successfully
2026-09-19 10:01:06 INFO system Request processed successfully
2026-09-19 10:01:07 INFO system Request processed successfully
2026-09-19 10:01:08 INFO system Request processed successfully
2026-09-19 10:01:09 INFO system Request processed successfully
2026-09-19 10:01:10 INFO system Request processed successfully
2026-09-19 10:01:11 INFO system Request processed successfully
2026-09-19 10:01:12 INFO system Request processed successfully
2026-09-19 10:01:13 WARN database Query response slow
2026-09-19 10:01:14 INFO system Request processed successfully
2026-09-19 10:01:15 INFO system Request processed successfully
2026-09-19 10:01:16 INFO system Request processed successfully
2026-09-19 10:01:17 INFO system Request processed successfully
2026-09-19 10:01:18 INFO system Request processed successfully
2026-09-19 10:01:19 WARN database Query response slow
2026-09-19 10:01:20 WARN database Query response slow
2026-09-19 10:01:21 INFO system Request processed successfully
2026-09-19 10:01:22 INFO system Request processed successfully
2026-09-19 10:01:23 WARN database Query response slow
2026-09-19 10:01:24 ERROR database Connection timeout
2026-09-19 10:01:25 WARN database Query response slow
2026-09-19 10:01:26 INFO system Request processed successfully
2026-09-19 10:01:27 INFO system Request processed successfully
2026-09-19 10:01:28 WARN database Query response slow
2026-09-19 10:01:29 INFO system Request processed successfully
2026-09-19 10:01:30 INFO system Request processed successfully
2026-09-19 10:01:31 INFO system Request processed successfully
2026-09-19 10:01:32 INFO system Request processed successfully
2026-09-19 10:01:33 WARN database Query response slow
2026-09-19 10:01:34 WARN database Query response slow
2026-09-19 10:01:35 INFO system Request processed successfully
2026-09-19 10:01:36 INFO system Request processed successfully
2026-09-19 10:01:37 WARN database Query response slow
2026-09-19 10:01:38 INFO system Request processed successfully
2026-09-19 10:01:39 WARN database Query response slow
2026-09-19 10:01:40 INFO system Request processed successfully
2026-09-19 10:01:41 INFO system Request processed successfully
2026-09-19 10:01:42 INFO system Request processed successfully
2026-09-19 10:01:43 WARN database Query response slow
2026-09-19 10:01:44 INFO system Request processed successfully
2026-09-19 10:01:45 INFO system Request processed successfully
2026-09-19 10:01:46 INFO system Request processed successfully
2026-09-19 10:01:47 INFO system Request processed successfully
2026-09-19 10:01:48 INFO system Request processed successfully
2026-09-19 10:01:49 INFO system Request processed successfully
2026-09-19 10:01:50 INFO system Request processed successfully
2026-09-19 10:01:51 INFO system Request processed successfully
2026-09-19 10:01:52 INFO system Request processed successfully
2026-09-19 10:01:53 INFO system Request processed successfully
2026-09-19 10:01:54 INFO system Request processed successfully
2026-09-19 10:01:55 INFO system Request processed successfully
2026-09-19 10:01:56 ERROR auth Authentication failed
2026-09-19 10:01:57 INFO system Request processed successfully
2026-09-19 10:01:58 INFO system Request processed successfully
2026-09-19 10:01:59 INFO system Request processed successfully
2026-09-19 10:01:00 INFO system Request processed successfully
2026-09-19 10:01:01 INFO system Request processed successfully
2026-09-19 10:01:02 INFO system Request processed successfully
2026-09-19 10:01:03 INFO system Request processed successfully
2026-09-19 10:01:04 WARN database Query response slow
2026-09-19 10:01:05 INFO system Request processed successfully
2026-09-19 10:01:06 INFO system Request processed successfully
2026-09-19 10:01:07 INFO system Request processed successfully
2026-09-19 10:01:08 INFO system Request processed successfully
2026-09-19 10:01:09 INFO system Request processed successfully
2026-09-19 10:01:10 INFO system Request processed successfully
2026-09-19 10:01:11 INFO system Request processed successfully
2026-09-19 10:01:12 INFO system Request processed successfully
2026-09-19 10:01:13 INFO system Request processed successfully
2026-09-19 10:01:14 INFO system Request processed successfully
2026-09-19 10:01:15 INFO system Request processed successfully
2026-09-19 10:01:16 INFO system Request processed successfully
2026-09-19 10:01:17 INFO system Request processed successfully
2026-09-19 10:01:18 INFO system Request processed successfully
2026-09-19 10:01:19 INFO system Request processed successfully
2026-09-19 10:01:20 INFO system Request processed successfully
2026-09-19 10:01:21 INFO system Request processed successfully
2026-09-19 10:01:22 INFO system Request processed successfully
2026-09-19 10:01:23 WARN database Query response slow
2026-09-19 10:01:24 WARN database Query response slow
2026-09-19 10:01:25 INFO system Request processed successfully
2026-09-19 10:01:26 INFO system Request processed successfully
2026-09-19 10:01:27 INFO system Request processed successfully
2026-09-19 10:01:28 INFO system Request processed successfully
2026-09-19 10:01:29 INFO system Request processed successfully
2026-09-19 10:01:30 INFO system Request processed successfully
2026-09-19 10:01:31 INFO system Request processed successfully
2026-09-19 10:01:32 INFO system Request processed successfully
2026-09-19 10:01:33 INFO system Request processed successfully
2026-09-19 10:01:34 INFO system Request processed successfully
2026-09-19 10:01:35 INFO system Request processed successfully
2026-09-19 10:01:36 INFO system Request processed successfully
2026-09-19 10:01:37 INFO system Request processed successfully
2026-09-19 10:01:38 INFO system Request processed successfully
2026-09-19 10:01:39 INFO system Request processed successfully
2026-09-19 10:01:40 WARN database Query response slow
2026-09-19 10:01:41 WARN database Query response slow
2026-09-19 10:01:42 INFO system Request processed successfully
2026-09-19 10:01:43 INFO system Request processed successfully
2026-09-19 10:01:44 INFO system Request processed successfully
2026-09-19 10:01:45 ERROR database Connection timeout
2026-09-19 10:01:46 INFO system Request processed successfully
2026-09-19 10:01:47 WARN database Query response slow
2026-09-19 10:01:48 WARN database Query response slow
2026-09-19 10:01:49 WARN database Query response slow
2026-09-19 10:01:50 INFO system Request processed successfully
2026-09-19 10:01:51 INFO system Request processed successfully
2026-09-19 10:01:52 INFO system Request processed successfully
2026-09-19 10:01:53 WARN database Query response slow
2026-09-19 10:01:54 INFO system Request processed successfully
2026-09-19 10:01:55 INFO system Request processed successfully
2026-09-19 10:01:56 WARN database Query response slow
2026-09-19 10:01:57 INFO system Request processed successfully
2026-09-19 10:01:58 INFO system Request processed successfully
2026-09-19 10:01:59 INFO system Request processed successfully
2026-09-19 10:01:00 INFO system Request processed successfully
2026-09-19 10:01:01 INFO system Request processed successfully
2026-09-19 10:01:02 INFO system Request processed successfully
2026-09-19 10:01:03 INFO system Request processed successfully
2026-09-19 10:01:04 INFO system Request processed successfully
2026-09-19 10:01:05 INFO system Request processed successfully
2026-09-19 10:01:06 INFO system Request processed successfully
2026-09-19 10:01:07 INFO system Request processed successfully
2026-09-19 10:01:08 INFO system Request processed successfully
2026-09-19 10:01:09 INFO system Request processed successfully
2026-09-19 10:01:10 ERROR model Model loading failed
2026-09-19 10:01:11 INFO system Request processed successfully
2026-09-19 10:01:12 INFO system Request processed successfully
2026-09-19 10:01:13 INFO system Request processed successfully
2026-09-19 10:01:14 INFO system Request processed successfully
2026-09-19 10:01:15 INFO system Request processed successfully
2026-09-19 10:01:16 INFO system Request processed successfully
2026-09-19 10:01:17 INFO system Request processed successfully
2026-09-19 10:01:18 INFO system Request processed successfully
2026-09-19 10:01:19 INFO system Request processed successfully
2026-09-19 10:01:20 INFO system Request processed successfully
2026-09-19 10:01:21 INFO system Request processed successfully
2026-09-19 10:01:22 INFO system Request processed successfully
2026-09-19 10:01:23 INFO system Request processed successfully
2026-09-19 10:01:24 INFO system Request processed successfully
2026-09-19 10:01:25 INFO system Request processed successfully
2026-09-19 10:01:26 INFO system Request processed successfully
2026-09-19 10:01:27 INFO system Request processed successfully
2026-09-19 10:01:28 WARN database Query response slow
2026-09-19 10:01:29 INFO system Request processed successfully
2026-09-19 10:01:30 INFO system Request processed successfully
2026-09-19 10:01:31 INFO system Request processed successfully
2026-09-19 10:01:32 INFO system Request processed successfully
2026-09-19 10:01:33 INFO system Request processed successfully
2026-09-19 10:01:34 INFO system Request processed successfully
2026-09-19 10:01:35 INFO system Request processed successfully
2026-09-19 10:01:36 INFO system Request processed successfully
2026-09-19 10:01:37 ERROR model Model loading failed
2026-09-19 10:01:38 INFO system Request processed successfully
2026-09-19 10:01:39 INFO system Request processed successfully
2026-09-19 10:01:40 INFO system Request processed successfully
2026-09-19 10:01:41 INFO system Request processed successfully
2026-09-19 10:01:42 INFO system Request processed successfully
2026-09-19 10:01:43 INFO system Request processed successfully
2026-09-19 10:01:44 INFO system Request processed successfully
2026-09-19 10:01:45 INFO system Request processed successfully
2026-09-19 10:01:46 INFO system Request processed successfully
2026-09-19 10:01:47 WARN database Query response slow
2026-09-19 10:01:48 INFO system Request processed successfully
2026-09-19 10:01:49 INFO system Request processed successfully
2026-09-19 10:01:50 INFO system Request processed successfully
2026-09-19 10:01:51 WARN database Query response slow
2026-09-19 10:01:52 INFO system Request processed successfully
2026-09-19 10:01:53 INFO system Request processed successfully
2026-09-19 10:01:54 INFO system Request processed successfully
2026-09-19 10:01:55 INFO system Request processed successfully
2026-09-19 10:01:56 INFO system Request processed successfully
2026-09-19 10:01:57 INFO system Request processed successfully
2026-09-19 10:01:58 INFO system Request processed successfully
2026-09-19 10:01:59 INFO system Request processed successfully
2026-09-19 10:01:00 INFO system Request processed successfully
2026-09-19 10:01:01 INFO system Request processed successfully
2026-09-19 10:01:02 INFO system Request processed successfully
2026-09-19 10:01:03 INFO system Request processed successfully
2026-09-19 10:01:04 INFO system Request processed successfully
2026-09-19 10:01:05 INFO system Request processed successfully
2026-09-19 10:01:06 INFO system Request processed successfully
2026-09-19 10:01:07 INFO system Request processed successfully
2026-09-19 10:01:08 WARN database Query response slow
2026-09-19 10:01:09 INFO system Request processed successfully
2026-09-19 10:01:10 INFO system Request processed successfully
2026-09-19 10:01:11 INFO system Request processed successfully
2026-09-19 10:01:12 INFO system Request processed successfully
2026-09-19 10:01:13 INFO system Request processed successfully
2026-09-19 10:01:14 INFO system Request processed successfully
2026-09-19 10:01:15 ERROR database Connection timeout
2026-09-19 10:01:16 INFO system Request processed successfully
2026-09-19 10:01:17 WARN database Query response slow
2026-09-19 10:01:18 INFO system Request processed successfully
2026-09-19 10:01:19 ERROR model Model loading failed
2026-09-19 10:01:20 INFO system Request processed successfully
2026-09-19 10:01:21 INFO system Request processed successfully
2026-09-19 10:01:22 INFO system Request processed successfully
2026-09-19 10:01:23 INFO system Request processed successfully
2026-09-19 10:01:24 WARN database Query response slow
2026-09-19 10:01:25 INFO system Request processed successfully
2026-09-19 10:01:26 INFO system Request processed successfully
2026-09-19 10:01:27 ERROR database Connection timeout
2026-09-19 10:01:28 WARN database Query response slow
2026-09-19 10:01:29 INFO system Request processed successfully
2026-09-19 10:01:30 INFO system Request processed successfully
2026-09-19 10:01:31 INFO system Request processed successfully
2026-09-19 10:01:32 WARN database Query response slow
2026-09-19 10:01:33 INFO system Request processed successfully
2026-09-19 10:01:34 INFO system Request processed successfully
2026-09-19 10:01:35 INFO system Request processed successfully
2026-09-19 10:01:36 INFO system Request processed successfully
2026-09-19 10:01:37 INFO system Request processed successfully
2026-09-19 10:01:38 INFO system Request processed successfully
2026-09-19 10:01:39 INFO system Request processed successfully
2026-09-19 10:01:40 INFO system Request processed successfully
2026-09-19 10:01:41 WARN database Query response slow
2026-09-19 10:01:42 INFO system Request processed successfully
2026-09-19 10:01:43 WARN database Query response slow
2026-09-19 10:01:44 INFO system Request processed successfully
2026-09-19 10:01:45 WARN database Query response slow
2026-09-19 10:01:46 INFO system Request processed successfully
2026-09-19 10:01:47 INFO system Request processed successfully
2026-09-19 10:01:48 INFO system Request processed successfully
2026-09-19 10:01:49 INFO system Request processed successfully
2026-09-19 10:01:50 INFO system Request processed successfully
2026-09-19 10:01:51 INFO system Request processed successfully
2026-09-19 10:01:52 INFO system Request processed successfully
2026-09-19 10:01:53 INFO system Request processed successfully
2026-09-19 10:01:54 INFO system Request processed successfully
2026-09-19 10:01:55 WARN database Query response slow
2026-09-19 10:01:56 INFO system Request processed successfully
2026-09-19 10:01:57 INFO system Request processed successfully
2026-09-19 10:01:58 WARN database Query response slow
2026-09-19 10:01:59 WARN database Query response slow
2026-09-19 10:01:00 INFO system Request processed successfully
2026-09-19 10:01:01 INFO system Request processed successfully
2026-09-19 10:01:02 WARN database Query response slow
2026-09-19 10:01:03 WARN database Query response slow
2026-09-19 10:01:04 INFO system Request processed successfully
2026-09-19 10:01:05 INFO system Request processed successfully
2026-09-19 10:01:06 WARN database Query response slow
2026-09-19 10:01:07 INFO system Request processed successfully
2026-09-19 10:01:08 INFO system Request processed successfully
2026-09-19 10:01:09 INFO system Request processed successfully
2026-09-19 10:01:10 INFO system Request processed successfully
2026-09-19 10:01:11 INFO system Request processed successfully
2026-09-19 10:01:12 INFO system Request processed successfully
2026-09-19 10:01:13 INFO system Request processed successfully
2026-09-19 10:01:14 INFO system Request processed successfully
2026-09-19 10:01:15 INFO system Request processed successfully
2026-09-19 10:01:16 INFO system Request processed successfully
2026-09-19 10:01:17 INFO system Request processed successfully
2026-09-19 10:01:18 INFO system Request processed successfully
2026-09-19 10:01:19 INFO system Request processed successfully
2026-09-19 10:01:20 ERROR auth Authentication failed
2026-09-19 10:01:21 INFO system Request processed successfully
2026-09-19 10:01:22 WARN database Query response slow
2026-09-19 10:01:23 INFO system Request processed successfully
2026-09-19 10:01:24 INFO system Request processed successfully
2026-09-19 10:01:25 INFO system Request processed successfully
2026-09-19 10:01:26 WARN database Query response slow
2026-09-19 10:01:27 INFO system Request processed successfully
2026-09-19 10:01:28 INFO system Request processed successfully
2026-09-19 10:01:29 INFO system Request processed successfully
2026-09-19 10:01:30 INFO system Request processed successfully
2026-09-19 10:01:31 INFO system Request processed successfully
2026-09-19 10:01:32 ERROR auth Authentication failed
2026-09-19 10:01:33 INFO system Request processed successfully
2026-09-19 10:01:34 INFO system Request processed successfully
2026-09-19 10:01:35 INFO system Request processed successfully
2026-09-19 10:01:36 INFO system Request processed successfully
2026-09-19 10:01:37 INFO system Request processed successfully
2026-09-19 10:01:38 INFO system Request processed successfully
2026-09-19 10:01:39 INFO system Request processed successfully
2026-09-19 10:01:40 INFO system Request processed successfully
2026-09-19 10:01:41 INFO system Request processed successfully
2026-09-19 10:01:42 INFO system Request processed successfully
2026-09-19 10:01:43 INFO system Request processed successfully
2026-09-19 10:01:44 WARN database Query response slow
2026-09-19 10:01:45 INFO system Request processed successfully
2026-09-19 10:01:46 WARN database Query response slow
2026-09-19 10:01:47 INFO system Request processed successfully
2026-09-19 10:01:48 INFO system Request processed successfully
2026-09-19 10:01:49 WARN database Query response slow
2026-09-19 10:01:50 INFO system Request processed successfully
2026-09-19 10:01:51 INFO system Request processed successfully
2026-09-19 10:01:52 INFO system Request processed successfully
2026-09-19 10:01:53 WARN database Query response slow
2026-09-19 10:01:54 WARN database Query response slow
2026-09-19 10:01:55 INFO system Request processed successfully
2026-09-19 10:01:56 INFO system Request processed successfully
2026-09-19 10:01:57 INFO system Request processed successfully
2026-09-19 10:01:58 INFO system Request processed successfully
2026-09-19 10:01:59 INFO system Request processed successfully
2026-09-19 10:01:00 INFO system Request processed successfully
2026-09-19 10:01:01 INFO system Request processed successfully
2026-09-19 10:01:02 INFO system Request processed successfully
2026-09-19 10:01:03 INFO system Request processed successfully
2026-09-19 10:01:04 WARN database Query response slow
2026-09-19 10:01:05 INFO system Request processed successfully
2026-09-19 10:01:06 INFO system Request processed successfully
2026-09-19 10:01:07 INFO system Request processed successfully
2026-09-19 10:01:08 INFO system Request processed successfully
2026-09-19 10:01:09 INFO system Request processed successfully
2026-09-19 10:01:10 INFO system Request processed successfully
2026-09-19 10:01:11 WARN database Query response slow
2026-09-19 10:01:12 INFO system Request processed successfully
2026-09-19 10:01:13 INFO system Request processed successfully
2026-09-19 10:01:14 INFO system Request processed successfully
2026-09-19 10:01:15 INFO system Request processed successfully
2026-09-19 10:01:16 INFO system Request processed successfully
2026-09-19 10:01:17 INFO system Request processed successfully
2026-09-19 10:01:18 INFO system Request processed successfully
2026-09-19 10:01:19 INFO system Request processed successfully
2026-09-19 10:01:20 INFO system Request processed successfully
2026-09-19 10:01:21 INFO system Request processed successfully
2026-09-19 10:01:22 INFO system Request processed successfully
2026-09-19 10:01:23 INFO system Request processed successfully
2026-09-19 10:01:24 INFO system Request processed successfully
2026-09-19 10:01:25 INFO system Request processed successfully
2026-09-19 10:01:26 INFO system Request processed successfully
2026-09-19 10:01:27 INFO system Request processed successfully
2026-09-19 10:01:28 INFO system Request processed successfully
2026-09-19 10:01:29 INFO system Request processed successfully
2026-09-19 10:01:30 INFO system Request processed successfully
2026-09-19 10:01:31 INFO system Request processed successfully
2026-09-19 10:01:32 INFO system Request processed successfully
2026-09-19 10:01:33 INFO system Request processed successfully
2026-09-19 10:01:34 INFO system Request processed successfully
2026-09-19 10:01:35 INFO system Request processed successfully
2026-09-19 10:01:36 INFO system Request processed successfully
2026-09-19 10:01:37 INFO system Request processed successfully
2026-09-19 10:01:38 INFO system Request processed successfully
2026-09-19 10:01:39 INFO system Request processed successfully
2026-09-19 10:01:40 INFO system Request processed successfully
2026-09-19 10:01:41 INFO system Request processed successfully
2026-09-19 10:01:42 INFO system Request processed successfully
2026-09-19 10:01:43 INFO system Request processed successfully
2026-09-19 10:01:44 ERROR auth Authentication failed
2026-09-19 10:01:45 INFO system Request processed successfully
2026-09-19 10:01:46 INFO system Request processed successfully
2026-09-19 10:01:47 INFO system Request processed successfully
2026-09-19 10:01:48 INFO system Request processed successfully
2026-09-19 10:01:49 INFO system Request processed successfully
2026-09-19 10:01:50 INFO system Request processed successfully
2026-09-19 10:01:51 INFO system Request processed successfully
2026-09-19 10:01:52 INFO system Request processed successfully
2026-09-19 10:01:53 INFO system Request processed successfully
2026-09-19 10:01:54 INFO system Request processed successfully
2026-09-19 10:01:55 INFO system Request processed successfully
2026-09-19 10:01:56 INFO system Request processed successfully
2026-09-19 10:01:57 INFO system Request processed successfully
2026-09-19 10:01:58 INFO system Request processed successfully
2026-09-19 10:01:59 INFO system Request processed successfully
2026-09-19 10:01:00 INFO system Request processed successfully
2026-09-19 10:01:01 INFO system Request processed successfully
2026-09-19 10:01:02 INFO system Request processed successfully
2026-09-19 10:01:03 INFO system Request processed successfully
2026-09-19 10:01:04 INFO system Request processed successfully
2026-09-19 10:01:05 INFO system Request processed successfully
2026-09-19 10:01:06 INFO system Request processed successfully
2026-09-19 10:01:07 INFO system Request processed successfully
2026-09-19 10:01:08 INFO system Request processed successfully
2026-09-19 10:01:09 INFO system Request processed successfully
2026-09-19 10:01:10 INFO system Request processed successfully
2026-09-19 10:01:11 INFO system Request processed successfully
2026-09-19 10:01:12 INFO system Request processed successfully
2026-09-19 10:01:13 ERROR model Model loading failed
2026-09-19 10:01:14 WARN database Query response slow
2026-09-19 10:01:15 INFO system Request processed successfully
2026-09-19 10:01:16 INFO system Request processed successfully
2026-09-19 10:01:17 INFO system Request processed successfully
2026-09-19 10:01:18 WARN database Query response slow
2026-09-19 10:01:19 INFO system Request processed successfully
2026-09-19 10:01:20 INFO system Request processed successfully
2026-09-19 10:01:21 INFO system Request processed successfully
2026-09-19 10:01:22 INFO system Request processed successfully
2026-09-19 10:01:23 INFO system Request processed successfully
2026-09-19 10:01:24 INFO system Request processed successfully
2026-09-19 10:01:25 INFO system Request processed successfully
2026-09-19 10:01:26 INFO system Request processed successfully
2026-09-19 10:01:27 INFO system Request processed successfully
2026-09-19 10:01:28 INFO system Request processed successfully
2026-09-19 10:01:29 INFO system Request processed successfully
2026-09-19 10:01:30 INFO system Request processed successfully
2026-09-19 10:01:31 INFO system Request processed successfully
2026-09-19 10:01:32 INFO system Request processed successfully
2026-09-19 10:01:33 INFO system Request processed successfully
2026-09-19 10:01:34 ERROR model Model loading failed
2026-09-19 10:01:35 WARN database Query response slow
2026-09-19 10:01:36 INFO system Request processed successfully
2026-09-19 10:01:37 WARN database Query response slow
2026-09-19 10:01:38 INFO system Request processed successfully
2026-09-19 10:01:39 WARN database Query response slow
2026-09-19 10:01:40 WARN database Query response slow
2026-09-19 10:01:41 INFO system Request processed successfully
2026-09-19 10:01:42 WARN database Query response slow
2026-09-19 10:01:43 ERROR model Model loading failed
2026-09-19 10:01:44 INFO system Request processed successfully
2026-09-19 10:01:45 INFO system Request processed successfully
2026-09-19 10:01:46 INFO system Request processed successfully
2026-09-19 10:01:47 INFO system Request processed successfully
2026-09-19 10:01:48 INFO system Request processed successfully
2026-09-19 10:01:49 INFO system Request processed successfully
2026-09-19 10:01:50 WARN database Query response slow
2026-09-19 10:01:51 INFO system Request processed successfully
2026-09-19 10:01:52 WARN database Query response slow
2026-09-19 10:01:53 INFO system Request processed successfully
2026-09-19 10:01:54 INFO system Request processed successfully
2026-09-19 10:01:55 WARN database Query response slow
2026-09-19 10:01:56 INFO system Request processed successfully
2026-09-19 10:01:57 INFO system Request processed successfully
2026-09-19 10:01:58 WARN database Query response slow
2026-09-19 10:01:59 INFO system Request processed successfully
2026-09-19 10:01:00 INFO system Request processed successfully
2026-09-19 10:01:01 INFO system Request processed successfully
2026-09-19 10:01:02 WARN database Query response slow
2026-09-19 10:01:03 INFO system Request processed successfully
2026-09-19 10:01:04 INFO system Request processed successfully
2026-09-19 10:01:05 WARN database Query response slow
2026-09-19 10:01:06 WARN database Query response slow
2026-09-19 10:01:07 WARN database Query response slow
2026-09-19 10:01:08 INFO system Request processed successfully
2026-09-19 10:01:09 INFO system Request processed successfully
2026-09-19 10:01:10 WARN database Query response slow
2026-09-19 10:01:11 INFO system Request processed successfully
2026-09-19 10:01:12 INFO system Request processed successfully
2026-09-19 10:01:13 INFO system Request processed successfully
2026-09-19 10:01:14 INFO system Request processed successfully
2026-09-19 10:01:15 INFO system Request processed successfully
2026-09-19 10:01:16 INFO system Request processed successfully
2026-09-19 10:01:17 WARN database Query response slow
2026-09-19 10:01:18 INFO system Request processed successfully
2026-09-19 10:01:19 INFO system Request processed successfully
2026-09-19 10:01:20 INFO system Request processed successfully
2026-09-19 10:01:21 INFO system Request processed successfully
2026-09-19 10:01:22 INFO system Request processed successfully
2026-09-19 10:01:23 INFO system Request processed successfully
2026-09-19 10:01:24 WARN database Query response slow
2026-09-19 10:01:25 INFO system Request processed successfully
2026-09-19 10:01:26 INFO system Request processed successfully
2026-09-19 10:01:27 INFO system Request processed successfully
2026-09-19 10:01:28 INFO system Request processed successfully
2026-09-19 10:01:29 WARN database Query response slow
2026-09-19 10:01:30 INFO system Request processed successfully
2026-09-19 10:01:31 WARN database Query response slow
2026-09-19 10:01:32 INFO system Request processed successfully
2026-09-19 10:01:33 INFO system Request processed successfully
2026-09-19 10:01:34 WARN database Query response slow
2026-09-19 10:01:35 INFO system Request processed successfully
2026-09-19 10:01:36 INFO system Request processed successfully
2026-09-19 10:01:37 WARN database Query response slow
2026-09-19 10:01:38 WARN database Query response slow
2026-09-19 10:01:39 INFO system Request processed successfully
2026-09-19 10:01:40 INFO system Request processed successfully
2026-09-19 10:01:41 INFO system Request processed successfully
2026-09-19 10:01:42 INFO system Request processed successfully
2026-09-19 10:01:43 INFO system Request processed successfully
2026-09-19 10:01:44 INFO system Request processed successfully
2026-09-19 10:01:45 WARN database Query response slow
2026-09-19 10:01:46 INFO system Request processed successfully
2026-09-19 10:01:47 INFO system Request processed successfully
2026-09-19 10:01:48 INFO system Request processed successfully
2026-09-19 10:01:49 INFO system Request processed successfully
2026-09-19 10:01:50 INFO system Request processed successfully
2026-09-19 10:01:51 INFO system Request processed successfully
2026-09-19 10:01:52 WARN database Query response slow
2026-09-19 10:01:53 INFO system Request processed successfully
2026-09-19 10:01:54 WARN database Query response slow
2026-09-19 10:01:55 INFO system Request processed successfully
2026-09-19 10:01:56 INFO system Request processed successfully
2026-09-19 10:01:57 INFO system Request processed successfully
2026-09-19 10:01:58 INFO system Request processed successfully
2026-09-19 10:01:59 INFO system Request processed successfully
2026-09-19 10:01:00 WARN database Query response slow
2026-09-19 10:01:01 INFO system Request processed successfully
2026-09-19 10:01:02 INFO system Request processed successfully
2026-09-19 10:01:03 INFO system Request processed successfully
2026-09-19 10:01:04 INFO system Request processed successfully
2026-09-19 10:01:05 INFO system Request processed successfully
2026-09-19 10:01:06 INFO system Request processed successfully
2026-09-19 10:01:07 INFO system Request processed successfully
2026-09-19 10:01:08 WARN database Query response slow
2026-09-19 10:01:09 WARN database Query response slow
2026-09-19 10:01:10 INFO system Request processed successfully
2026-09-19 10:01:11 INFO system Request processed successfully
2026-09-19 10:01:12 INFO system Request processed successfully
2026-09-19 10:01:13 INFO system Request processed successfully
2026-09-19 10:01:14 INFO system Request processed successfully
2026-09-19 10:01:15 INFO system Request processed successfully
2026-09-19 10:01:16 ERROR model Model loading failed
2026-09-19 10:01:17 WARN database Query response slow
2026-09-19 10:01:18 INFO system Request processed successfully
2026-09-19 10:01:19 INFO system Request processed successfully
2026-09-19 10:01:20 INFO system Request processed successfully
2026-09-19 10:01:21 INFO system Request processed successfully
2026-09-19 10:01:22 INFO system Request processed successfully
2026-09-19 10:01:23 INFO system Request processed successfully
2026-09-19 10:01:24 INFO system Request processed successfully
2026-09-19 10:01:25 INFO system Request processed successfully
2026-09-19 10:01:26 WARN database Query response slow
2026-09-19 10:01:27 INFO system Request processed successfully
2026-09-19 10:01:28 INFO system Request processed successfully
2026-09-19 10:01:29 INFO system Request processed successfully
2026-09-19 10:01:30 INFO system Request processed successfully
2026-09-19 10:01:31 INFO system Request processed successfully
2026-09-19 10:01:32 INFO system Request processed successfully
2026-09-19 10:01:33 INFO system Request processed successfully
2026-09-19 10:01:34 INFO system Request processed successfully
2026-09-19 10:01:35 INFO system Request processed successfully
2026-09-19 10:01:36 INFO system Request processed successfully
2026-09-19 10:01:37 INFO system Request processed successfully
2026-09-19 10:01:38 INFO system Request processed successfully
2026-09-19 10:01:39 WARN database Query response slow
2026-09-19 10:01:40 INFO system Request processed successfully
2026-09-19 10:01:41 INFO system Request processed successfully
2026-09-19 10:01:42 WARN database Query response slow
2026-09-19 10:01:43 INFO system Request processed successfully
2026-09-19 10:01:44 INFO system Request processed successfully
2026-09-19 10:01:45 INFO system Request processed successfully
2026-09-19 10:01:46 INFO system Request processed successfully
2026-09-19 10:01:47 INFO system Request processed successfully
2026-09-19 10:01:48 INFO system Request processed successfully
2026-09-19 10:01:49 INFO system Request processed successfully
2026-09-19 10:01:50 INFO system Request processed successfully
2026-09-19 10:01:51 INFO system Request processed successfully
2026-09-19 10:01:52 INFO system Request processed successfully
2026-09-19 10:01:53 INFO system Request processed successfully
2026-09-19 10:01:54 WARN database Query response slow
2026-09-19 10:01:55 ERROR model Model loading failed
2026-09-19 10:01:56 INFO system Request processed successfully
2026-09-19 10:01:57 ERROR database Connection timeout
2026-09-19 10:01:58 INFO system Request processed successfully
2026-09-19 10:01:59 INFO system Request processed successfully
2026-09-19 10:01:00 INFO system Request processed successfully
2026-09-19 10:01:01 WARN database Query response slow
2026-09-19 10:01:02 ERROR auth Authentication failed
2026-09-19 10:01:03 INFO system Request processed successfully
2026-09-19 10:01:04 INFO system Request processed successfully
2026-09-19 10:01:05 ERROR auth Authentication failed
2026-09-19 10:01:06 INFO system Request processed successfully
2026-09-19 10:01:07 INFO system Request processed successfully
2026-09-19 10:01:08 INFO system Request processed successfully
2026-09-19 10:01:09 INFO system Request processed successfully
2026-09-19 10:01:10 INFO system Request processed successfully
2026-09-19 10:01:11 WARN database Query response slow
2026-09-19 10:01:12 INFO system Request processed successfully
2026-09-19 10:01:13 WARN database Query response slow
2026-09-19 10:01:14 ERROR auth Authentication failed
2026-09-19 10:01:15 INFO system Request processed successfully
2026-09-19 10:01:16 INFO system Request processed successfully
2026-09-19 10:01:17 INFO system Request processed successfully
2026-09-19 10:01:18 WARN database Query response slow
2026-09-19 10:01:19 WARN database Query response slow
2026-09-19 10:01:20 INFO system Request processed successfully
2026-09-19 10:01:21 WARN database Query response slow
2026-09-19 10:01:22 INFO system Request processed successfully
2026-09-19 10:01:23 INFO system Request processed successfully
2026-09-19 10:01:24 INFO system Request processed successfully
2026-09-19 10:01:25 INFO system Request processed successfully
2026-09-19 10:01:26 INFO system Request processed successfully
2026-09-19 10:01:27 INFO system Request processed successfully
2026-09-19 10:01:28 INFO system Request processed successfully
2026-09-19 10:01:29 INFO system Request processed successfully
2026-09-19 10:01:30 INFO system Request processed successfully
2026-09-19 10:01:31 INFO system Request processed successfully
2026-09-19 10:01:32 INFO system Request processed successfully
2026-09-19 10:01:33 INFO system Request processed successfully
2026-09-19 10:01:34 INFO system Request processed successfully
2026-09-19 10:01:35 ERROR auth Authentication failed
2026-09-19 10:01:36 INFO system Request processed successfully
2026-09-19 10:01:37 INFO system Request processed successfully
2026-09-19 10:01:38 INFO system Request processed successfully
2026-09-19 10:01:39 INFO system Request processed successfully
2026-09-19 10:01:40 INFO system Request processed successfully
2026-09-19 10:01:41 INFO system Request processed successfully
2026-09-19 10:01:42 WARN database Query response slow
2026-09-19 10:01:43 INFO system Request processed successfully
2026-09-19 10:01:44 INFO system Request processed successfully
2026-09-19 10:01:45 INFO system Request processed successfully
2026-09-19 10:01:46 WARN database Query response slow
2026-09-19 10:01:47 INFO system Request processed successfully
2026-09-19 10:01:48 INFO system Request processed successfully
2026-09-19 10:01:49 WARN database Query response slow
2026-09-19 10:01:50 INFO system Request processed successfully
2026-09-19 10:01:51 INFO system Request processed successfully
2026-09-19 10:01:52 INFO system Request processed successfully
2026-09-19 10:01:53 INFO system Request processed successfully
2026-09-19 10:01:54 INFO system Request processed successfully
2026-09-19 10:01:55 INFO system Request processed successfully
2026-09-19 10:01:56 INFO system Request processed successfully
2026-09-19 10:01:57 INFO system Request processed successfully
2026-09-19 10:01:58 ERROR model Model loading failed
2026-09-19 10:01:59 INFO system Request processed successfully
2026-09-19 10:01:00 INFO system Request processed successfully
2026-09-19 10:01:01 INFO system Request processed successfully
2026-09-19 10:01:02 INFO system Request processed successfully
2026-09-19 10:01:03 INFO system Request processed successfully
2026-09-19 10:01:04 INFO system Request processed successfully
2026-09-19 10:01:05 WARN database Query response slow
2026-09-19 10:01:06 WARN database Query response slow
2026-09-19 10:01:07 INFO system Request processed successfully
2026-09-19 10:01:08 WARN database Query response slow
2026-09-19 10:01:09 INFO system Request processed successfully
2026-09-19 10:01:10 INFO system Request processed successfully
2026-09-19 10:01:11 INFO system Request processed successfully
2026-09-19 10:01:12 INFO system Request processed successfully
2026-09-19 10:01:13 INFO system Request processed successfully
2026-09-19 10:01:14 INFO system Request processed successfully
2026-09-19 10:01:15 INFO system Request processed successfully
2026-09-19 10:01:16 WARN database Query response slow
2026-09-19 10:01:17 WARN database Query response slow
2026-09-19 10:01:18 INFO system Request processed successfully
2026-09-19 10:01:19 INFO system Request processed successfully
2026-09-19 10:01:20 ERROR auth Authentication failed
2026-09-19 10:01:21 INFO system Request processed successfully
2026-09-19 10:01:22 WARN database Query response slow
2026-09-19 10:01:23 INFO system Request processed successfully
2026-09-19 10:01:24 INFO system Request processed successfully
2026-09-19 10:01:25 INFO system Request processed successfully
2026-09-19 10:01:26 INFO system Request processed successfully
2026-09-19 10:01:27 WARN database Query response slow
2026-09-19 10:01:28 WARN database Query response slow
2026-09-19 10:01:29 INFO system Request processed successfully
2026-09-19 10:01:30 ERROR database Connection timeout
2026-09-19 10:01:31 INFO system Request processed successfully
2026-09-19 10:01:32 INFO system Request processed successfully
2026-09-19 10:01:33 WARN database Query response slow
2026-09-19 10:01:34 INFO system Request processed successfully
2026-09-19 10:01:35 INFO system Request processed successfully
2026-09-19 10:01:36 INFO system Request processed successfully
2026-09-19 10:01:37 INFO system Request processed successfully
2026-09-19 10:01:38 WARN database Query response slow
2026-09-19 10:01:39 INFO system Request processed successfully
2026-09-19 10:01:40 INFO system Request processed successfully
2026-09-19 10:01:41 INFO system Request processed successfully
2026-09-19 10:01:42 INFO system Request processed successfully
2026-09-19 10:01:43 INFO system Request processed successfully
2026-09-19 10:01:44 INFO system Request processed successfully
2026-09-19 10:01:45 INFO system Request processed successfully
2026-09-19 10:01:46 INFO system Request processed successfully
2026-09-19 10:01:47 INFO system Request processed successfully
2026-09-19 10:01:48 INFO system Request processed successfully
2026-09-19 10:01:49 INFO system Request processed successfully
2026-09-19 10:01:50 INFO system Request processed successfully
2026-09-19 10:01:51 INFO system Request processed successfully
2026-09-19 10:01:52 INFO system Request processed successfully
2026-09-19 10:01:53 INFO system Request processed successfully
2026-09-19 10:01:54 INFO system Request processed successfully
2026-09-19 10:01:55 INFO system Request processed successfully
2026-09-19 10:01:56 INFO system Request processed successfully
2026-09-19 10:01:57 INFO system Request processed successfully
2026-09-19 10:01:58 WARN database Query response slow
2026-09-19 10:01:59 WARN database Query response slow
2026-09-19 10:01:00 ERROR database Connection timeout
2026-09-19 10:01:01 INFO system Request processed successfully
2026-09-19 10:01:02 INFO system Request processed successfully
2026-09-19 10:01:03 INFO system Request processed successfully
2026-09-19 10:01:04 INFO system Request processed successfully
2026-09-19 10:01:05 INFO system Request processed successfully
2026-09-19 10:01:06 WARN database Query response slow
2026-09-19 10:01:07 INFO system Request processed successfully
2026-09-19 10:01:08 WARN database Query response slow
2026-09-19 10:01:09 INFO system Request processed successfully
2026-09-19 10:01:10 INFO system Request processed successfully
2026-09-19 10:01:11 WARN database Query response slow
2026-09-19 10:01:12 INFO system Request processed successfully
2026-09-19 10:01:13 INFO system Request processed successfully
2026-09-19 10:01:14 INFO system Request processed successfully
2026-09-19 10:01:15 INFO system Request processed successfully
2026-09-19 10:01:16 ERROR model Model loading failed
2026-09-19 10:01:17 INFO system Request processed successfully
2026-09-19 10:01:18 INFO system Request processed successfully
2026-09-19 10:01:19 INFO system Request processed successfully
2026-09-19 10:01:20 INFO system Request processed successfully
2026-09-19 10:01:21 INFO system Request processed successfully
2026-09-19 10:01:22 INFO system Request processed successfully
2026-09-19 10:01:23 INFO system Request processed successfully
2026-09-19 10:01:24 INFO system Request processed successfully
2026-09-19 10:01:25 INFO system Request processed successfully
2026-09-19 10:01:26 INFO system Request processed successfully
2026-09-19 10:01:27 WARN database Query response slow
2026-09-19 10:01:28 INFO system Request processed successfully
2026-09-19 10:01:29 INFO system Request processed successfully
2026-09-19 10:01:30 ERROR database Connection timeout
2026-09-19 10:01:31 INFO system Request processed successfully
2026-09-19 10:01:32 INFO system Request processed successfully
2026-09-19 10:01:33 WARN database Query response slow
2026-09-19 10:01:34 INFO system Request processed successfully
2026-09-19 10:01:35 INFO system Request processed successfully
2026-09-19 10:01:36 INFO system Request processed successfully
2026-09-19 10:01:37 INFO system Request processed successfully
2026-09-19 10:01:38 INFO system Request processed successfully
2026-09-19 10:01:39 INFO system Request processed successfully
2026-09-19 10:01:40 WARN database Query response slow
2026-09-19 10:01:41 INFO system Request processed successfully
2026-09-19 10:01:42 INFO system Request processed successfully
2026-09-19 10:01:43 INFO system Request processed successfully
2026-09-19 10:01:44 INFO system Request processed successfully
2026-09-19 10:01:45 INFO system Request processed successfully
2026-09-19 10:01:46 INFO system Request processed successfully
2026-09-19 10:01:47 INFO system Request processed successfully
2026-09-19 10:01:48 INFO system Request processed successfully
2026-09-19 10:01:49 INFO system Request processed successfully
2026-09-19 10:01:50 INFO system Request processed successfully
2026-09-19 10:01:51 INFO system Request processed successfully
2026-09-19 10:01:52 WARN database Query response slow
2026-09-19 10:01:53 INFO system Request processed successfully
2026-09-19 10:01:54 INFO system Request processed successfully
2026-09-19 10:01:55 INFO system Request processed successfully
2026-09-19 10:01:56 INFO system Request processed successfully
2026-09-19 10:01:57 WARN database Query response slow
2026-09-19 10:01:58 INFO system Request processed successfully
2026-09-19 10:01:59 INFO system Request processed successfully
2026-09-19 10:01:00 WARN database Query response slow
2026-09-19 10:01:01 INFO system Request processed successfully
2026-09-19 10:01:02 INFO system Request processed successfully
2026-09-19 10:01:03 INFO system Request processed successfully
2026-09-19 10:01:04 INFO system Request processed successfully
2026-09-19 10:01:05 WARN database Query response slow
2026-09-19 10:01:06 INFO system Request processed successfully
2026-09-19 10:01:07 INFO system Request processed successfully
2026-09-19 10:01:08 INFO system Request processed successfully
2026-09-19 10:01:09 WARN database Query response slow
2026-09-19 10:01:10 INFO system Request processed successfully
2026-09-19 10:01:11 INFO system Request processed successfully
2026-09-19 10:01:12 ERROR database Connection timeout
2026-09-19 10:01:13 INFO system Request processed successfully
2026-09-19 10:01:14 INFO system Request processed successfully
2026-09-19 10:01:15 INFO system Request processed successfully
2026-09-19 10:01:16 INFO system Request processed successfully
2026-09-19 10:01:17 INFO system Request processed successfully
2026-09-19 10:01:18 INFO system Request processed successfully
2026-09-19 10:01:19 INFO system Request processed successfully
2026-09-19 10:01:20 INFO system Request processed successfully
2026-09-19 10:01:21 WARN database Query response slow
2026-09-19 10:01:22 INFO system Request processed successfully
2026-09-19 10:01:23 INFO system Request processed successfully
2026-09-19 10:01:24 ERROR database Connection timeout
2026-09-19 10:01:25 INFO system Request processed successfully
2026-09-19 10:01:26 INFO system Request processed successfully
2026-09-19 10:01:27 INFO system Request processed successfully
2026-09-19 10:01:28 INFO system Request processed successfully
2026-09-19 10:01:29 INFO system Request processed successfully
2026-09-19 10:01:30 INFO system Request processed successfully
2026-09-19 10:01:31 INFO system Request processed successfully
2026-09-19 10:01:32 INFO system Request processed successfully
2026-09-19 10:01:33 INFO system Request processed successfully
2026-09-19 10:01:34 INFO system Request processed successfully
2026-09-19 10:01:35 ERROR auth Authentication failed
2026-09-19 10:01:36 INFO system Request processed successfully
2026-09-19 10:01:37 ERROR model Model loading failed
2026-09-19 10:01:38 WARN database Query response slow
2026-09-19 10:01:39 WARN database Query response slow
2026-09-19 10:01:40 INFO system Request processed successfully
2026-09-19 10:01:41 INFO system Request processed successfully
2026-09-19 10:01:42 INFO system Request processed successfully
2026-09-19 10:01:43 INFO system Request processed successfully
2026-09-19 10:01:44 INFO system Request processed successfully
2026-09-19 10:01:45 INFO system Request processed successfully
2026-09-19 10:01:46 WARN database Query response slow
2026-09-19 10:01:47 INFO system Request processed successfully
2026-09-19 10:01:48 INFO system Request processed successfully
2026-09-19 10:01:49 INFO system Request processed successfully
2026-09-19 10:01:50 INFO system Request processed successfully
2026-09-19 10:01:51 INFO system Request processed successfully
2026-09-19 10:01:52 INFO system Request processed successfully
2026-09-19 10:01:53 INFO system Request processed successfully
2026-09-19 10:01:54 INFO system Request processed successfully
2026-09-19 10:01:55 WARN database Query response slow
2026-09-19 10:01:56 INFO system Request processed successfully
2026-09-19 10:01:57 INFO system Request processed successfully
2026-09-19 10:01:58 INFO system Request processed successfully
2026-09-19 10:01:59 WARN database Query response slow
2026-09-19 10:01:00 INFO system Request processed successfully
2026-09-19 10:01:01 WARN database Query response slow
2026-09-19 10:01:02 INFO system Request processed successfully
2026-09-19 10:01:03 ERROR database Connection timeout
2026-09-19 10:01:04 INFO system Request processed successfully
2026-09-19 10:01:05 INFO system Request processed successfully
2026-09-19 10:01:06 INFO system Request processed successfully
2026-09-19 10:01:07 INFO system Request processed successfully
2026-09-19 10:01:08 INFO system Request processed successfully
2026-09-19 10:01:09 INFO system Request processed successfully
2026-09-19 10:01:10 INFO system Request processed successfully
2026-09-19 10:01:11 WARN database Query response slow
2026-09-19 10:01:12 INFO system Request processed successfully
2026-09-19 10:01:13 INFO system Request processed successfully
2026-09-19 10:01:14 WARN database Query response slow
2026-09-19 10:01:15 INFO system Request processed successfully
2026-09-19 10:01:16 INFO system Request processed successfully
2026-09-19 10:01:17 INFO system Request processed successfully
2026-09-19 10:01:18 WARN database Query response slow
2026-09-19 10:01:19 INFO system Request processed successfully
2026-09-19 10:01:20 WARN database Query response slow
2026-09-19 10:01:21 INFO system Request processed successfully
2026-09-19 10:01:22 INFO system Request processed successfully
2026-09-19 10:01:23 INFO system Request processed successfully
2026-09-19 10:01:24 INFO system Request processed successfully
2026-09-19 10:01:25 INFO system Request processed successfully
2026-09-19 10:01:26 WARN database Query response slow
2026-09-19 10:01:27 INFO system Request processed successfully
2026-09-19 10:01:28 ERROR model Model loading failed
2026-09-19 10:01:29 INFO system Request processed successfully
2026-09-19 10:01:30 INFO system Request processed successfully
2026-09-19 10:01:31 WARN database Query response slow
2026-09-19 10:01:32 INFO system Request processed successfully
2026-09-19 10:01:33 INFO system Request processed successfully
2026-09-19 10:01:34 WARN database Query response slow
2026-09-19 10:01:35 INFO system Request processed successfully
2026-09-19 10:01:36 INFO system Request processed successfully
2026-09-19 10:01:37 INFO system Request processed successfully
2026-09-19 10:01:38 INFO system Request processed successfully
2026-09-19 10:01:39 INFO system Request processed successfully
2026-09-19 10:01:40 WARN database Query response slow
2026-09-19 10:01:41 INFO system Request processed successfully
2026-09-19 10:01:42 INFO system Request processed successfully
2026-09-19 10:01:43 INFO system Request processed successfully
2026-09-19 10:01:44 INFO system Request processed successfully
2026-09-19 10:01:45 INFO system Request processed successfully
2026-09-19 10:01:46 WARN database Query response slow
2026-09-19 10:01:47 ERROR auth Authentication failed
2026-09-19 10:01:48 INFO system Request processed successfully
2026-09-19 10:01:49 WARN database Query response slow
2026-09-19 10:01:50 INFO system Request processed successfully
2026-09-19 10:01:51 INFO system Request processed successfully
2026-09-19 10:01:52 INFO system Request processed successfully
2026-09-19 10:01:53 INFO system Request processed successfully
2026-09-19 10:01:54 INFO system Request processed successfully
2026-09-19 10:01:55 INFO system Request processed successfully
2026-09-19 10:01:56 INFO system Request processed successfully
2026-09-19 10:01:57 WARN database Query response slow
2026-09-19 10:01:58 INFO system Request processed successfully
2026-09-19 10:01:59 INFO system Request processed successfully
2026-09-19 10:01:00 INFO system Request processed successfully
2026-09-19 10:01:01 INFO system Request processed successfully
2026-09-19 10:01:02 INFO system Request processed successfully
2026-09-19 10:01:03 INFO system Request processed successfully
2026-09-19 10:01:04 INFO system Request processed successfully
2026-09-19 10:01:05 INFO system Request processed successfully
2026-09-19 10:01:06 INFO system Request processed successfully
2026-09-19 10:01:07 INFO system Request processed successfully
2026-09-19 10:01:08 INFO system Request processed successfully
2026-09-19 10:01:09 INFO system Request processed successfully
2026-09-19 10:01:10 INFO system Request processed successfully
2026-09-19 10:01:11 INFO system Request processed successfully
2026-09-19 10:01:12 INFO system Request processed successfully
2026-09-19 10:01:13 INFO system Request processed successfully
2026-09-19 10:01:14 INFO system Request processed successfully
2026-09-19 10:01:15 INFO system Request processed successfully
2026-09-19 10:01:16 INFO system Request processed successfully
2026-09-19 10:01:17 INFO system Request processed successfully
2026-09-19 10:01:18 INFO system Request processed successfully
2026-09-19 10:01:19 INFO system Request processed successfully
2026-09-19 10:01:20 INFO system Request processed successfully
2026-09-19 10:01:21 INFO system Request processed successfully
2026-09-19 10:01:22 INFO system Request processed successfully
2026-09-19 10:01:23 INFO system Request processed successfully
2026-09-19 10:01:24 INFO system Request processed successfully
2026-09-19 10:01:25 INFO system Request processed successfully
2026-09-19 10:01:26 INFO system Request processed successfully
2026-09-19 10:01:27 INFO system Request processed successfully
2026-09-19 10:01:28 INFO system Request processed successfully
2026-09-19 10:01:29 INFO system Request processed successfully
2026-09-19 10:01:30 INFO system Request processed successfully
2026-09-19 10:01:31 INFO system Request processed successfully
2026-09-19 10:01:32 INFO system Request processed successfully
2026-09-19 10:01:33 INFO system Request processed successfully
2026-09-19 10:01:34 INFO system Request processed successfully
2026-09-19 10:01:35 INFO system Request processed successfully
2026-09-19 10:01:36 INFO system Request processed successfully
2026-09-19 10:01:37 INFO system Request processed successfully
2026-09-19 10:01:38 WARN database Query response slow
2026-09-19 10:01:39 INFO system Request processed successfully
2026-09-19 10:01:40 ERROR model Model loading failed
2026-09-19 10:01:41 WARN database Query response slow
2026-09-19 10:01:42 WARN database Query response slow
2026-09-19 10:01:43 INFO system Request processed successfully
2026-09-19 10:01:44 INFO system Request processed successfully
2026-09-19 10:01:45 INFO system Request processed successfully
2026-09-19 10:01:46 INFO system Request processed successfully
2026-09-19 10:01:47 INFO system Request processed successfully
2026-09-19 10:01:48 INFO system Request processed successfully
2026-09-19 10:01:49 INFO system Request processed successfully
2026-09-19 10:01:50 INFO system Request processed successfully
2026-09-19 10:01:51 INFO system Request processed successfully
2026-09-19 10:01:52 INFO system Request processed successfully
2026-09-19 10:01:53 WARN database Query response slow
2026-09-19 10:01:54 INFO system Request processed successfully
2026-09-19 10:01:55 INFO system Request processed successfully
2026-09-19 10:01:56 INFO system Request processed successfully
2026-09-19 10:01:57 INFO system Request processed successfully
2026-09-19 10:01:58 INFO system Request processed successfully
2026-09-19 10:01:59 INFO system Request processed successfully
2026-09-19 10:01:00 WARN database Query response slow
2026-09-19 10:01:01 INFO system Request processed successfully
2026-09-19 10:01:02 INFO system Request processed successfully
2026-09-19 10:01:03 INFO system Request processed successfully
2026-09-19 10:01:04 INFO system Request processed successfully
2026-09-19 10:01:05 INFO system Request processed successfully
2026-09-19 10:01:06 WARN database Query response slow
2026-09-19 10:01:07 INFO system Request processed successfully
2026-09-19 10:01:08 INFO system Request processed successfully
2026-09-19 10:01:09 INFO system Request processed successfully
2026-09-19 10:01:10 INFO system Request processed successfully
2026-09-19 10:01:11 INFO system Request processed successfully
2026-09-19 10:01:12 ERROR database Connection timeout
2026-09-19 10:01:13 INFO system Request processed successfully
2026-09-19 10:01:14 INFO system Request processed successfully
2026-09-19 10:01:15 INFO system Request processed successfully
2026-09-19 10:01:16 INFO system Request processed successfully
2026-09-19 10:01:17 WARN database Query response slow
2026-09-19 10:01:18 INFO system Request processed successfully
2026-09-19 10:01:19 INFO system Request processed successfully
2026-09-19 10:01:20 INFO system Request processed successfully
2026-09-19 10:01:21 WARN database Query response slow
2026-09-19 10:01:22 WARN database Query response slow
2026-09-19 10:01:23 INFO system Request processed successfully
2026-09-19 10:01:24 ERROR database Connection timeout
2026-09-19 10:01:25 INFO system Request processed successfully
2026-09-19 10:01:26 INFO system Request processed successfully
2026-09-19 10:01:27 INFO system Request processed successfully
2026-09-19 10:01:28 INFO system Request processed successfully
2026-09-19 10:01:29 INFO system Request processed successfully
2026-09-19 10:01:30 INFO system Request processed successfully
2026-09-19 10:01:31 INFO system Request processed successfully
2026-09-19 10:01:32 INFO system Request processed successfully
2026-09-19 10:01:33 INFO system Request processed successfully
2026-09-19 10:01:34 WARN database Query response slow
2026-09-19 10:01:35 ERROR auth Authentication failed
2026-09-19 10:01:36 INFO system Request processed successfully
2026-09-19 10:01:37 INFO system Request processed successfully
2026-09-19 10:01:38 INFO system Request processed successfully
2026-09-19 10:01:39 INFO system Request processed successfully
2026-09-19 10:01:40 INFO system Request processed successfully
2026-09-19 10:01:41 INFO system Request processed successfully
2026-09-19 10:01:42 WARN database Query response slow
2026-09-19 10:01:43 INFO system Request processed successfully
2026-09-19 10:01:44 INFO system Request processed successfully
2026-09-19 10:01:45 INFO system Request processed successfully
2026-09-19 10:01:46 INFO system Request processed successfully
2026-09-19 10:01:47 INFO system Request processed successfully
2026-09-19 10:01:48 INFO system Request processed successfully
2026-09-19 10:01:49 INFO system Request processed successfully
2026-09-19 10:01:50 INFO system Request processed successfully
2026-09-19 10:01:51 INFO system Request processed successfully
2026-09-19 10:01:52 INFO system Request processed successfully
2026-09-19 10:01:53 WARN database Query response slow
2026-09-19 10:01:54 WARN database Query response slow
2026-09-19 10:01:55 INFO system Request processed successfully
2026-09-19 10:01:56 INFO system Request processed successfully
2026-09-19 10:01:57 INFO system Request processed successfully
2026-09-19 10:01:58 INFO system Request processed successfully
2026-09-19 10:01:59 INFO system Request processed successfully
2026-09-19 10:01:00 INFO system Request processed successfully
2026-09-19 10:01:01 WARN database Query response slow
2026-09-19 10:01:02 INFO system Request processed successfully
2026-09-19 10:01:03 INFO system Request processed successfully
2026-09-19 10:01:04 WARN database Query response slow
2026-09-19 10:01:05 INFO system Request processed successfully
2026-09-19 10:01:06 INFO system Request processed successfully
2026-09-19 10:01:07 INFO system Request processed successfully
2026-09-19 10:01:08 INFO system Request processed successfully
2026-09-19 10:01:09 INFO system Request processed successfully
2026-09-19 10:01:10 INFO system Request processed successfully
2026-09-19 10:01:11 INFO system Request processed successfully
2026-09-19 10:01:12 INFO system Request processed successfully
2026-09-19 10:01:13 INFO system Request processed successfully
2026-09-19 10:01:14 INFO system Request processed successfully
2026-09-19 10:01:15 INFO system Request processed successfully
2026-09-19 10:01:16 INFO system Request processed successfully
2026-09-19 10:01:17 INFO system Request processed successfully
2026-09-19 10:01:18 INFO system Request processed successfully
2026-09-19 10:01:19 INFO system Request processed successfully
2026-09-19 10:01:20 INFO system Request processed successfully
2026-09-19 10:01:21 INFO system Request processed successfully
2026-09-19 10:01:22 INFO system Request processed successfully
2026-09-19 10:01:23 INFO system Request processed successfully
2026-09-19 10:01:24 INFO system Request processed successfully
2026-09-19 10:01:25 INFO system Request processed successfully
2026-09-19 10:01:26 WARN database Query response slow
2026-09-19 10:01:27 ERROR database Connection timeout
2026-09-19 10:01:28 INFO system Request processed successfully
2026-09-19 10:01:29 INFO system Request processed successfully
2026-09-19 10:01:30 INFO system Request processed successfully
2026-09-19 10:01:31 INFO system Request processed successfully
2026-09-19 10:01:32 INFO system Request processed successfully
2026-09-19 10:01:33 INFO system Request processed successfully
2026-09-19 10:01:34 ERROR model Model loading failed
2026-09-19 10:01:35 INFO system Request processed successfully
2026-09-19 10:01:36 INFO system Request processed successfully
2026-09-19 10:01:37 INFO system Request processed successfully
2026-09-19 10:01:38 INFO system Request processed successfully
2026-09-19 10:01:39 INFO system Request processed successfully
2026-09-19 10:01:40 INFO system Request processed successfully
2026-09-19 10:01:41 INFO system Request processed successfully
2026-09-19 10:01:42 INFO system Request processed successfully
2026-09-19 10:01:43 INFO system Request processed successfully
2026-09-19 10:01:44 WARN database Query response slow
2026-09-19 10:01:45 INFO system Request processed successfully
2026-09-19 10:01:46 INFO system Request processed successfully
2026-09-19 10:01:47 INFO system Request processed successfully
2026-09-19 10:01:48 INFO system Request processed successfully
2026-09-19 10:01:49 INFO system Request processed successfully
2026-09-19 10:01:50 INFO system Request processed successfully
2026-09-19 10:01:51 WARN database Query response slow
2026-09-19 10:01:52 INFO system Request processed successfully
2026-09-19 10:01:53 WARN database Query response slow
2026-09-19 10:01:54 INFO system Request processed successfully
2026-09-19 10:01:55 ERROR model Model loading failed
2026-09-19 10:01:56 INFO system Request processed successfully
2026-09-19 10:01:57 INFO system Request processed successfully
2026-09-19 10:01:58 ERROR model Model loading failed
2026-09-19 10:01:59 INFO system Request processed successfully
2026-09-19 10:01:00 INFO system Request processed successfully
2026-09-19 10:01:01 INFO system Request processed successfully
2026-09-19 10:01:02 INFO system Request processed successfully
2026-09-19 10:01:03 INFO system Request processed successfully
2026-09-19 10:01:04 INFO system Request processed successfully
2026-09-19 10:01:05 WARN database Query response slow
2026-09-19 10:01:06 INFO system Request processed successfully
2026-09-19 10:01:07 INFO system Request processed successfully
2026-09-19 10:01:08 INFO system Request processed successfully
2026-09-19 10:01:09 INFO system Request processed successfully
2026-09-19 10:01:10 INFO system Request processed successfully
2026-09-19 10:01:11 INFO system Request processed successfully
2026-09-19 10:01:12 INFO system Request processed successfully
2026-09-19 10:01:13 ERROR model Model loading failed
2026-09-19 10:01:14 ERROR auth Authentication failed
2026-09-19 10:01:15 INFO system Request processed successfully
2026-09-19 10:01:16 WARN database Query response slow
2026-09-19 10:01:17 INFO system Request processed successfully
2026-09-19 10:01:18 INFO system Request processed successfully
2026-09-19 10:01:19 INFO system Request processed successfully
2026-09-19 10:01:20 INFO system Request processed successfully
2026-09-19 10:01:21 WARN database Query response slow
2026-09-19 10:01:22 INFO system Request processed successfully
2026-09-19 10:01:23 INFO system Request processed successfully
2026-09-19 10:01:24 INFO system Request processed successfully
2026-09-19 10:01:25 WARN database Query response slow
2026-09-19 10:01:26 INFO system Request processed successfully
2026-09-19 10:01:27 INFO system Request processed successfully
2026-09-19 10:01:28 INFO system Request processed successfully
2026-09-19 10:01:29 INFO system Request processed successfully
2026-09-19 10:01:30 WARN database Query response slow
2026-09-19 10:01:31 INFO system Request processed successfully
2026-09-19 10:01:32 INFO system Request processed successfully
2026-09-19 10:01:33 WARN database Query response slow
2026-09-19 10:01:34 INFO system Request processed successfully
2026-09-19 10:01:35 INFO system Request processed successfully
2026-09-19 10:01:36 INFO system Request processed successfully
2026-09-19 10:01:37 INFO system Request processed successfully
2026-09-19 10:01:38 INFO system Request processed successfully
2026-09-19 10:01:39 INFO system Request processed successfully
2026-09-19 10:01:40 INFO system Request processed successfully
2026-09-19 10:01:41 WARN database Query response slow
2026-09-19 10:01:42 INFO system Request processed successfully
2026-09-19 10:01:43 INFO system Request processed successfully
2026-09-19 10:01:44 ERROR auth Authentication failed
2026-09-19 10:01:45 INFO system Request processed successfully
2026-09-19 10:01:46 INFO system Request processed successfully
2026-09-19 10:01:47 INFO system Request processed successfully
2026-09-19 10:01:48 INFO system Request processed successfully
2026-09-19 10:01:49 INFO system Request processed successfully
2026-09-19 10:01:50 INFO system Request processed successfully
2026-09-19 10:01:51 INFO system Request processed successfully
2026-09-19 10:01:52 INFO system Request processed successfully
2026-09-19 10:01:53 INFO system Request processed successfully
2026-09-19 10:01:54 INFO system Request processed successfully
2026-09-19 10:01:55 INFO system Request processed successfully
2026-09-19 10:01:56 INFO system Request processed successfully
2026-09-19 10:01:57 INFO system Request processed successfully
2026-09-19 10:01:58 INFO system Request processed successfully
2026-09-19 10:01:59 INFO system Request processed successfully
2026-09-19 10:01:00 INFO system Request processed successfully
2026-09-19 10:01:01 INFO system Request processed successfully
2026-09-19 10:01:02 INFO system Request processed successfully
2026-09-19 10:01:03 INFO system Request processed successfully
2026-09-19 10:01:04 INFO system Request processed successfully
2026-09-19 10:01:05 INFO system Request processed successfully
2026-09-19 10:01:06 INFO system Request processed successfully
2026-09-19 10:01:07 INFO system Request processed successfully
2026-09-19 10:01:08 INFO system Request processed successfully
2026-09-19 10:01:09 INFO system Request processed successfully
2026-09-19 10:01:10 INFO system Request processed successfully
2026-09-19 10:01:11 INFO system Request processed successfully
2026-09-19 10:01:12 ERROR database Connection timeout
2026-09-19 10:01:13 INFO system Request processed successfully
2026-09-19 10:01:14 WARN database Query response slow
2026-09-19 10:01:15 INFO system Request processed successfully
2026-09-19 10:01:16 INFO system Request processed successfully
2026-09-19 10:01:17 INFO system Request processed successfully
2026-09-19 10:01:18 INFO system Request processed successfully
2026-09-19 10:01:19 WARN database Query response slow
2026-09-19 10:01:20 INFO system Request processed successfully
2026-09-19 10:01:21 INFO system Request processed successfully
2026-09-19 10:01:22 INFO system Request processed successfully
2026-09-19 10:01:23 INFO system Request processed successfully
2026-09-19 10:01:24 INFO system Request processed successfully
2026-09-19 10:01:25 INFO system Request processed successfully
2026-09-19 10:01:26 INFO system Request processed successfully
2026-09-19 10:01:27 INFO system Request processed successfully
2026-09-19 10:01:28 INFO system Request processed successfully
2026-09-19 10:01:29 WARN database Query response slow
2026-09-19 10:01:30 ERROR database Connection timeout
2026-09-19 10:01:31 INFO system Request processed successfully
2026-09-19 10:01:32 INFO system Request processed successfully
2026-09-19 10:01:33 WARN database Query response slow
2026-09-19 10:01:34 WARN database Query response slow
2026-09-19 10:01:35 INFO system Request processed successfully
2026-09-19 10:01:36 INFO system Request processed successfully
2026-09-19 10:01:37 INFO system Request processed successfully
2026-09-19 10:01:38 INFO system Request processed successfully
2026-09-19 10:01:39 INFO system Request processed successfully
2026-09-19 10:01:40 INFO system Request processed successfully
2026-09-19 10:01:41 WARN database Query response slow
2026-09-19 10:01:42 WARN database Query response slow
2026-09-19 10:01:43 INFO system Request processed successfully
2026-09-19 10:01:44 INFO system Request processed successfully
2026-09-19 10:01:45 INFO system Request processed successfully
2026-09-19 10:01:46 INFO system Request processed successfully
2026-09-19 10:01:47 INFO system Request processed successfully
2026-09-19 10:01:48 INFO system Request processed successfully
2026-09-19 10:01:49 ERROR model Model loading failed
2026-09-19 10:01:50 INFO system Request processed successfully
2026-09-19 10:01:51 INFO system Request processed successfully
2026-09-19 10:01:52 INFO system Request processed successfully
2026-09-19 10:01:53 ERROR auth Authentication failed
2026-09-19 10:01:54 INFO system Request processed successfully
2026-09-19 10:01:55 INFO system Request processed successfully
2026-09-19 10:01:56 WARN database Query response slow
2026-09-19 10:01:57 INFO system Request processed successfully
2026-09-19 10:01:58 WARN database Query response slow
2026-09-19 10:01:59 INFO system Request processed successfully
2026-09-19 10:01:00 INFO system Request processed successfully
2026-09-19 10:01:01 INFO system Request processed successfully
2026-09-19 10:01:02 INFO system Request processed successfully
2026-09-19 10:01:03 INFO system Request processed successfully
2026-09-19 10:01:04 INFO system Request processed successfully
2026-09-19 10:01:05 INFO system Request processed successfully
2026-09-19 10:01:06 INFO system Request processed successfully
2026-09-19 10:01:07 INFO system Request processed successfully
2026-09-19 10:01:08 INFO system Request processed successfully
2026-09-19 10:01:09 INFO system Request processed successfully
2026-09-19 10:01:10 INFO system Request processed successfully
2026-09-19 10:01:11 INFO system Request processed successfully
2026-09-19 10:01:12 INFO system Request processed successfully
2026-09-19 10:01:13 WARN database Query response slow
2026-09-19 10:01:14 WARN database Query response slow
2026-09-19 10:01:15 INFO system Request processed successfully
2026-09-19 10:01:16 INFO system Request processed successfully
2026-09-19 10:01:17 INFO system Request processed successfully
2026-09-19 10:01:18 INFO system Request processed successfully
2026-09-19 10:01:19 INFO system Request processed successfully
2026-09-19 10:01:20 WARN database Query response slow
2026-09-19 10:01:21 ERROR database Connection timeout
2026-09-19 10:01:22 INFO system Request processed successfully
2026-09-19 10:01:23 WARN database Query response slow
2026-09-19 10:01:24 INFO system Request processed successfully
2026-09-19 10:01:25 INFO system Request processed successfully
2026-09-19 10:01:26 INFO system Request processed successfully
2026-09-19 10:01:27 INFO system Request processed successfully
2026-09-19 10:01:28 INFO system Request processed successfully
2026-09-19 10:01:29 INFO system Request processed successfully
2026-09-19 10:01:30 INFO system Request processed successfully
2026-09-19 10:01:31 INFO system Request processed successfully
2026-09-19 10:01:32 INFO system Request processed successfully
2026-09-19 10:01:33 INFO system Request processed successfully
2026-09-19 10:01:34 INFO system Request processed successfully
2026-09-19 10:01:35 INFO system Request processed successfully
2026-09-19 10:01:36 INFO system Request processed successfully
2026-09-19 10:01:37 INFO system Request processed successfully
2026-09-19 10:01:38 INFO system Request processed successfully
2026-09-19 10:01:39 INFO system Request processed successfully
2026-09-19 10:01:40 ERROR model Model loading failed
2026-09-19 10:01:41 INFO system Request processed successfully
2026-09-19 10:01:42 WARN database Query response slow
2026-09-19 10:01:43 INFO system Request processed successfully
2026-09-19 10:01:44 ERROR auth Authentication failed
2026-09-19 10:01:45 INFO system Request processed successfully
2026-09-19 10:01:46 INFO system Request processed successfully
2026-09-19 10:01:47 INFO system Request processed successfully
2026-09-19 10:01:48 INFO system Request processed successfully
2026-09-19 10:01:49 INFO system Request processed successfully
2026-09-19 10:01:50 INFO system Request processed successfully
2026-09-19 10:01:51 INFO system Request processed successfully
2026-09-19 10:01:52 ERROR model Model loading failed
2026-09-19 10:01:53 WARN database Query response slow
2026-09-19 10:01:54 ERROR database Connection timeout
2026-09-19 10:01:55 INFO system Request processed successfully
2026-09-19 10:01:56 ERROR auth Authentication failed
2026-09-19 10:01:57 INFO system Request processed successfully
2026-09-19 10:01:58 INFO system Request processed successfully
2026-09-19 10:01:59 INFO system Request processed successfully
2026-09-19 10:01:00 INFO system Request processed successfully
2026-09-19 10:01:01 INFO system Request processed successfully
2026-09-19 10:01:02 WARN database Query response slow
2026-09-19 10:01:03 INFO system Request processed successfully
2026-09-19 10:01:04 INFO system Request processed successfully
2026-09-19 10:01:05 WARN database Query response slow
2026-09-19 10:01:06 INFO system Request processed successfully
2026-09-19 10:01:07 INFO system Request processed successfully
2026-09-19 10:01:08 INFO system Request processed successfully
2026-09-19 10:01:09 WARN database Query response slow
2026-09-19 10:01:10 INFO system Request processed successfully
2026-09-19 10:01:11 ERROR auth Authentication failed
2026-09-19 10:01:12 ERROR database Connection timeout
2026-09-19 10:01:13 INFO system Request processed successfully
2026-09-19 10:01:14 ERROR auth Authentication failed
2026-09-19 10:01:15 WARN database Query response slow
2026-09-19 10:01:16 INFO system Request processed successfully
2026-09-19 10:01:17 WARN database Query response slow
2026-09-19 10:01:18 INFO system Request processed successfully
2026-09-19 10:01:19 INFO system Request processed successfully
2026-09-19 10:01:20 INFO system Request processed successfully
2026-09-19 10:01:21 INFO system Request processed successfully
2026-09-19 10:01:22 WARN database Query response slow
2026-09-19 10:01:23 INFO system Request processed successfully
2026-09-19 10:01:24 ERROR database Connection timeout
2026-09-19 10:01:25 INFO system Request processed successfully
2026-09-19 10:01:26 INFO system Request processed successfully
2026-09-19 10:01:27 WARN database Query response slow
2026-09-19 10:01:28 INFO system Request processed successfully
2026-09-19 10:01:29 INFO system Request processed successfully
2026-09-19 10:01:30 INFO system Request processed successfully
2026-09-19 10:01:31 INFO system Request processed successfully
2026-09-19 10:01:32 INFO system Request processed successfully
2026-09-19 10:01:33 INFO system Request processed successfully
2026-09-19 10:01:34 INFO system Request processed successfully
2026-09-19 10:01:35 INFO system Request processed successfully
2026-09-19 10:01:36 INFO system Request processed successfully
2026-09-19 10:01:37 INFO system Request processed successfully
2026-09-19 10:01:38 WARN database Query response slow
2026-09-19 10:01:39 INFO system Request processed successfully
2026-09-19 10:01:40 INFO system Request processed successfully
2026-09-19 10:01:41 WARN database Query response slow
2026-09-19 10:01:42 INFO system Request processed successfully
2026-09-19 10:01:43 INFO system Request processed successfully
2026-09-19 10:01:44 INFO system Request processed successfully
2026-09-19 10:01:45 INFO system Request processed successfully
2026-09-19 10:01:46 INFO system Request processed successfully
2026-09-19 10:01:47 INFO system Request processed successfully
2026-09-19 10:01:48 INFO system Request processed successfully
2026-09-19 10:01:49 INFO system Request processed successfully
2026-09-19 10:01:50 INFO system Request processed successfully
2026-09-19 10:01:51 WARN database Query response slow
2026-09-19 10:01:52 WARN database Query response slow
2026-09-19 10:01:53 WARN database Query response slow
2026-09-19 10:01:54 INFO system Request processed successfully
2026-09-19 10:01:55 INFO system Request processed successfully
2026-09-19 10:01:56 INFO system Request processed successfully
2026-09-19 10:01:57 INFO system Request processed successfully
2026-09-19 10:01:58 INFO system Request processed successfully
2026-09-19 10:01:59 INFO system Request processed successfully
2026-09-19 10:01:00 INFO system Request processed successfully
2026-09-19 10:01:01 INFO system Request processed successfully
2026-09-19 10:01:02 INFO system Request processed successfully
2026-09-19 10:01:03 INFO system Request processed successfully
2026-09-19 10:01:04 INFO system Request processed successfully
2026-09-19 10:01:05 ERROR auth Authentication failed
2026-09-19 10:01:06 INFO system Request processed successfully
2026-09-19 10:01:07 WARN database Query response slow
2026-09-19 10:01:08 WARN database Query response slow
2026-09-19 10:01:09 INFO system Request processed successfully
2026-09-19 10:01:10 INFO system Request processed successfully
2026-09-19 10:01:11 INFO system Request processed successfully
2026-09-19 10:01:12 INFO system Request processed successfully
2026-09-19 10:01:13 WARN database Query response slow
2026-09-19 10:01:14 INFO system Request processed successfully
2026-09-19 10:01:15 INFO system Request processed successfully
2026-09-19 10:01:16 INFO system Request processed successfully
2026-09-19 10:01:17 INFO system Request processed successfully
2026-09-19 10:01:18 WARN database Query response slow
2026-09-19 10:01:19 INFO system Request processed successfully
2026-09-19 10:01:20 INFO system Request processed successfully
2026-09-19 10:01:21 WARN database Query response slow
2026-09-19 10:01:22 INFO system Request processed successfully
2026-09-19 10:01:23 WARN database Query response slow
2026-09-19 10:01:24 ERROR database Connection timeout
2026-09-19 10:01:25 ERROR model Model loading failed
2026-09-19 10:01:26 INFO system Request processed successfully
2026-09-19 10:01:27 INFO system Request processed successfully
2026-09-19 10:01:28 ERROR model Model loading failed
2026-09-19 10:01:29 INFO system Request processed successfully
2026-09-19 10:01:30 WARN database Query response slow
2026-09-19 10:01:31 INFO system Request processed successfully
2026-09-19 10:01:32 INFO system Request processed successfully
2026-09-19 10:01:33 INFO system Request processed successfully
2026-09-19 10:01:34 INFO system Request processed successfully
2026-09-19 10:01:35 INFO system Request processed successfully
2026-09-19 10:01:36 INFO system Request processed successfully
2026-09-19 10:01:37 INFO system Request processed successfully
2026-09-19 10:01:38 INFO system Request processed successfully
2026-09-19 10:01:39 INFO system Request processed successfully
2026-09-19 10:01:40 ERROR model Model loading failed
2026-09-19 10:01:41 INFO system Request processed successfully
2026-09-19 10:01:42 WARN database Query response slow
2026-09-19 10:01:43 INFO system Request processed successfully
2026-09-19 10:01:44 INFO system Request processed successfully
2026-09-19 10:01:45 INFO system Request processed successfully
2026-09-19 10:01:46 INFO system Request processed successfully
2026-09-19 10:01:47 INFO system Request processed successfully
2026-09-19 10:01:48 INFO system Request processed successfully
2026-09-19 10:01:49 INFO system Request processed successfully
2026-09-19 10:01:50 INFO system Request processed successfully
2026-09-19 10:01:51 WARN database Query response slow
2026-09-19 10:01:52 INFO system Request processed successfully
2026-09-19 10:01:53 INFO system Request processed successfully
2026-09-19 10:01:54 INFO system Request processed successfully
2026-09-19 10:01:55 INFO system Request processed successfully
2026-09-19 10:01:56 INFO system Request processed successfully
2026-09-19 10:01:57 INFO system Request processed successfully
2026-09-19 10:01:58 INFO system Request processed successfully
2026-09-19 10:01:59 INFO system Request processed successfully
2026-09-19 10:01:00 INFO system Request processed successfully
2026-09-19 10:01:01 INFO system Request processed successfully
2026-09-19 10:01:02 WARN database Query response slow
2026-09-19 10:01:03 INFO system Request processed successfully
2026-09-19 10:01:04 WARN database Query response slow
2026-09-19 10:01:05 INFO system Request processed successfully
2026-09-19 10:01:06 INFO system Request processed successfully
2026-09-19 10:01:07 INFO system Request processed successfully
2026-09-19 10:01:08 INFO system Request processed successfully
2026-09-19 10:01:09 INFO system Request processed successfully
2026-09-19 10:01:10 INFO system Request processed successfully
2026-09-19 10:01:11 ERROR auth Authentication failed
2026-09-19 10:01:12 INFO system Request processed successfully
2026-09-19 10:01:13 INFO system Request processed successfully
2026-09-19 10:01:14 INFO system Request processed successfully
2026-09-19 10:01:15 INFO system Request processed successfully
2026-09-19 10:01:16 INFO system Request processed successfully
2026-09-19 10:01:17 INFO system Request processed successfully
2026-09-19 10:01:18 INFO system Request processed successfully
2026-09-19 10:01:19 INFO system Request processed successfully
2026-09-19 10:01:20 INFO system Request processed successfully
2026-09-19 10:01:21 WARN database Query response slow
2026-09-19 10:01:22 INFO system Request processed successfully
2026-09-19 10:01:23 INFO system Request processed successfully
2026-09-19 10:01:24 INFO system Request processed successfully
2026-09-19 10:01:25 INFO system Request processed successfully
2026-09-19 10:01:26 WARN database Query response slow
2026-09-19 10:01:27 INFO system Request processed successfully
2026-09-19 10:01:28 ERROR model Model loading failed
2026-09-19 10:01:29 INFO system Request processed successfully
2026-09-19 10:01:30 INFO system Request processed successfully
2026-09-19 10:01:31 INFO system Request processed successfully
2026-09-19 10:01:32 INFO system Request processed successfully
2026-09-19 10:01:33 ERROR database Connection timeout
2026-09-19 10:01:34 INFO system Request processed successfully
2026-09-19 10:01:35 INFO system Request processed successfully
2026-09-19 10:01:36 INFO system Request processed successfully
2026-09-19 10:01:37 WARN database Query response slow
2026-09-19 10:01:38 INFO system Request processed successfully
2026-09-19 10:01:39 INFO system Request processed successfully
2026-09-19 10:01:40 INFO system Request processed successfully
2026-09-19 10:01:41 INFO system Request processed successfully
2026-09-19 10:01:42 INFO system Request processed successfully
2026-09-19 10:01:43 INFO system Request processed successfully
2026-09-19 10:01:44 INFO system Request processed successfully
2026-09-19 10:01:45 INFO system Request processed successfully
2026-09-19 10:01:46 INFO system Request processed successfully
2026-09-19 10:01:47 WARN database Query response slow
2026-09-19 10:01:48 INFO system Request processed successfully
2026-09-19 10:01:49 INFO system Request processed successfully
2026-09-19 10:01:50 INFO system Request processed successfully
2026-09-19 10:01:51 INFO system Request processed successfully
2026-09-19 10:01:52 WARN database Query response slow
2026-09-19 10:01:53 INFO system Request processed successfully
2026-09-19 10:01:54 WARN database Query response slow
2026-09-19 10:01:55 INFO system Request processed successfully
2026-09-19 10:01:56 INFO system Request processed successfully
2026-09-19 10:01:57 INFO system Request processed successfully
2026-09-19 10:01:58 INFO system Request processed successfully
2026-09-19 10:01:59 INFO system Request processed successfully
2026-09-19 10:01:00 ERROR database Connection timeout
2026-09-19 10:01:01 INFO system Request processed successfully
2026-09-19 10:01:02 INFO system Request processed successfully
2026-09-19 10:01:03 INFO system Request processed successfully
2026-09-19 10:01:04 WARN database Query response slow
2026-09-19 10:01:05 ERROR auth Authentication failed
2026-09-19 10:01:06 INFO system Request processed successfully
2026-09-19 10:01:07 INFO system Request processed successfully
2026-09-19 10:01:08 INFO system Request processed successfully
2026-09-19 10:01:09 INFO system Request processed successfully
2026-09-19 10:01:10 INFO system Request processed successfully
2026-09-19 10:01:11 INFO system Request processed successfully
2026-09-19 10:01:12 INFO system Request processed successfully
2026-09-19 10:01:13 INFO system Request processed successfully
2026-09-19 10:01:14 INFO system Request processed successfully
2026-09-19 10:01:15 INFO system Request processed successfully
2026-09-19 10:01:16 INFO system Request processed successfully
2026-09-19 10:01:17 INFO system Request processed successfully
2026-09-19 10:01:18 INFO system Request processed successfully
2026-09-19 10:01:19 INFO system Request processed successfully
2026-09-19 10:01:20 INFO system Request processed successfully
2026-09-19 10:01:21 INFO system Request processed successfully
2026-09-19 10:01:22 WARN database Query response slow
2026-09-19 10:01:23 INFO system Request processed successfully
2026-09-19 10:01:24 INFO system Request processed successfully
2026-09-19 10:01:25 INFO system Request processed successfully
2026-09-19 10:01:26 INFO system Request processed successfully
2026-09-19 10:01:27 INFO system Request processed successfully
2026-09-19 10:01:28 INFO system Request processed successfully
2026-09-19 10:01:29 ERROR auth Authentication failed
2026-09-19 10:01:30 WARN database Query response slow
2026-09-19 10:01:31 INFO system Request processed successfully
2026-09-19 10:01:32 INFO system Request processed successfully
2026-09-19 10:01:33 INFO system Request processed successfully
2026-09-19 10:01:34 INFO system Request processed successfully
2026-09-19 10:01:35 INFO system Request processed successfully
2026-09-19 10:01:36 INFO system Request processed successfully
2026-09-19 10:01:37 INFO system Request processed successfully
2026-09-19 10:01:38 INFO system Request processed successfully
2026-09-19 10:01:39 INFO system Request processed successfully
2026-09-19 10:01:40 INFO system Request processed successfully
2026-09-19 10:01:41 INFO system Request processed successfully
2026-09-19 10:01:42 INFO system Request processed successfully
2026-09-19 10:01:43 WARN database Query response slow
2026-09-19 10:01:44 INFO system Request processed successfully
2026-09-19 10:01:45 INFO system Request processed successfully
2026-09-19 10:01:46 WARN database Query response slow
2026-09-19 10:01:47 WARN database Query response slow
2026-09-19 10:01:48 ERROR database Connection timeout
2026-09-19 10:01:49 INFO system Request processed successfully
2026-09-19 10:01:50 WARN database Query response slow
2026-09-19 10:01:51 WARN database Query response slow
2026-09-19 10:01:52 INFO system Request processed successfully
2026-09-19 10:01:53 INFO system Request processed successfully
2026-09-19 10:01:54 INFO system Request processed successfully
2026-09-19 10:01:55 INFO system Request processed successfully
2026-09-19 10:01:56 WARN database Query response slow
2026-09-19 10:01:57 INFO system Request processed successfully
2026-09-19 10:01:58 WARN database Query response slow
2026-09-19 10:01:59 INFO system Request processed successfully
2026-09-19 10:01:00 INFO system Request processed successfully
2026-09-19 10:01:01 INFO system Request processed successfully
2026-09-19 10:01:02 INFO system Request processed successfully
2026-09-19 10:01:03 INFO system Request processed successfully
2026-09-19 10:01:04 INFO system Request processed successfully
2026-09-19 10:01:05 INFO system Request processed successfully
2026-09-19 10:01:06 WARN database Query response slow
2026-09-19 10:01:07 ERROR model Model loading failed
2026-09-19 10:01:08 INFO system Request processed successfully
2026-09-19 10:01:09 INFO system Request processed successfully
2026-09-19 10:01:10 INFO system Request processed successfully
2026-09-19 10:01:11 WARN database Query response slow
2026-09-19 10:01:12 INFO system Request processed successfully
2026-09-19 10:01:13 INFO system Request processed successfully
2026-09-19 10:01:14 INFO system Request processed successfully
2026-09-19 10:01:15 INFO system Request processed successfully
2026-09-19 10:01:16 ERROR model Model loading failed
2026-09-19 10:01:17 WARN database Query response slow
2026-09-19 10:01:18 INFO system Request processed successfully
2026-09-19 10:01:19 INFO system Request processed successfully
2026-09-19 10:01:20 WARN database Query response slow
2026-09-19 10:01:21 INFO system Request processed successfully
2026-09-19 10:01:22 INFO system Request processed successfully
2026-09-19 10:01:23 ERROR auth Authentication failed
2026-09-19 10:01:24 INFO system Request processed successfully
2026-09-19 10:01:25 INFO system Request processed successfully
2026-09-19 10:01:26 INFO system Request processed successfully
2026-09-19 10:01:27 INFO system Request processed successfully
2026-09-19 10:01:28 INFO system Request processed successfully
2026-09-19 10:01:29 INFO system Request processed successfully
2026-09-19 10:01:30 INFO system Request processed successfully
2026-09-19 10:01:31 INFO system Request processed successfully
2026-09-19 10:01:32 INFO system Request processed successfully
2026-09-19 10:01:33 INFO system Request processed successfully
2026-09-19 10:01:34 INFO system Request processed successfully
2026-09-19 10:01:35 INFO system Request processed successfully
2026-09-19 10:01:36 WARN database Query response slow
2026-09-19 10:01:37 INFO system Request processed successfully
2026-09-19 10:01:38 INFO system Request processed successfully
2026-09-19 10:01:39 ERROR database Connection timeout
2026-09-19 10:01:40 WARN database Query response slow
2026-09-19 10:01:41 INFO system Request processed successfully
2026-09-19 10:01:42 INFO system Request processed successfully
2026-09-19 10:01:43 INFO system Request processed successfully
2026-09-19 10:01:44 INFO system Request processed successfully
2026-09-19 10:01:45 INFO system Request processed successfully
2026-09-19 10:01:46 INFO system Request processed successfully
2026-09-19 10:01:47 INFO system Request processed successfully
2026-09-19 10:01:48 WARN database Query response slow
2026-09-19 10:01:49 INFO system Request processed successfully
2026-09-19 10:01:50 INFO system Request processed successfully
2026-09-19 10:01:51 INFO system Request processed successfully
2026-09-19 10:01:52 INFO system Request processed successfully
2026-09-19 10:01:53 INFO system Request processed successfully
2026-09-19 10:01:54 INFO system Request processed successfully
2026-09-19 10:01:55 INFO system Request processed successfully
2026-09-19 10:01:56 INFO system Request processed successfully
2026-09-19 10:01:57 INFO system Request processed successfully
2026-09-19 10:01:58 INFO system Request processed successfully
2026-09-19 10:01:59 INFO system Request processed successfully
2026-09-19 10:01:00 INFO system Request processed successfully
2026-09-19 10:01:01 INFO system Request processed successfully
2026-09-19 10:01:02 INFO system Request processed successfully
2026-09-19 10:01:03 WARN database Query response slow
2026-09-19 10:01:04 INFO system Request processed successfully
2026-09-19 10:01:05 INFO system Request processed successfully
2026-09-19 10:01:06 INFO system Request processed successfully
2026-09-19 10:01:07 INFO system Request processed successfully
2026-09-19 10:01:08 INFO system Request processed successfully
2026-09-19 10:01:09 INFO system Request processed successfully
2026-09-19 10:01:10 INFO system Request processed successfully
2026-09-19 10:01:11 INFO system Request processed successfully
2026-09-19 10:01:12 INFO system Request processed successfully
2026-09-19 10:01:13 WARN database Query response slow
2026-09-19 10:01:14 INFO system Request processed successfully
2026-09-19 10:01:15 INFO system Request processed successfully
2026-09-19 10:01:16 INFO system Request processed successfully
2026-09-19 10:01:17 INFO system Request processed successfully
2026-09-19 10:01:18 WARN database Query response slow
2026-09-19 10:01:19 INFO system Request processed successfully
2026-09-19 10:01:20 INFO system Request processed successfully
2026-09-19 10:01:21 ERROR database Connection timeout
2026-09-19 10:01:22 WARN database Query response slow
2026-09-19 10:01:23 INFO system Request processed successfully
2026-09-19 10:01:24 WARN database Query response slow
2026-09-19 10:01:25 INFO system Request processed successfully
2026-09-19 10:01:26 INFO system Request processed successfully
2026-09-19 10:01:27 INFO system Request processed successfully
2026-09-19 10:01:28 WARN database Query response slow
2026-09-19 10:01:29 ERROR auth Authentication failed
2026-09-19 10:01:30 WARN database Query response slow
2026-09-19 10:01:31 INFO system Request processed successfully
2026-09-19 10:01:32 WARN database Query response slow
2026-09-19 10:01:33 INFO system Request processed successfully
2026-09-19 10:01:34 INFO system Request processed successfully
2026-09-19 10:01:35 INFO system Request processed successfully
2026-09-19 10:01:36 INFO system Request processed successfully
2026-09-19 10:01:37 INFO system Request processed successfully
2026-09-19 10:01:38 INFO system Request processed successfully
2026-09-19 10:01:39 INFO system Request processed successfully
2026-09-19 10:01:40 INFO system Request processed successfully
2026-09-19 10:01:41 INFO system Request processed successfully
2026-09-19 10:01:42 INFO system Request processed successfully
2026-09-19 10:01:43 INFO system Request processed successfully
2026-09-19 10:01:44 INFO system Request processed successfully
2026-09-19 10:01:45 INFO system Request processed successfully
2026-09-19 10:01:46 WARN database Query response slow
2026-09-19 10:01:47 INFO system Request processed successfully
2026-09-19 10:01:48 INFO system Request processed successfully
2026-09-19 10:01:49 INFO system Request processed successfully
2026-09-19 10:01:50 INFO system Request processed successfully
2026-09-19 10:01:51 INFO system Request processed successfully
2026-09-19 10:01:52 INFO system Request processed successfully
2026-09-19 10:01:53 INFO system Request processed successfully
2026-09-19 10:01:54 INFO system Request processed successfully
2026-09-19 10:01:55 INFO system Request processed successfully
2026-09-19 10:01:56 INFO system Request processed successfully
2026-09-19 10:01:57 INFO system Request processed successfully
2026-09-19 10:01:58 INFO system Request processed successfully
2026-09-19 10:01:59 ERROR auth Authentication failed
2026-09-19 10:01:00 INFO system Request processed successfully
2026-09-19 10:01:01 INFO system Request processed successfully
2026-09-19 10:01:02 WARN database Query response slow
2026-09-19 10:01:03 WARN database Query response slow
2026-09-19 10:01:04 INFO system Request processed successfully
2026-09-19 10:01:05 INFO system Request processed successfully
2026-09-19 10:01:06 INFO system Request processed successfully
2026-09-19 10:01:07 INFO system Request processed successfully
2026-09-19 10:01:08 INFO system Request processed successfully
2026-09-19 10:01:09 INFO system Request processed successfully
2026-09-19 10:01:10 INFO system Request processed successfully
2026-09-19 10:01:11 WARN database Query response slow
2026-09-19 10:01:12 INFO system Request processed successfully
2026-09-19 10:01:13 INFO system Request processed successfully
2026-09-19 10:01:14 INFO system Request processed successfully
2026-09-19 10:01:15 INFO system Request processed successfully
2026-09-19 10:01:16 INFO system Request processed successfully
2026-09-19 10:01:17 INFO system Request processed successfully
2026-09-19 10:01:18 INFO system Request processed successfully
2026-09-19 10:01:19 INFO system Request processed successfully
2026-09-19 10:01:20 ERROR auth Authentication failed
2026-09-19 10:01:21 INFO system Request processed successfully
2026-09-19 10:01:22 ERROR model Model loading failed
2026-09-19 10:01:23 INFO system Request processed successfully
2026-09-19 10:01:24 INFO system Request processed successfully
2026-09-19 10:01:25 INFO system Request processed successfully
2026-09-19 10:01:26 INFO system Request processed successfully
2026-09-19 10:01:27 INFO system Request processed successfully
2026-09-19 10:01:28 INFO system Request processed successfully
2026-09-19 10:01:29 WARN database Query response slow
2026-09-19 10:01:30 INFO system Request processed successfully
2026-09-19 10:01:31 INFO system Request processed successfully
2026-09-19 10:01:32 INFO system Request processed successfully
2026-09-19 10:01:33 INFO system Request processed successfully
2026-09-19 10:01:34 INFO system Request processed successfully
2026-09-19 10:01:35 WARN database Query response slow
2026-09-19 10:01:36 WARN database Query response slow
2026-09-19 10:01:37 INFO system Request processed successfully
2026-09-19 10:01:38 INFO system Request processed successfully
2026-09-19 10:01:39 INFO system Request processed successfully
2026-09-19 10:01:40 INFO system Request processed successfully
2026-09-19 10:01:41 INFO system Request processed successfully
2026-09-19 10:01:42 INFO system Request processed successfully
2026-09-19 10:01:43 INFO system Request processed successfully
2026-09-19 10:01:44 INFO system Request processed successfully
2026-09-19 10:01:45 INFO system Request processed successfully
2026-09-19 10:01:46 INFO system Request processed successfully
2026-09-19 10:01:47 INFO system Request processed successfully
2026-09-19 10:01:48 INFO system Request processed successfully
2026-09-19 10:01:49 WARN database Query response slow
2026-09-19 10:01:50 INFO system Request processed successfully
2026-09-19 10:01:51 WARN database Query response slow
2026-09-19 10:01:52 INFO system Request processed successfully
2026-09-19 10:01:53 INFO system Request processed successfully
2026-09-19 10:01:54 INFO system Request processed successfully
2026-09-19 10:01:55 WARN database Query response slow
2026-09-19 10:01:56 INFO system Request processed successfully
2026-09-19 10:01:57 WARN database Query response slow
2026-09-19 10:01:58 WARN database Query response slow
2026-09-19 10:01:59 INFO system Request processed successfully
2026-09-19 10:01:00 ERROR database Connection timeout
2026-09-19 10:01:01 INFO system Request processed successfully
2026-09-19 10:01:02 INFO system Request processed successfully
2026-09-19 10:01:03 WARN database Query response slow
2026-09-19 10:01:04 WARN database Query response slow
2026-09-19 10:01:05 INFO system Request processed successfully
2026-09-19 10:01:06 WARN database Query response slow
2026-09-19 10:01:07 WARN database Query response slow
2026-09-19 10:01:08 INFO system Request processed successfully
2026-09-19 10:01:09 INFO system Request processed successfully
2026-09-19 10:01:10 INFO system Request processed successfully
2026-09-19 10:01:11 INFO system Request processed successfully
2026-09-19 10:01:12 INFO system Request processed successfully
2026-09-19 10:01:13 INFO system Request processed successfully
2026-09-19 10:01:14 INFO system Request processed successfully
2026-09-19 10:01:15 WARN database Query response slow
2026-09-19 10:01:16 INFO system Request processed successfully
2026-09-19 10:01:17 INFO system Request processed successfully
2026-09-19 10:01:18 INFO system Request processed successfully
2026-09-19 10:01:19 INFO system Request processed successfully
2026-09-19 10:01:20 INFO system Request processed successfully
2026-09-19 10:01:21 INFO system Request processed successfully
2026-09-19 10:01:22 INFO system Request processed successfully
2026-09-19 10:01:23 INFO system Request processed successfully
2026-09-19 10:01:24 ERROR database Connection timeout
2026-09-19 10:01:25 INFO system Request processed successfully
2026-09-19 10:01:26 INFO system Request processed successfully
2026-09-19 10:01:27 WARN database Query response slow
2026-09-19 10:01:28 WARN database Query response slow
2026-09-19 10:01:29 INFO system Request processed successfully
2026-09-19 10:01:30 INFO system Request processed successfully
2026-09-19 10:01:31 INFO system Request processed successfully
2026-09-19 10:01:32 INFO system Request processed successfully
2026-09-19 10:01:33 INFO system Request processed successfully
2026-09-19 10:01:34 INFO system Request processed successfully
2026-09-19 10:01:35 INFO system Request processed successfully
2026-09-19 10:01:36 INFO system Request processed successfully
2026-09-19 10:01:37 INFO system Request processed successfully
2026-09-19 10:01:38 WARN database Query response slow
2026-09-19 10:01:39 INFO system Request processed successfully
2026-09-19 10:01:40 INFO system Request processed successfully
2026-09-19 10:01:41 INFO system Request processed successfully
2026-09-19 10:01:42 INFO system Request processed successfully
2026-09-19 10:01:43 ERROR model Model loading failed
2026-09-19 10:01:44 INFO system Request processed successfully
2026-09-19 10:01:45 INFO system Request processed successfully
2026-09-19 10:01:46 ERROR model Model loading failed
2026-09-19 10:01:47 INFO system Request processed successfully
2026-09-19 10:01:48 INFO system Request processed successfully
2026-09-19 10:01:49 INFO system Request processed successfully
2026-09-19 10:01:50 INFO system Request processed successfully
2026-09-19 10:01:51 INFO system Request processed successfully
2026-09-19 10:01:52 INFO system Request processed successfully
2026-09-19 10:01:53 INFO system Request processed successfully
2026-09-19 10:01:54 INFO system Request processed successfully
2026-09-19 10:01:55 INFO system Request processed successfully
2026-09-19 10:01:56 INFO system Request processed successfully
2026-09-19 10:01:57 INFO system Request processed successfully
2026-09-19 10:01:58 WARN database Query response slow
2026-09-19 10:01:59 INFO system Request processed successfully
2026-09-19 10:01:00 INFO system Request processed successfully
2026-09-19 10:01:01 WARN database Query response slow
2026-09-19 10:01:02 INFO system Request processed successfully
2026-09-19 10:01:03 INFO system Request processed successfully
2026-09-19 10:01:04 INFO system Request processed successfully
2026-09-19 10:01:05 ERROR auth Authentication failed
2026-09-19 10:01:06 INFO system Request processed successfully
2026-09-19 10:01:07 INFO system Request processed successfully
2026-09-19 10:01:08 INFO system Request processed successfully
2026-09-19 10:01:09 INFO system Request processed successfully
2026-09-19 10:01:10 INFO system Request processed successfully
2026-09-19 10:01:11 WARN database Query response slow
2026-09-19 10:01:12 INFO system Request processed successfully
2026-09-19 10:01:13 INFO system Request processed successfully
2026-09-19 10:01:14 INFO system Request processed successfully
2026-09-19 10:01:15 INFO system Request processed successfully
2026-09-19 10:01:16 INFO system Request processed successfully
2026-09-19 10:01:17 WARN database Query response slow
2026-09-19 10:01:18 WARN database Query response slow
2026-09-19 10:01:19 INFO system Request processed successfully
2026-09-19 10:01:20 INFO system Request processed successfully
2026-09-19 10:01:21 INFO system Request processed successfully
2026-09-19 10:01:22 INFO system Request processed successfully
2026-09-19 10:01:23 WARN database Query response slow
2026-09-19 10:01:24 INFO system Request processed successfully
2026-09-19 10:01:25 INFO system Request processed successfully
2026-09-19 10:01:26 INFO system Request processed successfully
2026-09-19 10:01:27 INFO system Request processed successfully
2026-09-19 10:01:28 INFO system Request processed successfully
2026-09-19 10:01:29 INFO system Request processed successfully
2026-09-19 10:01:30 INFO system Request processed successfully
2026-09-19 10:01:31 WARN database Query response slow
2026-09-19 10:01:32 ERROR auth Authentication failed
2026-09-19 10:01:33 INFO system Request processed successfully
2026-09-19 10:01:34 INFO system Request processed successfully
2026-09-19 10:01:35 INFO system Request processed successfully
2026-09-19 10:01:36 INFO system Request processed successfully
2026-09-19 10:01:37 INFO system Request processed successfully
2026-09-19 10:01:38 INFO system Request processed successfully
2026-09-19 10:01:39 INFO system Request processed successfully
2026-09-19 10:01:40 WARN database Query response slow
2026-09-19 10:01:41 INFO system Request processed successfully
2026-09-19 10:01:42 INFO system Request processed successfully
2026-09-19 10:01:43 ERROR model Model loading failed
2026-09-19 10:01:44 INFO system Request processed successfully
2026-09-19 10:01:45 INFO system Request processed successfully
2026-09-19 10:01:46 INFO system Request processed successfully
2026-09-19 10:01:47 INFO system Request processed successfully
2026-09-19 10:01:48 INFO system Request processed successfully
2026-09-19 10:01:49 INFO system Request processed successfully
2026-09-19 10:01:50 INFO system Request processed successfully
2026-09-19 10:01:51 INFO system Request processed successfully
2026-09-19 10:01:52 WARN database Query response slow
2026-09-19 10:01:53 INFO system Request processed successfully
2026-09-19 10:01:54 INFO system Request processed successfully
2026-09-19 10:01:55 WARN database Query response slow
2026-09-19 10:01:56 INFO system Request processed successfully
2026-09-19 10:01:57 WARN database Query response slow
2026-09-19 10:01:58 INFO system Request processed successfully
2026-09-19 10:01:59 WARN database Query response slow
2026-09-19 10:01:00 INFO system Request processed successfully
2026-09-19 10:01:01 INFO system Request processed successfully
2026-09-19 10:01:02 INFO system Request processed successfully
2026-09-19 10:01:03 INFO system Request processed successfully
2026-09-19 10:01:04 INFO system Request processed successfully
2026-09-19 10:01:05 INFO system Request processed successfully
2026-09-19 10:01:06 INFO system Request processed successfully
2026-09-19 10:01:07 INFO system Request processed successfully
2026-09-19 10:01:08 INFO system Request processed successfully
2026-09-19 10:01:09 INFO system Request processed successfully
2026-09-19 10:01:10 WARN database Query response slow
2026-09-19 10:01:11 INFO system Request processed successfully
2026-09-19 10:01:12 INFO system Request processed successfully
2026-09-19 10:01:13 INFO system Request processed successfully
2026-09-19 10:01:14 INFO system Request processed successfully
2026-09-19 10:01:15 INFO system Request processed successfully
2026-09-19 10:01:16 INFO system Request processed successfully
2026-09-19 10:01:17 INFO system Request processed successfully
2026-09-19 10:01:18 WARN database Query response slow
2026-09-19 10:01:19 ERROR model Model loading failed
2026-09-19 10:01:20 INFO system Request processed successfully
2026-09-19 10:01:21 INFO system Request processed successfully
2026-09-19 10:01:22 INFO system Request processed successfully
2026-09-19 10:01:23 INFO system Request processed successfully
2026-09-19 10:01:24 INFO system Request processed successfully
2026-09-19 10:01:25 INFO system Request processed successfully
2026-09-19 10:01:26 INFO system Request processed successfully
2026-09-19 10:01:27 INFO system Request processed successfully
2026-09-19 10:01:28 INFO system Request processed successfully
2026-09-19 10:01:29 INFO system Request processed successfully
2026-09-19 10:01:30 WARN database Query response slow
2026-09-19 10:01:31 INFO system Request processed successfully
2026-09-19 10:01:32 INFO system Request processed successfully
2026-09-19 10:01:33 INFO system Request processed successfully
2026-09-19 10:01:34 INFO system Request processed successfully
2026-09-19 10:01:35 INFO system Request processed successfully
2026-09-19 10:01:36 INFO system Request processed successfully
2026-09-19 10:01:37 INFO system Request processed successfully
2026-09-19 10:01:38 WARN database Query response slow
2026-09-19 10:01:39 INFO system Request processed successfully
2026-09-19 10:01:40 INFO system Request processed successfully
2026-09-19 10:01:41 INFO system Request processed successfully
2026-09-19 10:01:42 INFO system Request processed successfully
2026-09-19 10:01:43 INFO system Request processed successfully
2026-09-19 10:01:44 ERROR auth Authentication failed
2026-09-19 10:01:45 WARN database Query response slow
2026-09-19 10:01:46 INFO system Request processed successfully
2026-09-19 10:01:47 ERROR auth Authentication failed
2026-09-19 10:01:48 INFO system Request processed successfully
2026-09-19 10:01:49 INFO system Request processed successfully
2026-09-19 10:01:50 INFO system Request processed successfully
2026-09-19 10:01:51 INFO system Request processed successfully
2026-09-19 10:01:52 INFO system Request processed successfully
2026-09-19 10:01:53 ERROR auth Authentication failed
2026-09-19 10:01:54 INFO system Request processed successfully
2026-09-19 10:01:55 INFO system Request processed successfully
2026-09-19 10:01:56 INFO system Request processed successfully
2026-09-19 10:01:57 INFO system Request processed successfully
2026-09-19 10:01:58 ERROR model Model loading failed
2026-09-19 10:01:59 INFO system Request processed successfully
2026-09-19 10:01:00 INFO system Request processed successfully
2026-09-19 10:01:01 INFO system Request processed successfully
2026-09-19 10:01:02 WARN database Query response slow
2026-09-19 10:01:03 INFO system Request processed successfully
2026-09-19 10:01:04 INFO system Request processed successfully
2026-09-19 10:01:05 INFO system Request processed successfully
2026-09-19 10:01:06 INFO system Request processed successfully
2026-09-19 10:01:07 INFO system Request processed successfully
2026-09-19 10:01:08 INFO system Request processed successfully
2026-09-19 10:01:09 INFO system Request processed successfully
2026-09-19 10:01:10 INFO system Request processed successfully
2026-09-19 10:01:11 INFO system Request processed successfully
2026-09-19 10:01:12 INFO system Request processed successfully
2026-09-19 10:01:13 INFO system Request processed successfully
2026-09-19 10:01:14 INFO system Request processed successfully
2026-09-19 10:01:15 INFO system Request processed successfully
2026-09-19 10:01:16 INFO system Request processed successfully
2026-09-19 10:01:17 INFO system Request processed successfully
2026-09-19 10:01:18 WARN database Query response slow
2026-09-19 10:01:19 INFO system Request processed successfully
2026-09-19 10:01:20 INFO system Request processed successfully
2026-09-19 10:01:21 INFO system Request processed successfully
2026-09-19 10:01:22 INFO system Request processed successfully
2026-09-19 10:01:23 INFO system Request processed successfully
2026-09-19 10:01:24 INFO system Request processed successfully
2026-09-19 10:01:25 INFO system Request processed successfully
2026-09-19 10:01:26 INFO system Request processed successfully
2026-09-19 10:01:27 INFO system Request processed successfully
2026-09-19 10:01:28 INFO system Request processed successfully
2026-09-19 10:01:29 WARN database Query response slow
2026-09-19 10:01:30 ERROR database Connection timeout
2026-09-19 10:01:31 INFO system Request processed successfully
2026-09-19 10:01:32 INFO system Request processed successfully
2026-09-19 10:01:33 WARN database Query response slow
2026-09-19 10:01:34 INFO system Request processed successfully
2026-09-19 10:01:35 INFO system Request processed successfully
2026-09-19 10:01:36 INFO system Request processed successfully
2026-09-19 10:01:37 INFO system Request processed successfully
2026-09-19 10:01:38 INFO system Request processed successfully
2026-09-19 10:01:39 INFO system Request processed successfully
2026-09-19 10:01:40 INFO system Request processed successfully
2026-09-19 10:01:41 WARN database Query response slow
2026-09-19 10:01:42 ERROR database Connection timeout
2026-09-19 10:01:43 INFO system Request processed successfully
2026-09-19 10:01:44 INFO system Request processed successfully
2026-09-19 10:01:45 INFO system Request processed successfully
2026-09-19 10:01:46 INFO system Request processed successfully
2026-09-19 10:01:47 INFO system Request processed successfully
2026-09-19 10:01:48 INFO system Request processed successfully
2026-09-19 10:01:49 INFO system Request processed successfully
2026-09-19 10:01:50 INFO system Request processed successfully
2026-09-19 10:01:51 INFO system Request processed successfully
2026-09-19 10:01:52 INFO system Request processed successfully
2026-09-19 10:01:53 INFO system Request processed successfully
2026-09-19 10:01:54 INFO system Request processed successfully
2026-09-19 10:01:55 INFO system Request processed successfully
2026-09-19 10:01:56 ERROR auth Authentication failed
2026-09-19 10:01:57 WARN database Query response slow
2026-09-19 10:01:58 INFO system Request processed successfully
2026-09-19 10:01:59 INFO system Request processed successfully
2026-09-19 10:01:00 INFO system Request processed successfully
2026-09-19 10:01:01 INFO system Request processed successfully
2026-09-19 10:01:02 WARN database Query response slow
2026-09-19 10:01:03 INFO system Request processed successfully
2026-09-19 10:01:04 INFO system Request processed successfully
2026-09-19 10:01:05 ERROR auth Authentication failed
2026-09-19 10:01:06 INFO system Request processed successfully
2026-09-19 10:01:07 INFO system Request processed successfully
2026-09-19 10:01:08 INFO system Request processed successfully
2026-09-19 10:01:09 INFO system Request processed successfully
2026-09-19 10:01:10 ERROR model Model loading failed
2026-09-19 10:01:11 ERROR auth Authentication failed
2026-09-19 10:01:12 INFO system Request processed successfully
2026-09-19 10:01:13 WARN database Query response slow
2026-09-19 10:01:14 WARN database Query response slow
2026-09-19 10:01:15 WARN database Query response slow
2026-09-19 10:01:16 INFO system Request processed successfully
2026-09-19 10:01:17 INFO system Request processed successfully
2026-09-19 10:01:18 INFO system Request processed successfully
2026-09-19 10:01:19 INFO system Request processed successfully
2026-09-19 10:01:20 INFO system Request processed successfully
2026-09-19 10:01:21 WARN database Query response slow
2026-09-19 10:01:22 INFO system Request processed successfully
2026-09-19 10:01:23 WARN database Query response slow
2026-09-19 10:01:24 INFO system Request processed successfully
2026-09-19 10:01:25 INFO system Request processed successfully
2026-09-19 10:01:26 INFO system Request processed successfully
2026-09-19 10:01:27 WARN database Query response slow
2026-09-19 10:01:28 INFO system Request processed successfully
2026-09-19 10:01:29 INFO system Request processed successfully
2026-09-19 10:01:30 INFO system Request processed successfully
2026-09-19 10:01:31 ERROR model Model loading failed
2026-09-19 10:01:32 INFO system Request processed successfully
2026-09-19 10:01:33 INFO system Request processed successfully
2026-09-19 10:01:34 INFO system Request processed successfully
2026-09-19 10:01:35 INFO system Request processed successfully
2026-09-19 10:01:36 ERROR database Connection timeout
2026-09-19 10:01:37 INFO system Request processed successfully
2026-09-19 10:01:38 INFO system Request processed successfully
2026-09-19 10:01:39 INFO system Request processed successfully
2026-09-19 10:01:40 INFO system Request processed successfully
2026-09-19 10:01:41 WARN database Query response slow
2026-09-19 10:01:42 INFO system Request processed successfully
2026-09-19 10:01:43 INFO system Request processed successfully
2026-09-19 10:01:44 INFO system Request processed successfully
2026-09-19 10:01:45 INFO system Request processed successfully
2026-09-19 10:01:46 INFO system Request processed successfully
2026-09-19 10:01:47 INFO system Request processed successfully
2026-09-19 10:01:48 INFO system Request processed successfully
2026-09-19 10:01:49 INFO system Request processed successfully
2026-09-19 10:01:50 INFO system Request processed successfully
2026-09-19 10:01:51 INFO system Request processed successfully
2026-09-19 10:01:52 INFO system Request processed successfully
2026-09-19 10:01:53 INFO system Request processed successfully
2026-09-19 10:01:54 INFO system Request processed successfully
2026-09-19 10:01:55 INFO system Request processed successfully
2026-09-19 10:01:56 INFO system Request processed successfully
2026-09-19 10:01:57 WARN database Query response slow
2026-09-19 10:01:58 ERROR model Model loading failed
2026-09-19 10:01:59 INFO system Request processed successfully
2026-09-19 10:01:00 INFO system Request processed successfully
2026-09-19 10:01:01 INFO system Request processed successfully
2026-09-19 10:01:02 INFO system Request processed successfully
2026-09-19 10:01:03 WARN database Query response slow
2026-09-19 10:01:04 WARN database Query response slow
2026-09-19 10:01:05 INFO system Request processed successfully
2026-09-19 10:01:06 WARN database Query response slow
2026-09-19 10:01:07 WARN database Query response slow
2026-09-19 10:01:08 INFO system Request processed successfully
2026-09-19 10:01:09 INFO system Request processed successfully
2026-09-19 10:01:10 INFO system Request processed successfully
2026-09-19 10:01:11 INFO system Request processed successfully
2026-09-19 10:01:12 WARN database Query response slow
2026-09-19 10:01:13 INFO system Request processed successfully
2026-09-19 10:01:14 INFO system Request processed successfully
2026-09-19 10:01:15 INFO system Request processed successfully
2026-09-19 10:01:16 INFO system Request processed successfully
2026-09-19 10:01:17 INFO system Request processed successfully
2026-09-19 10:01:18 INFO system Request processed successfully
2026-09-19 10:01:19 INFO system Request processed successfully
2026-09-19 10:01:20 INFO system Request processed successfully
2026-09-19 10:01:21 WARN database Query response slow
2026-09-19 10:01:22 INFO system Request processed successfully
2026-09-19 10:01:23 INFO system Request processed successfully
2026-09-19 10:01:24 INFO system Request processed successfully
2026-09-19 10:01:25 INFO system Request processed successfully
2026-09-19 10:01:26 WARN database Query response slow
2026-09-19 10:01:27 INFO system Request processed successfully
2026-09-19 10:01:28 WARN database Query response slow
2026-09-19 10:01:29 INFO system Request processed successfully
2026-09-19 10:01:30 INFO system Request processed successfully
2026-09-19 10:01:31 INFO system Request processed successfully
2026-09-19 10:01:32 INFO system Request processed successfully
2026-09-19 10:01:33 INFO system Request processed successfully
2026-09-19 10:01:34 INFO system Request processed successfully
2026-09-19 10:01:35 INFO system Request processed successfully
2026-09-19 10:01:36 INFO system Request processed successfully
2026-09-19 10:01:37 INFO system Request processed successfully
2026-09-19 10:01:38 INFO system Request processed successfully
2026-09-19 10:01:39 INFO system Request processed successfully
2026-09-19 10:01:40 INFO system Request processed successfully
2026-09-19 10:01:41 INFO system Request processed successfully
2026-09-19 10:01:42 INFO system Request processed successfully
2026-09-19 10:01:43 INFO system Request processed successfully
2026-09-19 10:01:44 INFO system Request processed successfully
2026-09-19 10:01:45 INFO system Request processed successfully
2026-09-19 10:01:46 INFO system Request processed successfully
2026-09-19 10:01:47 INFO system Request processed successfully
2026-09-19 10:01:48 INFO system Request processed successfully
2026-09-19 10:01:49 INFO system Request processed successfully
2026-09-19 10:01:50 INFO system Request processed successfully
2026-09-19 10:01:51 INFO system Request processed successfully
2026-09-19 10:01:52 INFO system Request processed successfully
2026-09-19 10:01:53 INFO system Request processed successfully
2026-09-19 10:01:54 INFO system Request processed successfully
2026-09-19 10:01:55 INFO system Request processed successfully
2026-09-19 10:01:56 INFO system Request processed successfully
2026-09-19 10:01:57 INFO system Request processed successfully
2026-09-19 10:01:58 INFO system Request processed successfully
2026-09-19 10:01:59 INFO system Request processed successfully
2026-09-19 10:01:00 INFO system Request processed successfully
2026-09-19 10:01:01 WARN database Query response slow
2026-09-19 10:01:02 WARN database Query response slow
2026-09-19 10:01:03 INFO system Request processed successfully
2026-09-19 10:01:04 INFO system Request processed successfully
2026-09-19 10:01:05 INFO system Request processed successfully
2026-09-19 10:01:06 WARN database Query response slow
2026-09-19 10:01:07 INFO system Request processed successfully
2026-09-19 10:01:08 INFO system Request processed successfully
2026-09-19 10:01:09 INFO system Request processed successfully
2026-09-19 10:01:10 INFO system Request processed successfully
2026-09-19 10:01:11 WARN database Query response slow
2026-09-19 10:01:12 INFO system Request processed successfully
2026-09-19 10:01:13 INFO system Request processed successfully
2026-09-19 10:01:14 INFO system Request processed successfully
2026-09-19 10:01:15 INFO system Request processed successfully
2026-09-19 10:01:16 INFO system Request processed successfully
2026-09-19 10:01:17 INFO system Request processed successfully
2026-09-19 10:01:18 WARN database Query response slow
2026-09-19 10:01:19 INFO system Request processed successfully
2026-09-19 10:01:20 INFO system Request processed successfully
2026-09-19 10:01:21 INFO system Request processed successfully
2026-09-19 10:01:22 INFO system Request processed successfully
2026-09-19 10:01:23 INFO system Request processed successfully
2026-09-19 10:01:24 INFO system Request processed successfully
2026-09-19 10:01:25 WARN database Query response slow
2026-09-19 10:01:26 INFO system Request processed successfully
2026-09-19 10:01:27 INFO system Request processed successfully
2026-09-19 10:01:28 WARN database Query response slow
2026-09-19 10:01:29 INFO system Request processed successfully
2026-09-19 10:01:30 INFO system Request processed successfully
2026-09-19 10:01:31 WARN database Query response slow
2026-09-19 10:01:32 INFO system Request processed successfully
2026-09-19 10:01:33 INFO system Request processed successfully
2026-09-19 10:01:34 INFO system Request processed successfully
2026-09-19 10:01:35 INFO system Request processed successfully
2026-09-19 10:01:36 INFO system Request processed successfully
2026-09-19 10:01:37 INFO system Request processed successfully
2026-09-19 10:01:38 INFO system Request processed successfully
2026-09-19 10:01:39 INFO system Request processed successfully
2026-09-19 10:01:40 INFO system Request processed successfully
2026-09-19 10:01:41 INFO system Request processed successfully
2026-09-19 10:01:42 WARN database Query response slow
2026-09-19 10:01:43 ERROR model Model loading failed
2026-09-19 10:01:44 INFO system Request processed successfully
2026-09-19 10:01:45 ERROR database Connection timeout
2026-09-19 10:01:46 INFO system Request processed successfully
2026-09-19 10:01:47 INFO system Request processed successfully
2026-09-19 10:01:48 INFO system Request processed successfully
2026-09-19 10:01:49 WARN database Query response slow
2026-09-19 10:01:50 INFO system Request processed successfully
2026-09-19 10:01:51 INFO system Request processed successfully
2026-09-19 10:01:52 INFO system Request processed successfully
2026-09-19 10:01:53 INFO system Request processed successfully
2026-09-19 10:01:54 INFO system Request processed successfully
2026-09-19 10:01:55 INFO system Request processed successfully
2026-09-19 10:01:56 INFO system Request processed successfully
2026-09-19 10:01:57 INFO system Request processed successfully
2026-09-19 10:01:58 INFO system Request processed successfully
2026-09-19 10:01:59 INFO system Request processed successfully
2026-09-19 10:01:00 INFO system Request processed successfully
2026-09-19 10:01:01 INFO system Request processed successfully
2026-09-19 10:01:02 INFO system Request processed successfully
2026-09-19 10:01:03 INFO system Request processed successfully
2026-09-19 10:01:04 INFO system Request processed successfully
2026-09-19 10:01:05 INFO system Request processed successfully
2026-09-19 10:01:06 INFO system Request processed successfully
2026-09-19 10:01:07 INFO system Request processed successfully
2026-09-19 10:01:08 INFO system Request processed successfully
2026-09-19 10:01:09 INFO system Request processed successfully
2026-09-19 10:01:10 INFO system Request processed successfully
2026-09-19 10:01:11 INFO system Request processed successfully
2026-09-19 10:01:12 INFO system Request processed successfully
2026-09-19 10:01:13 INFO system Request processed successfully
2026-09-19 10:01:14 INFO system Request processed successfully
2026-09-19 10:01:15 INFO system Request processed successfully
2026-09-19 10:01:16 WARN database Query response slow
2026-09-19 10:01:17 INFO system Request processed successfully
2026-09-19 10:01:18 INFO system Request processed successfully
2026-09-19 10:01:19 INFO system Request processed successfully
2026-09-19 10:01:20 WARN database Query response slow
2026-09-19 10:01:21 INFO system Request processed successfully
2026-09-19 10:01:22 ERROR model Model loading failed
2026-09-19 10:01:23 INFO system Request processed successfully
2026-09-19 10:01:24 INFO system Request processed successfully
2026-09-19 10:01:25 INFO system Request processed successfully
2026-09-19 10:01:26 ERROR auth Authentication failed
2026-09-19 10:01:27 INFO system Request processed successfully
2026-09-19 10:01:28 INFO system Request processed successfully
2026-09-19 10:01:29 INFO system Request processed successfully
2026-09-19 10:01:30 INFO system Request processed successfully
2026-09-19 10:01:31 WARN database Query response slow
2026-09-19 10:01:32 WARN database Query response slow
2026-09-19 10:01:33 WARN database Query response slow
2026-09-19 10:01:34 INFO system Request processed successfully
2026-09-19 10:01:35 INFO system Request processed successfully
2026-09-19 10:01:36 WARN database Query response slow
2026-09-19 10:01:37 ERROR model Model loading failed
2026-09-19 10:01:38 WARN database Query response slow
2026-09-19 10:01:39 INFO system Request processed successfully
2026-09-19 10:01:40 INFO system Request processed successfully
2026-09-19 10:01:41 INFO system Request processed successfully
2026-09-19 10:01:42 INFO system Request processed successfully
2026-09-19 10:01:43 INFO system Request processed successfully
2026-09-19 10:01:44 INFO system Request processed successfully
2026-09-19 10:01:45 INFO system Request processed successfully
2026-09-19 10:01:46 INFO system Request processed successfully
2026-09-19 10:01:47 INFO system Request processed successfully
2026-09-19 10:01:48 INFO system Request processed successfully
2026-09-19 10:01:49 INFO system Request processed successfully
2026-09-19 10:01:50 INFO system Request processed successfully
2026-09-19 10:01:51 WARN database Query response slow
2026-09-19 10:01:52 INFO system Request processed successfully
2026-09-19 10:01:53 INFO system Request processed successfully
2026-09-19 10:01:54 INFO system Request processed successfully
2026-09-19 10:01:55 ERROR model Model loading failed
2026-09-19 10:01:56 WARN database Query response slow
2026-09-19 10:01:57 INFO system Request processed successfully
2026-09-19 10:01:58 INFO system Request processed successfully
2026-09-19 10:01:59 INFO system Request processed successfully
2026-09-19 10:01:00 INFO system Request processed successfully
2026-09-19 10:01:01 INFO system Request processed successfully
2026-09-19 10:01:02 INFO system Request processed successfully
2026-09-19 10:01:03 INFO system Request processed successfully
2026-09-19 10:01:04 INFO system Request processed successfully
2026-09-19 10:01:05 INFO system Request processed successfully
2026-09-19 10:01:06 INFO system Request processed successfully
2026-09-19 10:01:07 INFO system Request processed successfully
2026-09-19 10:01:08 INFO system Request processed successfully
2026-09-19 10:01:09 INFO system Request processed successfully
2026-09-19 10:01:10 WARN database Query response slow
2026-09-19 10:01:11 INFO system Request processed successfully
2026-09-19 10:01:12 WARN database Query response slow
2026-09-19 10:01:13 INFO system Request processed successfully
2026-09-19 10:01:14 INFO system Request processed successfully
2026-09-19 10:01:15 INFO system Request processed successfully
2026-09-19 10:01:16 INFO system Request processed successfully
2026-09-19 10:01:17 INFO system Request processed successfully
2026-09-19 10:01:18 INFO system Request processed successfully
2026-09-19 10:01:19 INFO system Request processed successfully
2026-09-19 10:01:20 WARN database Query response slow
2026-09-19 10:01:21 INFO system Request processed successfully
2026-09-19 10:01:22 INFO system Request processed successfully
2026-09-19 10:01:23 INFO system Request processed successfully
2026-09-19 10:01:24 INFO system Request processed successfully
2026-09-19 10:01:25 INFO system Request processed successfully
2026-09-19 10:01:26 INFO system Request processed successfully
2026-09-19 10:01:27 INFO system Request processed successfully
2026-09-19 10:01:28 INFO system Request processed successfully
2026-09-19 10:01:29 INFO system Request processed successfully
2026-09-19 10:01:30 ERROR database Connection timeout
2026-09-19 10:01:31 INFO system Request processed successfully
2026-09-19 10:01:32 INFO system Request processed successfully
2026-09-19 10:01:33 INFO system Request processed successfully
2026-09-19 10:01:34 INFO system Request processed successfully
2026-09-19 10:01:35 INFO system Request processed successfully
2026-09-19 10:01:36 ERROR database Connection timeout
2026-09-19 10:01:37 ERROR model Model loading failed
2026-09-19 10:01:38 ERROR auth Authentication failed
2026-09-19 10:01:39 INFO system Request processed successfully
2026-09-19 10:01:40 ERROR model Model loading failed
2026-09-19 10:01:41 INFO system Request processed successfully
2026-09-19 10:01:42 INFO system Request processed successfully
2026-09-19 10:01:43 INFO system Request processed successfully
2026-09-19 10:01:44 INFO system Request processed successfully
2026-09-19 10:01:45 WARN database Query response slow
2026-09-19 10:01:46 INFO system Request processed successfully
2026-09-19 10:01:47 INFO system Request processed successfully
2026-09-19 10:01:48 WARN database Query response slow
2026-09-19 10:01:49 WARN database Query response slow
2026-09-19 10:01:50 WARN database Query response slow
2026-09-19 10:01:51 ERROR database Connection timeout
2026-09-19 10:01:52 WARN database Query response slow
2026-09-19 10:01:53 INFO system Request processed successfully
2026-09-19 10:01:54 WARN database Query response slow
2026-09-19 10:01:55 WARN database Query response slow
2026-09-19 10:01:56 INFO system Request processed successfully
2026-09-19 10:01:57 ERROR database Connection timeout
2026-09-19 10:01:58 INFO system Request processed successfully
2026-09-19 10:01:59 INFO system Request processed successfully
2026-09-19 10:01:00 INFO system Request processed successfully
2026-09-19 10:01:01 WARN database Query response slow
2026-09-19 10:01:02 INFO system Request processed successfully
2026-09-19 10:01:03 INFO system Request processed successfully
2026-09-19 10:01:04 INFO system Request processed successfully
2026-09-19 10:01:05 INFO system Request processed successfully
2026-09-19 10:01:06 INFO system Request processed successfully
2026-09-19 10:01:07 INFO system Request processed successfully
2026-09-19 10:01:08 ERROR auth Authentication failed
2026-09-19 10:01:09 WARN database Query response slow
2026-09-19 10:01:10 INFO system Request processed successfully
2026-09-19 10:01:11 INFO system Request processed successfully
2026-09-19 10:01:12 WARN database Query response slow
2026-09-19 10:01:13 INFO system Request processed successfully
2026-09-19 10:01:14 INFO system Request processed successfully
2026-09-19 10:01:15 INFO system Request processed successfully
2026-09-19 10:01:16 INFO system Request processed successfully
2026-09-19 10:01:17 INFO system Request processed successfully
2026-09-19 10:01:18 WARN database Query response slow
2026-09-19 10:01:19 INFO system Request processed successfully
2026-09-19 10:01:20 INFO system Request processed successfully
2026-09-19 10:01:21 INFO system Request processed successfully
2026-09-19 10:01:22 INFO system Request processed successfully
2026-09-19 10:01:23 INFO system Request processed successfully
2026-09-19 10:01:24 ERROR database Connection timeout
2026-09-19 10:01:25 INFO system Request processed successfully
2026-09-19 10:01:26 INFO system Request processed successfully
2026-09-19 10:01:27 INFO system Request processed successfully
2026-09-19 10:01:28 INFO system Request processed successfully
2026-09-19 10:01:29 INFO system Request processed successfully
2026-09-19 10:01:30 INFO system Request processed successfully
2026-09-19 10:01:31 ERROR model Model loading failed
2026-09-19 10:01:32 INFO system Request processed successfully
2026-09-19 10:01:33 INFO system Request processed successfully
2026-09-19 10:01:34 INFO system Request processed successfully
2026-09-19 10:01:35 INFO system Request processed successfully
2026-09-19 10:01:36 INFO system Request processed successfully
2026-09-19 10:01:37 INFO system Request processed successfully
2026-09-19 10:01:38 INFO system Request processed successfully
2026-09-19 10:01:39 INFO system Request processed successfully
2026-09-19 10:01:40 WARN database Query response slow
2026-09-19 10:01:41 INFO system Request processed successfully
2026-09-19 10:01:42 INFO system Request processed successfully
2026-09-19 10:01:43 INFO system Request processed successfully
2026-09-19 10:01:44 INFO system Request processed successfully
2026-09-19 10:01:45 INFO system Request processed successfully
2026-09-19 10:01:46 INFO system Request processed successfully
2026-09-19 10:01:47 INFO system Request processed successfully
2026-09-19 10:01:48 INFO system Request processed successfully
2026-09-19 10:01:49 INFO system Request processed successfully
2026-09-19 10:01:50 INFO system Request processed successfully
2026-09-19 10:01:51 INFO system Request processed successfully
2026-09-19 10:01:52 INFO system Request processed successfully
2026-09-19 10:01:53 INFO system Request processed successfully
2026-09-19 10:01:54 INFO system Request processed successfully
2026-09-19 10:01:55 INFO system Request processed successfully
2026-09-19 10:01:56 INFO system Request processed successfully
2026-09-19 10:01:57 INFO system Request processed successfully
2026-09-19 10:01:58 INFO system Request processed successfully
2026-09-19 10:01:59 INFO system Request processed successfully
2026-09-19 10:01:00 INFO system Request processed successfully
2026-09-19 10:01:01 INFO system Request processed successfully
2026-09-19 10:01:02 INFO system Request processed successfully
2026-09-19 10:01:03 INFO system Request processed successfully
2026-09-19 10:01:04 WARN database Query response slow
2026-09-19 10:01:05 WARN database Query response slow
2026-09-19 10:01:06 INFO system Request processed successfully
2026-09-19 10:01:07 INFO system Request processed successfully
2026-09-19 10:01:08 INFO system Request processed successfully
2026-09-19 10:01:09 INFO system Request processed successfully
2026-09-19 10:01:10 ERROR model Model loading failed
2026-09-19 10:01:11 INFO system Request processed successfully
2026-09-19 10:01:12 INFO system Request processed successfully
2026-09-19 10:01:13 WARN database Query response slow
2026-09-19 10:01:14 INFO system Request processed successfully
2026-09-19 10:01:15 INFO system Request processed successfully
2026-09-19 10:01:16 INFO system Request processed successfully
2026-09-19 10:01:17 INFO system Request processed successfully
2026-09-19 10:01:18 WARN database Query response slow
2026-09-19 10:01:19 INFO system Request processed successfully
2026-09-19 10:01:20 INFO system Request processed successfully
2026-09-19 10:01:21 INFO system Request processed successfully
2026-09-19 10:01:22 WARN database Query response slow
2026-09-19 10:01:23 INFO system Request processed successfully
2026-09-19 10:01:24 INFO system Request processed successfully
2026-09-19 10:01:25 WARN database Query response slow
2026-09-19 10:01:26 INFO system Request processed successfully
2026-09-19 10:01:27 INFO system Request processed successfully
2026-09-19 10:01:28 INFO system Request processed successfully
2026-09-19 10:01:29 INFO system Request processed successfully
2026-09-19 10:01:30 INFO system Request processed successfully
2026-09-19 10:01:31 ERROR model Model loading failed
2026-09-19 10:01:32 WARN database Query response slow
2026-09-19 10:01:33 INFO system Request processed successfully
2026-09-19 10:01:34 WARN database Query response slow
2026-09-19 10:01:35 INFO system Request processed successfully
2026-09-19 10:01:36 INFO system Request processed successfully
2026-09-19 10:01:37 INFO system Request processed successfully
2026-09-19 10:01:38 INFO system Request processed successfully
2026-09-19 10:01:39 INFO system Request processed successfully
2026-09-19 10:01:40 INFO system Request processed successfully
2026-09-19 10:01:41 INFO system Request processed successfully
2026-09-19 10:01:42 INFO system Request processed successfully
2026-09-19 10:01:43 WARN database Query response slow
2026-09-19 10:01:44 INFO system Request processed successfully
2026-09-19 10:01:45 INFO system Request processed successfully
2026-09-19 10:01:46 ERROR model Model loading failed
2026-09-19 10:01:47 INFO system Request processed successfully
2026-09-19 10:01:48 WARN database Query response slow
2026-09-19 10:01:49 INFO system Request processed successfully
2026-09-19 10:01:50 INFO system Request processed successfully
2026-09-19 10:01:51 INFO system Request processed successfully
2026-09-19 10:01:52 INFO system Request processed successfully
2026-09-19 10:01:53 WARN database Query response slow
2026-09-19 10:01:54 INFO system Request processed successfully
2026-09-19 10:01:55 INFO system Request processed successfully
2026-09-19 10:01:56 INFO system Request processed successfully
2026-09-19 10:01:57 INFO system Request processed successfully
2026-09-19 10:01:58 INFO system Request processed successfully
2026-09-19 10:01:59 INFO system Request processed successfully
2026-09-19 10:01:00 INFO system Request processed successfully
2026-09-19 10:01:01 INFO system Request processed successfully
2026-09-19 10:01:02 INFO system Request processed successfully
2026-09-19 10:01:03 INFO system Request processed successfully
2026-09-19 10:01:04 INFO system Request processed successfully
2026-09-19 10:01:05 INFO system Request processed successfully
2026-09-19 10:01:06 INFO system Request processed successfully
2026-09-19 10:01:07 INFO system Request processed successfully
2026-09-19 10:01:08 INFO system Request processed successfully
2026-09-19 10:01:09 INFO system Request processed successfully
2026-09-19 10:01:10 INFO system Request processed successfully
2026-09-19 10:01:11 INFO system Request processed successfully
2026-09-19 10:01:12 INFO system Request processed successfully
2026-09-19 10:01:13 INFO system Request processed successfully
2026-09-19 10:01:14 INFO system Request processed successfully
2026-09-19 10:01:15 INFO system Request processed successfully
2026-09-19 10:01:16 INFO system Request processed successfully
2026-09-19 10:01:17 INFO system Request processed successfully
2026-09-19 10:01:18 INFO system Request processed successfully
2026-09-19 10:01:19 INFO system Request processed successfully
2026-09-19 10:01:20 INFO system Request processed successfully
2026-09-19 10:01:21 INFO system Request processed successfully
2026-09-19 10:01:22 WARN database Query response slow
2026-09-19 10:01:23 INFO system Request processed successfully
2026-09-19 10:01:24 INFO system Request processed successfully
2026-09-19 10:01:25 INFO system Request processed successfully
2026-09-19 10:01:26 INFO system Request processed successfully
2026-09-19 10:01:27 WARN database Query response slow
2026-09-19 10:01:28 INFO system Request processed successfully
2026-09-19 10:01:29 INFO system Request processed successfully
2026-09-19 10:01:30 WARN database Query response slow
2026-09-19 10:01:31 INFO system Request processed successfully
2026-09-19 10:01:32 INFO system Request processed successfully
2026-09-19 10:01:33 INFO system Request processed successfully
2026-09-19 10:01:34 INFO system Request processed successfully
2026-09-19 10:01:35 INFO system Request processed successfully
2026-09-19 10:01:36 INFO system Request processed successfully
2026-09-19 10:01:37 INFO system Request processed successfully
2026-09-19 10:01:38 INFO system Request processed successfully
2026-09-19 10:01:39 INFO system Request processed successfully
2026-09-19 10:01:40 WARN database Query response slow
2026-09-19 10:01:41 INFO system Request processed successfully
2026-09-19 10:01:42 INFO system Request processed successfully
2026-09-19 10:01:43 WARN database Query response slow
2026-09-19 10:01:44 INFO system Request processed successfully
2026-09-19 10:01:45 INFO system Request processed successfully
2026-09-19 10:01:46 WARN database Query response slow
2026-09-19 10:01:47 ERROR auth Authentication failed
2026-09-19 10:01:48 INFO system Request processed successfully
2026-09-19 10:01:49 INFO system Request processed successfully
2026-09-19 10:01:50 ERROR auth Authentication failed
2026-09-19 10:01:51 WARN database Query response slow
2026-09-19 10:01:52 INFO system Request processed successfully
2026-09-19 10:01:53 INFO system Request processed successfully
2026-09-19 10:01:54 INFO system Request processed successfully
2026-09-19 10:01:55 INFO system Request processed successfully
2026-09-19 10:01:56 INFO system Request processed successfully
2026-09-19 10:01:57 INFO system Request processed successfully
2026-09-19 10:01:58 INFO system Request processed successfully
2026-09-19 10:01:59 INFO system Request processed successfully
2026-09-19 10:01:00 INFO system Request processed successfully
2026-09-19 10:01:01 INFO system Request processed successfully
2026-09-19 10:01:02 INFO system Request processed successfully
2026-09-19 10:01:03 WARN database Query response slow
2026-09-19 10:01:04 WARN database Query response slow
2026-09-19 10:01:05 INFO system Request processed successfully
2026-09-19 10:01:06 ERROR database Connection timeout
2026-09-19 10:01:07 INFO system Request processed successfully
2026-09-19 10:01:08 INFO system Request processed successfully
2026-09-19 10:01:09 INFO system Request processed successfully
2026-09-19 10:01:10 INFO system Request processed successfully
2026-09-19 10:01:11 INFO system Request processed successfully
2026-09-19 10:01:12 INFO system Request processed successfully
2026-09-19 10:01:13 INFO system Request processed successfully
2026-09-19 10:01:14 INFO system Request processed successfully
2026-09-19 10:01:15 INFO system Request processed successfully
2026-09-19 10:01:16 INFO system Request processed successfully
2026-09-19 10:01:17 INFO system Request processed successfully
2026-09-19 10:01:18 INFO system Request processed successfully
2026-09-19 10:01:19 INFO system Request processed successfully
2026-09-19 10:01:20 INFO system Request processed successfully
2026-09-19 10:01:21 INFO system Request processed successfully
2026-09-19 10:01:22 INFO system Request processed successfully
2026-09-19 10:01:23 INFO system Request processed successfully
2026-09-19 10:01:24 INFO system Request processed successfully
2026-09-19 10:01:25 INFO system Request processed successfully
2026-09-19 10:01:26 INFO system Request processed successfully
2026-09-19 10:01:27 INFO system Request processed successfully
2026-09-19 10:01:28 ERROR model Model loading failed
2026-09-19 10:01:29 WARN database Query response slow
2026-09-19 10:01:30 INFO system Request processed successfully
2026-09-19 10:01:31 WARN database Query response slow
2026-09-19 10:01:32 INFO system Request processed successfully
2026-09-19 10:01:33 ERROR database Connection timeout
2026-09-19 10:01:34 INFO system Request processed successfully
2026-09-19 10:01:35 WARN database Query response slow
2026-09-19 10:01:36 INFO system Request processed successfully
2026-09-19 10:01:37 INFO system Request processed successfully
2026-09-19 10:01:38 WARN database Query response slow
2026-09-19 10:01:39 WARN database Query response slow
2026-09-19 10:01:40 INFO system Request processed successfully
2026-09-19 10:01:41 INFO system Request processed successfully
2026-09-19 10:01:42 WARN database Query response slow
2026-09-19 10:01:43 INFO system Request processed successfully
2026-09-19 10:01:44 INFO system Request processed successfully
2026-09-19 10:01:45 INFO system Request processed successfully
2026-09-19 10:01:46 INFO system Request processed successfully
2026-09-19 10:01:47 INFO system Request processed successfully
2026-09-19 10:01:48 INFO system Request processed successfully
2026-09-19 10:01:49 INFO system Request processed successfully
2026-09-19 10:01:50 WARN database Query response slow
2026-09-19 10:01:51 INFO system Request processed successfully
2026-09-19 10:01:52 INFO system Request processed successfully
2026-09-19 10:01:53 INFO system Request processed successfully
2026-09-19 10:01:54 INFO system Request processed successfully
2026-09-19 10:01:55 WARN database Query response slow
2026-09-19 10:01:56 INFO system Request processed successfully
2026-09-19 10:01:57 INFO system Request processed successfully
2026-09-19 10:01:58 INFO system Request processed successfully
2026-09-19 10:01:59 INFO system Request processed successfully
2026-09-19 10:01:00 WARN database Query response slow
2026-09-19 10:01:01 INFO system Request processed successfully
2026-09-19 10:01:02 INFO system Request processed successfully
2026-09-19 10:01:03 INFO system Request processed successfully
2026-09-19 10:01:04 INFO system Request processed successfully
2026-09-19 10:01:05 INFO system Request processed successfully
2026-09-19 10:01:06 INFO system Request processed successfully
2026-09-19 10:01:07 INFO system Request processed successfully
2026-09-19 10:01:08 INFO system Request processed successfully
2026-09-19 10:01:09 INFO system Request processed successfully
2026-09-19 10:01:10 INFO system Request processed successfully
2026-09-19 10:01:11 WARN database Query response slow
2026-09-19 10:01:12 INFO system Request processed successfully
2026-09-19 10:01:13 INFO system Request processed successfully
2026-09-19 10:01:14 INFO system Request processed successfully
2026-09-19 10:01:15 INFO system Request processed successfully
2026-09-19 10:01:16 INFO system Request processed successfully
2026-09-19 10:01:17 WARN database Query response slow
2026-09-19 10:01:18 INFO system Request processed successfully
2026-09-19 10:01:19 WARN database Query response slow
2026-09-19 10:01:20 INFO system Request processed successfully
2026-09-19 10:01:21 INFO system Request processed successfully
2026-09-19 10:01:22 INFO system Request processed successfully
2026-09-19 10:01:23 INFO system Request processed successfully
2026-09-19 10:01:24 INFO system Request processed successfully
2026-09-19 10:01:25 INFO system Request processed successfully
2026-09-19 10:01:26 INFO system Request processed successfully
2026-09-19 10:01:27 INFO system Request processed successfully
2026-09-19 10:01:28 INFO system Request processed successfully
2026-09-19 10:01:29 INFO system Request processed successfully
2026-09-19 10:01:30 INFO system Request processed successfully
2026-09-19 10:01:31 INFO system Request processed successfully
2026-09-19 10:01:32 INFO system Request processed successfully
2026-09-19 10:01:33 INFO system Request processed successfully
2026-09-19 10:01:34 INFO system Request processed successfully
2026-09-19 10:01:35 INFO system Request processed successfully
2026-09-19 10:01:36 INFO system Request processed successfully
2026-09-19 10:01:37 INFO system Request processed successfully
2026-09-19 10:01:38 INFO system Request processed successfully
2026-09-19 10:01:39 ERROR database Connection timeout
2026-09-19 10:01:40 INFO system Request processed successfully
2026-09-19 10:01:41 INFO system Request processed successfully
2026-09-19 10:01:42 INFO system Request processed successfully
2026-09-19 10:01:43 INFO system Request processed successfully
2026-09-19 10:01:44 INFO system Request processed successfully
2026-09-19 10:01:45 ERROR database Connection timeout
2026-09-19 10:01:46 WARN database Query response slow
2026-09-19 10:01:47 INFO system Request processed successfully
2026-09-19 10:01:48 INFO system Request processed successfully
2026-09-19 10:01:49 INFO system Request processed successfully
2026-09-19 10:01:50 INFO system Request processed successfully
2026-09-19 10:01:51 INFO system Request processed successfully
2026-09-19 10:01:52 INFO system Request processed successfully
2026-09-19 10:01:53 INFO system Request processed successfully
2026-09-19 10:01:54 WARN database Query response slow
2026-09-19 10:01:55 INFO system Request processed successfully
2026-09-19 10:01:56 WARN database Query response slow
2026-09-19 10:01:57 WARN database Query response slow
2026-09-19 10:01:58 INFO system Request processed successfully
2026-09-19 10:01:59 INFO system Request processed successfully
2026-09-19 10:01:00 INFO system Request processed successfully
2026-09-19 10:01:01 INFO system Request processed successfully
2026-09-19 10:01:02 INFO system Request processed successfully
2026-09-19 10:01:03 INFO system Request processed successfully
2026-09-19 10:01:04 INFO system Request processed successfully
2026-09-19 10:01:05 INFO system Request processed successfully
2026-09-19 10:01:06 INFO system Request processed successfully
2026-09-19 10:01:07 INFO system Request processed successfully
2026-09-19 10:01:08 INFO system Request processed successfully
2026-09-19 10:01:09 INFO system Request processed successfully
2026-09-19 10:01:10 INFO system Request processed successfully
2026-09-19 10:01:11 INFO system Request processed successfully
2026-09-19 10:01:12 INFO system Request processed successfully
2026-09-19 10:01:13 INFO system Request processed successfully
2026-09-19 10:01:14 INFO system Request processed successfully
2026-09-19 10:01:15 INFO system Request processed successfully
2026-09-19 10:01:16 INFO system Request processed successfully
2026-09-19 10:01:17 INFO system Request processed successfully
2026-09-19 10:01:18 INFO system Request processed successfully
2026-09-19 10:01:19 INFO system Request processed successfully
2026-09-19 10:01:20 INFO system Request processed successfully
2026-09-19 10:01:21 INFO system Request processed successfully
2026-09-19 10:01:22 INFO system Request processed successfully
2026-09-19 10:01:23 INFO system Request processed successfully
2026-09-19 10:01:24 WARN database Query response slow
2026-09-19 10:01:25 INFO system Request processed successfully
2026-09-19 10:01:26 WARN database Query response slow
2026-09-19 10:01:27 INFO system Request processed successfully
2026-09-19 10:01:28 INFO system Request processed successfully
2026-09-19 10:01:29 INFO system Request processed successfully
2026-09-19 10:01:30 INFO system Request processed successfully
2026-09-19 10:01:31 WARN database Query response slow
2026-09-19 10:01:32 INFO system Request processed successfully
2026-09-19 10:01:33 INFO system Request processed successfully
2026-09-19 10:01:34 INFO system Request processed successfully
2026-09-19 10:01:35 INFO system Request processed successfully
2026-09-19 10:01:36 WARN database Query response slow
2026-09-19 10:01:37 INFO system Request processed successfully
2026-09-19 10:01:38 WARN database Query response slow
2026-09-19 10:01:39 INFO system Request processed successfully
2026-09-19 10:01:40 ERROR model Model loading failed
2026-09-19 10:01:41 INFO system Request processed successfully
2026-09-19 10:01:42 INFO system Request processed successfully
2026-09-19 10:01:43 INFO system Request processed successfully
2026-09-19 10:01:44 INFO system Request processed successfully
2026-09-19 10:01:45 INFO system Request processed successfully
2026-09-19 10:01:46 INFO system Request processed successfully
2026-09-19 10:01:47 INFO system Request processed successfully
2026-09-19 10:01:48 INFO system Request processed successfully
2026-09-19 10:01:49 WARN database Query response slow
2026-09-19 10:01:50 INFO system Request processed successfully
2026-09-19 10:01:51 WARN database Query response slow
2026-09-19 10:01:52 INFO system Request processed successfully
2026-09-19 10:01:53 INFO system Request processed successfully
2026-09-19 10:01:54 INFO system Request processed successfully
2026-09-19 10:01:55 INFO system Request processed successfully
2026-09-19 10:01:56 WARN database Query response slow
2026-09-19 10:01:57 WARN database Query response slow
2026-09-19 10:01:58 INFO system Request processed successfully
2026-09-19 10:01:59 INFO system Request processed successfully
2026-09-19 10:01:00 INFO system Request processed successfully
2026-09-19 10:01:01 INFO system Request processed successfully
2026-09-19 10:01:02 INFO system Request processed successfully
2026-09-19 10:01:03 WARN database Query response slow
2026-09-19 10:01:04 INFO system Request processed successfully
2026-09-19 10:01:05 INFO system Request processed successfully
2026-09-19 10:01:06 INFO system Request processed successfully
2026-09-19 10:01:07 INFO system Request processed successfully
2026-09-19 10:01:08 WARN database Query response slow
2026-09-19 10:01:09 INFO system Request processed successfully
2026-09-19 10:01:10 INFO system Request processed successfully
2026-09-19 10:01:11 ERROR auth Authentication failed
2026-09-19 10:01:12 INFO system Request processed successfully
2026-09-19 10:01:13 INFO system Request processed successfully
2026-09-19 10:01:14 INFO system Request processed successfully
2026-09-19 10:01:15 INFO system Request processed successfully
2026-09-19 10:01:16 INFO system Request processed successfully
2026-09-19 10:01:17 INFO system Request processed successfully
2026-09-19 10:01:18 INFO system Request processed successfully
2026-09-19 10:01:19 WARN database Query response slow
2026-09-19 10:01:20 INFO system Request processed successfully
2026-09-19 10:01:21 INFO system Request processed successfully
2026-09-19 10:01:22 INFO system Request processed successfully
2026-09-19 10:01:23 INFO system Request processed successfully
2026-09-19 10:01:24 INFO system Request processed successfully
2026-09-19 10:01:25 INFO system Request processed successfully
2026-09-19 10:01:26 INFO system Request processed successfully
2026-09-19 10:01:27 INFO system Request processed successfully
2026-09-19 10:01:28 WARN database Query response slow
2026-09-19 10:01:29 INFO system Request processed successfully
2026-09-19 10:01:30 INFO system Request processed successfully
2026-09-19 10:01:31 INFO system Request processed successfully
2026-09-19 10:01:32 INFO system Request processed successfully
2026-09-19 10:01:33 WARN database Query response slow
2026-09-19 10:01:34 INFO system Request processed successfully
2026-09-19 10:01:35 INFO system Request processed successfully
2026-09-19 10:01:36 WARN database Query response slow
2026-09-19 10:01:37 WARN database Query response slow
2026-09-19 10:01:38 INFO system Request processed successfully
2026-09-19 10:01:39 INFO system Request processed successfully
2026-09-19 10:01:40 INFO system Request processed successfully
2026-09-19 10:01:41 INFO system Request processed successfully
2026-09-19 10:01:42 INFO system Request processed successfully
2026-09-19 10:01:43 INFO system Request processed successfully
2026-09-19 10:01:44 INFO system Request processed successfully
2026-09-19 10:01:45 INFO system Request processed successfully
2026-09-19 10:01:46 INFO system Request processed successfully
2026-09-19 10:01:47 INFO system Request processed successfully
2026-09-19 10:01:48 WARN database Query response slow
2026-09-19 10:01:49 INFO system Request processed successfully
2026-09-19 10:01:50 INFO system Request processed successfully
2026-09-19 10:01:51 INFO system Request processed successfully
2026-09-19 10:01:52 INFO system Request processed successfully
2026-09-19 10:01:53 WARN database Query response slow
2026-09-19 10:01:54 INFO system Request processed successfully
2026-09-19 10:01:55 WARN database Query response slow
2026-09-19 10:01:56 INFO system Request processed successfully
2026-09-19 10:01:57 INFO system Request processed successfully
2026-09-19 10:01:58 INFO system Request processed successfully
2026-09-19 10:01:59 INFO system Request processed successfully
2026-09-19 10:01:00 WARN database Query response slow
2026-09-19 10:01:01 INFO system Request processed successfully
2026-09-19 10:01:02 INFO system Request processed successfully
2026-09-19 10:01:03 INFO system Request processed successfully
2026-09-19 10:01:04 WARN database Query response slow
2026-09-19 10:01:05 INFO system Request processed successfully
2026-09-19 10:01:06 INFO system Request processed successfully
2026-09-19 10:01:07 INFO system Request processed successfully
2026-09-19 10:01:08 ERROR auth Authentication failed
2026-09-19 10:01:09 ERROR database Connection timeout
2026-09-19 10:01:10 INFO system Request processed successfully
2026-09-19 10:01:11 INFO system Request processed successfully
2026-09-19 10:01:12 INFO system Request processed successfully
2026-09-19 10:01:13 INFO system Request processed successfully
2026-09-19 10:01:14 WARN database Query response slow
2026-09-19 10:01:15 WARN database Query response slow
2026-09-19 10:01:16 INFO system Request processed successfully
2026-09-19 10:01:17 INFO system Request processed successfully
2026-09-19 10:01:18 INFO system Request processed successfully
2026-09-19 10:01:19 INFO system Request processed successfully
2026-09-19 10:01:20 WARN database Query response slow
2026-09-19 10:01:21 ERROR database Connection timeout
2026-09-19 10:01:22 WARN database Query response slow
2026-09-19 10:01:23 INFO system Request processed successfully
2026-09-19 10:01:24 INFO system Request processed successfully
2026-09-19 10:01:25 WARN database Query response slow
2026-09-19 10:01:26 INFO system Request processed successfully
2026-09-19 10:01:27 INFO system Request processed successfully
2026-09-19 10:01:28 INFO system Request processed successfully
2026-09-19 10:01:29 INFO system Request processed successfully
2026-09-19 10:01:30 INFO system Request processed successfully
2026-09-19 10:01:31 WARN database Query response slow
2026-09-19 10:01:32 INFO system Request processed successfully
2026-09-19 10:01:33 INFO system Request processed successfully
2026-09-19 10:01:34 INFO system Request processed successfully
2026-09-19 10:01:35 INFO system Request processed successfully
2026-09-19 10:01:36 WARN database Query response slow
2026-09-19 10:01:37 WARN database Query response slow
2026-09-19 10:01:38 INFO system Request processed successfully
2026-09-19 10:01:39 INFO system Request processed successfully
2026-09-19 10:01:40 INFO system Request processed successfully
2026-09-19 10:01:41 INFO system Request processed successfully
2026-09-19 10:01:42 INFO system Request processed successfully
2026-09-19 10:01:43 INFO system Request processed successfully
2026-09-19 10:01:44 INFO system Request processed successfully
2026-09-19 10:01:45 INFO system Request processed successfully
2026-09-19 10:01:46 INFO system Request processed successfully
2026-09-19 10:01:47 INFO system Request processed successfully
2026-09-19 10:01:48 INFO system Request processed successfully
2026-09-19 10:01:49 WARN database Query response slow
2026-09-19 10:01:50 INFO system Request processed successfully
2026-09-19 10:01:51 WARN database Query response slow
2026-09-19 10:01:52 WARN database Query response slow
2026-09-19 10:01:53 INFO system Request processed successfully
2026-09-19 10:01:54 INFO system Request processed successfully
2026-09-19 10:01:55 INFO system Request processed successfully
2026-09-19 10:01:56 INFO system Request processed successfully
2026-09-19 10:01:57 INFO system Request processed successfully
2026-09-19 10:01:58 INFO system Request processed successfully
2026-09-19 10:01:59 WARN database Query response slow
2026-09-19 10:01:00 INFO system Request processed successfully
2026-09-19 10:01:01 INFO system Request processed successfully
2026-09-19 10:01:02 ERROR auth Authentication failed
2026-09-19 10:01:03 INFO system Request processed successfully
2026-09-19 10:01:04 INFO system Request processed successfully
2026-09-19 10:01:05 INFO system Request processed successfully
2026-09-19 10:01:06 WARN database Query response slow
2026-09-19 10:01:07 INFO system Request processed successfully
2026-09-19 10:01:08 INFO system Request processed successfully
2026-09-19 10:01:09 WARN database Query response slow
2026-09-19 10:01:10 ERROR model Model loading failed
2026-09-19 10:01:11 INFO system Request processed successfully
2026-09-19 10:01:12 INFO system Request processed successfully
2026-09-19 10:01:13 INFO system Request processed successfully
2026-09-19 10:01:14 INFO system Request processed successfully
2026-09-19 10:01:15 INFO system Request processed successfully
2026-09-19 10:01:16 INFO system Request processed successfully
2026-09-19 10:01:17 INFO system Request processed successfully
2026-09-19 10:01:18 INFO system Request processed successfully
2026-09-19 10:01:19 INFO system Request processed successfully
2026-09-19 10:01:20 INFO system Request processed successfully
2026-09-19 10:01:21 INFO system Request processed successfully
2026-09-19 10:01:22 WARN database Query response slow
2026-09-19 10:01:23 INFO system Request processed successfully
2026-09-19 10:01:24 INFO system Request processed successfully
2026-09-19 10:01:25 INFO system Request processed successfully
2026-09-19 10:01:26 INFO system Request processed successfully
2026-09-19 10:01:27 INFO system Request processed successfully
2026-09-19 10:01:28 INFO system Request processed successfully
2026-09-19 10:01:29 INFO system Request processed successfully
2026-09-19 10:01:30 INFO system Request processed successfully
2026-09-19 10:01:31 INFO system Request processed successfully
2026-09-19 10:01:32 INFO system Request processed successfully
2026-09-19 10:01:33 WARN database Query response slow
2026-09-19 10:01:34 INFO system Request processed successfully
2026-09-19 10:01:35 INFO system Request processed successfully
2026-09-19 10:01:36 INFO system Request processed successfully
2026-09-19 10:01:37 INFO system Request processed successfully
2026-09-19 10:01:38 INFO system Request processed successfully
2026-09-19 10:01:39 INFO system Request processed successfully
2026-09-19 10:01:40 WARN database Query response slow
2026-09-19 10:01:41 INFO system Request processed successfully
2026-09-19 10:01:42 WARN database Query response slow
2026-09-19 10:01:43 WARN database Query response slow
2026-09-19 10:01:44 INFO system Request processed successfully
2026-09-19 10:01:45 WARN database Query response slow
2026-09-19 10:01:46 INFO system Request processed successfully
2026-09-19 10:01:47 INFO system Request processed successfully
2026-09-19 10:01:48 INFO system Request processed successfully
2026-09-19 10:01:49 INFO system Request processed successfully
2026-09-19 10:01:50 INFO system Request processed successfully
2026-09-19 10:01:51 INFO system Request processed successfully
2026-09-19 10:01:52 ERROR model Model loading failed
2026-09-19 10:01:53 ERROR auth Authentication failed
2026-09-19 10:01:54 WARN database Query response slow
2026-09-19 10:01:55 INFO system Request processed successfully
2026-09-19 10:01:56 INFO system Request processed successfully
2026-09-19 10:01:57 ERROR database Connection timeout
2026-09-19 10:01:58 INFO system Request processed successfully
2026-09-19 10:01:59 INFO system Request processed successfully
2026-09-19 10:01:00 INFO system Request processed successfully
2026-09-19 10:01:01 INFO system Request processed successfully
2026-09-19 10:01:02 INFO system Request processed successfully
2026-09-19 10:01:03 WARN database Query response slow
2026-09-19 10:01:04 INFO system Request processed successfully
2026-09-19 10:01:05 INFO system Request processed successfully
2026-09-19 10:01:06 WARN database Query response slow
2026-09-19 10:01:07 INFO system Request processed successfully
2026-09-19 10:01:08 WARN database Query response slow
2026-09-19 10:01:09 INFO system Request processed successfully
2026-09-19 10:01:10 INFO system Request processed successfully
2026-09-19 10:01:11 WARN database Query response slow
2026-09-19 10:01:12 ERROR database Connection timeout
2026-09-19 10:01:13 WARN database Query response slow
2026-09-19 10:01:14 INFO system Request processed successfully
2026-09-19 10:01:15 INFO system Request processed successfully
2026-09-19 10:01:16 INFO system Request processed successfully
2026-09-19 10:01:17 INFO system Request processed successfully
2026-09-19 10:01:18 INFO system Request processed successfully
2026-09-19 10:01:19 INFO system Request processed successfully
2026-09-19 10:01:20 INFO system Request processed successfully
2026-09-19 10:01:21 ERROR database Connection timeout
2026-09-19 10:01:22 INFO system Request processed successfully
2026-09-19 10:01:23 INFO system Request processed successfully
2026-09-19 10:01:24 INFO system Request processed successfully
2026-09-19 10:01:25 INFO system Request processed successfully
2026-09-19 10:01:26 WARN database Query response slow
2026-09-19 10:01:27 INFO system Request processed successfully
2026-09-19 10:01:28 INFO system Request processed successfully
2026-09-19 10:01:29 WARN database Query response slow
2026-09-19 10:01:30 INFO system Request processed successfully
2026-09-19 10:01:31 INFO system Request processed successfully
2026-09-19 10:01:32 INFO system Request processed successfully
2026-09-19 10:01:33 INFO system Request processed successfully
2026-09-19 10:01:34 ERROR model Model loading failed
2026-09-19 10:01:35 INFO system Request processed successfully
2026-09-19 10:01:36 WARN database Query response slow
2026-09-19 10:01:37 INFO system Request processed successfully
2026-09-19 10:01:38 INFO system Request processed successfully
2026-09-19 10:01:39 INFO system Request processed successfully
2026-09-19 10:01:40 INFO system Request processed successfully
2026-09-19 10:01:41 INFO system Request processed successfully
2026-09-19 10:01:42 INFO system Request processed successfully
2026-09-19 10:01:43 INFO system Request processed successfully
2026-09-19 10:01:44 INFO system Request processed successfully
2026-09-19 10:01:45 INFO system Request processed successfully
2026-09-19 10:01:46 INFO system Request processed successfully
2026-09-19 10:01:47 INFO system Request processed successfully
2026-09-19 10:01:48 INFO system Request processed successfully
2026-09-19 10:01:49 ERROR model Model loading failed
2026-09-19 10:01:50 INFO system Request processed successfully
2026-09-19 10:01:51 INFO system Request processed successfully
2026-09-19 10:01:52 INFO system Request processed successfully
2026-09-19 10:01:53 INFO system Request processed successfully
2026-09-19 10:01:54 INFO system Request processed successfully
2026-09-19 10:01:55 INFO system Request processed successfully
2026-09-19 10:01:56 WARN database Query response slow
2026-09-19 10:01:57 INFO system Request processed successfully
2026-09-19 10:01:58 INFO system Request processed successfully
2026-09-19 10:01:59 INFO system Request processed successfully
2026-09-19 10:01:00 INFO system Request processed successfully
2026-09-19 10:01:01 WARN database Query response slow
2026-09-19 10:01:02 INFO system Request processed successfully
2026-09-19 10:01:03 INFO system Request processed successfully
2026-09-19 10:01:04 WARN database Query response slow
2026-09-19 10:01:05 WARN database Query response slow
2026-09-19 10:01:06 INFO system Request processed successfully
2026-09-19 10:01:07 INFO system Request processed successfully
2026-09-19 10:01:08 INFO system Request processed successfully
2026-09-19 10:01:09 INFO system Request processed successfully
2026-09-19 10:01:10 INFO system Request processed successfully
2026-09-19 10:01:11 INFO system Request processed successfully
2026-09-19 10:01:12 INFO system Request processed successfully
2026-09-19 10:01:13 INFO system Request processed successfully
2026-09-19 10:01:14 INFO system Request processed successfully
2026-09-19 10:01:15 INFO system Request processed successfully
2026-09-19 10:01:16 INFO system Request processed successfully
2026-09-19 10:01:17 ERROR auth Authentication failed
2026-09-19 10:01:18 WARN database Query response slow
2026-09-19 10:01:19 INFO system Request processed successfully
2026-09-19 10:01:20 WARN database Query response slow
2026-09-19 10:01:21 INFO system Request processed successfully
2026-09-19 10:01:22 WARN database Query response slow
2026-09-19 10:01:23 INFO system Request processed successfully
2026-09-19 10:01:24 INFO system Request processed successfully
2026-09-19 10:01:25 INFO system Request processed successfully
2026-09-19 10:01:26 INFO system Request processed successfully
2026-09-19 10:01:27 INFO system Request processed successfully
2026-09-19 10:01:28 INFO system Request processed successfully
2026-09-19 10:01:29 INFO system Request processed successfully
2026-09-19 10:01:30 INFO system Request processed successfully
2026-09-19 10:01:31 INFO system Request processed successfully
2026-09-19 10:01:32 INFO system Request processed successfully
2026-09-19 10:01:33 INFO system Request processed successfully
2026-09-19 10:01:34 INFO system Request processed successfully
2026-09-19 10:01:35 WARN database Query response slow
2026-09-19 10:01:36 INFO system Request processed successfully
2026-09-19 10:01:37 WARN database Query response slow
2026-09-19 10:01:38 INFO system Request processed successfully
2026-09-19 10:01:39 INFO system Request processed successfully
2026-09-19 10:01:40 INFO system Request processed successfully
2026-09-19 10:01:41 INFO system Request processed successfully
2026-09-19 10:01:42 INFO system Request processed successfully
2026-09-19 10:01:43 INFO system Request processed successfully
2026-09-19 10:01:44 INFO system Request processed successfully
2026-09-19 10:01:45 INFO system Request processed successfully
2026-09-19 10:01:46 INFO system Request processed successfully
2026-09-19 10:01:47 INFO system Request processed successfully
2026-09-19 10:01:48 INFO system Request processed successfully
2026-09-19 10:01:49 INFO system Request processed successfully
2026-09-19 10:01:50 WARN database Query response slow
2026-09-19 10:01:51 WARN database Query response slow
2026-09-19 10:01:52 INFO system Request processed successfully
2026-09-19 10:01:53 INFO system Request processed successfully
2026-09-19 10:01:54 INFO system Request processed successfully
2026-09-19 10:01:55 INFO system Request processed successfully
2026-09-19 10:01:56 INFO system Request processed successfully
2026-09-19 10:01:57 INFO system Request processed successfully
2026-09-19 10:01:58 WARN database Query response slow
2026-09-19 10:01:59 INFO system Request processed successfully
2026-09-19 10:01:00 INFO system Request processed successfully
2026-09-19 10:01:01 INFO system Request processed successfully
2026-09-19 10:01:02 INFO system Request processed successfully
2026-09-19 10:01:03 INFO system Request processed successfully
2026-09-19 10:01:04 INFO system Request processed successfully
2026-09-19 10:01:05 ERROR auth Authentication failed
2026-09-19 10:01:06 INFO system Request processed successfully
2026-09-19 10:01:07 INFO system Request processed successfully
2026-09-19 10:01:08 INFO system Request processed successfully
2026-09-19 10:01:09 INFO system Request processed successfully
2026-09-19 10:01:10 WARN database Query response slow
2026-09-19 10:01:11 INFO system Request processed successfully
2026-09-19 10:01:12 INFO system Request processed successfully
2026-09-19 10:01:13 INFO system Request processed successfully
2026-09-19 10:01:14 INFO system Request processed successfully
2026-09-19 10:01:15 INFO system Request processed successfully
2026-09-19 10:01:16 INFO system Request processed successfully
2026-09-19 10:01:17 INFO system Request processed successfully
2026-09-19 10:01:18 INFO system Request processed successfully
2026-09-19 10:01:19 INFO system Request processed successfully
2026-09-19 10:01:20 INFO system Request processed successfully
2026-09-19 10:01:21 INFO system Request processed successfully
2026-09-19 10:01:22 ERROR model Model loading failed
2026-09-19 10:01:23 WARN database Query response slow
2026-09-19 10:01:24 INFO system Request processed successfully
2026-09-19 10:01:25 INFO system Request processed successfully
2026-09-19 10:01:26 INFO system Request processed successfully
2026-09-19 10:01:27 INFO system Request processed successfully
2026-09-19 10:01:28 WARN database Query response slow
2026-09-19 10:01:29 INFO system Request processed successfully
2026-09-19 10:01:30 INFO system Request processed successfully
2026-09-19 10:01:31 INFO system Request processed successfully
2026-09-19 10:01:32 INFO system Request processed successfully
2026-09-19 10:01:33 INFO system Request processed successfully
2026-09-19 10:01:34 INFO system Request processed successfully
2026-09-19 10:01:35 INFO system Request processed successfully
2026-09-19 10:01:36 WARN database Query response slow
2026-09-19 10:01:37 INFO system Request processed successfully
2026-09-19 10:01:38 INFO system Request processed successfully
2026-09-19 10:01:39 WARN database Query response slow
2026-09-19 10:01:40 ERROR model Model loading failed
2026-09-19 10:01:41 INFO system Request processed successfully
2026-09-19 10:01:42 WARN database Query response slow
2026-09-19 10:01:43 INFO system Request processed successfully
2026-09-19 10:01:44 INFO system Request processed successfully
2026-09-19 10:01:45 INFO system Request processed successfully
2026-09-19 10:01:46 INFO system Request processed successfully
2026-09-19 10:01:47 INFO system Request processed successfully
2026-09-19 10:01:48 ERROR database Connection timeout
2026-09-19 10:01:49 INFO system Request processed successfully
2026-09-19 10:01:50 INFO system Request processed successfully
2026-09-19 10:01:51 INFO system Request processed successfully
2026-09-19 10:01:52 INFO system Request processed successfully
2026-09-19 10:01:53 INFO system Request processed successfully
2026-09-19 10:01:54 ERROR database Connection timeout
2026-09-19 10:01:55 INFO system Request processed successfully
2026-09-19 10:01:56 WARN database Query response slow
2026-09-19 10:01:57 INFO system Request processed successfully
2026-09-19 10:01:58 INFO system Request processed successfully
2026-09-19 10:01:59 INFO system Request processed successfully
2026-09-19 10:01:00 INFO system Request processed successfully
2026-09-19 10:01:01 INFO system Request processed successfully
2026-09-19 10:01:02 INFO system Request processed successfully
2026-09-19 10:01:03 INFO system Request processed successfully
2026-09-19 10:01:04 WARN database Query response slow
2026-09-19 10:01:05 INFO system Request processed successfully
2026-09-19 10:01:06 INFO system Request processed successfully
2026-09-19 10:01:07 INFO system Request processed successfully
2026-09-19 10:01:08 INFO system Request processed successfully
2026-09-19 10:01:09 INFO system Request processed successfully
2026-09-19 10:01:10 INFO system Request processed successfully
2026-09-19 10:01:11 INFO system Request processed successfully
2026-09-19 10:01:12 INFO system Request processed successfully
2026-09-19 10:01:13 INFO system Request processed successfully
2026-09-19 10:01:14 INFO system Request processed successfully
2026-09-19 10:01:15 WARN database Query response slow
2026-09-19 10:01:16 INFO system Request processed successfully
2026-09-19 10:01:17 INFO system Request processed successfully
2026-09-19 10:01:18 INFO system Request processed successfully
2026-09-19 10:01:19 INFO system Request processed successfully
2026-09-19 10:01:20 INFO system Request processed successfully
2026-09-19 10:01:21 INFO system Request processed successfully
2026-09-19 10:01:22 INFO system Request processed successfully
2026-09-19 10:01:23 INFO system Request processed successfully
2026-09-19 10:01:24 INFO system Request processed successfully
2026-09-19 10:01:25 INFO system Request processed successfully
2026-09-19 10:01:26 WARN database Query response slow
2026-09-19 10:01:27 WARN database Query response slow
2026-09-19 10:01:28 INFO system Request processed successfully
2026-09-19 10:01:29 ERROR auth Authentication failed
2026-09-19 10:01:30 INFO system Request processed successfully
2026-09-19 10:01:31 INFO system Request processed successfully
2026-09-19 10:01:32 INFO system Request processed successfully
2026-09-19 10:01:33 INFO system Request processed successfully
2026-09-19 10:01:34 WARN database Query response slow
2026-09-19 10:01:35 INFO system Request processed successfully
2026-09-19 10:01:36 INFO system Request processed successfully
2026-09-19 10:01:37 INFO system Request processed successfully
2026-09-19 10:01:38 INFO system Request processed successfully
2026-09-19 10:01:39 INFO system Request processed successfully
2026-09-19 10:01:40 ERROR model Model loading failed
2026-09-19 10:01:41 INFO system Request processed successfully
2026-09-19 10:01:42 INFO system Request processed successfully
2026-09-19 10:01:43 INFO system Request processed successfully
2026-09-19 10:01:44 INFO system Request processed successfully
2026-09-19 10:01:45 INFO system Request processed successfully
2026-09-19 10:01:46 INFO system Request processed successfully
2026-09-19 10:01:47 INFO system Request processed successfully
2026-09-19 10:01:48 INFO system Request processed successfully
2026-09-19 10:01:49 ERROR model Model loading failed
2026-09-19 10:01:50 INFO system Request processed successfully
2026-09-19 10:01:51 INFO system Request processed successfully
2026-09-19 10:01:52 INFO system Request processed successfully
2026-09-19 10:01:53 INFO system Request processed successfully
2026-09-19 10:01:54 INFO system Request processed successfully
2026-09-19 10:01:55 INFO system Request processed successfully
2026-09-19 10:01:56 INFO system Request processed successfully
2026-09-19 10:01:57 INFO system Request processed successfully
2026-09-19 10:01:58 INFO system Request processed successfully
2026-09-19 10:01:59 INFO system Request processed successfully
2026-09-19 10:01:00 INFO system Request processed successfully
2026-09-19 10:01:01 INFO system Request processed successfully
2026-09-19 10:01:02 INFO system Request processed successfully
2026-09-19 10:01:03 INFO system Request processed successfully
2026-09-19 10:01:04 WARN database Query response slow
2026-09-19 10:01:05 INFO system Request processed successfully
2026-09-19 10:01:06 WARN database Query response slow
2026-09-19 10:01:07 WARN database Query response slow
2026-09-19 10:01:08 INFO system Request processed successfully
2026-09-19 10:01:09 INFO system Request processed successfully
2026-09-19 10:01:10 INFO system Request processed successfully
2026-09-19 10:01:11 INFO system Request processed successfully
2026-09-19 10:01:12 WARN database Query response slow
2026-09-19 10:01:13 WARN database Query response slow
2026-09-19 10:01:14 WARN database Query response slow
2026-09-19 10:01:15 INFO system Request processed successfully
2026-09-19 10:01:16 ERROR model Model loading failed
2026-09-19 10:01:17 WARN database Query response slow
2026-09-19 10:01:18 INFO system Request processed successfully
2026-09-19 10:01:19 INFO system Request processed successfully
2026-09-19 10:01:20 INFO system Request processed successfully
2026-09-19 10:01:21 INFO system Request processed successfully
2026-09-19 10:01:22 INFO system Request processed successfully
2026-09-19 10:01:23 INFO system Request processed successfully
2026-09-19 10:01:24 INFO system Request processed successfully
2026-09-19 10:01:25 INFO system Request processed successfully
2026-09-19 10:01:26 INFO system Request processed successfully
2026-09-19 10:01:27 INFO system Request processed successfully
2026-09-19 10:01:28 INFO system Request processed successfully
2026-09-19 10:01:29 INFO system Request processed successfully
2026-09-19 10:01:30 INFO system Request processed successfully
2026-09-19 10:01:31 WARN database Query response slow
2026-09-19 10:01:32 WARN database Query response slow
2026-09-19 10:01:33 INFO system Request processed successfully
2026-09-19 10:01:34 ERROR model Model loading failed
2026-09-19 10:01:35 INFO system Request processed successfully
2026-09-19 10:01:36 WARN database Query response slow
2026-09-19 10:01:37 INFO system Request processed successfully
2026-09-19 10:01:38 INFO system Request processed successfully
2026-09-19 10:01:39 INFO system Request processed successfully
2026-09-19 10:01:40 ERROR model Model loading failed
2026-09-19 10:01:41 INFO system Request processed successfully
2026-09-19 10:01:42 INFO system Request processed successfully
2026-09-19 10:01:43 INFO system Request processed successfully
2026-09-19 10:01:44 WARN database Query response slow
2026-09-19 10:01:45 WARN database Query response slow
2026-09-19 10:01:46 WARN database Query response slow
2026-09-19 10:01:47 INFO system Request processed successfully
2026-09-19 10:01:48 INFO system Request processed successfully
2026-09-19 10:01:49 WARN database Query response slow
2026-09-19 10:01:50 INFO system Request processed successfully
2026-09-19 10:01:51 INFO system Request processed successfully
2026-09-19 10:01:52 INFO system Request processed successfully
2026-09-19 10:01:53 INFO system Request processed successfully
2026-09-19 10:01:54 INFO system Request processed successfully
2026-09-19 10:01:55 INFO system Request processed successfully
2026-09-19 10:01:56 INFO system Request processed successfully
2026-09-19 10:01:57 WARN database Query response slow
2026-09-19 10:01:58 WARN database Query response slow
2026-09-19 10:01:59 WARN database Query response slow
2026-09-19 10:01:00 INFO system Request processed successfully
2026-09-19 10:01:01 INFO system Request processed successfully
2026-09-19 10:01:02 INFO system Request processed successfully
2026-09-19 10:01:03 INFO system Request processed successfully
2026-09-19 10:01:04 INFO system Request processed successfully
2026-09-19 10:01:05 INFO system Request processed successfully
2026-09-19 10:01:06 INFO system Request processed successfully
2026-09-19 10:01:07 INFO system Request processed successfully
2026-09-19 10:01:08 WARN database Query response slow
2026-09-19 10:01:09 INFO system Request processed successfully
2026-09-19 10:01:10 INFO system Request processed successfully
2026-09-19 10:01:11 INFO system Request processed successfully
2026-09-19 10:01:12 INFO system Request processed successfully
2026-09-19 10:01:13 INFO system Request processed successfully
2026-09-19 10:01:14 WARN database Query response slow
2026-09-19 10:01:15 INFO system Request processed successfully
2026-09-19 10:01:16 INFO system Request processed successfully
2026-09-19 10:01:17 INFO system Request processed successfully
2026-09-19 10:01:18 INFO system Request processed successfully
2026-09-19 10:01:19 INFO system Request processed successfully
2026-09-19 10:01:20 INFO system Request processed successfully
2026-09-19 10:01:21 INFO system Request processed successfully
2026-09-19 10:01:22 INFO system Request processed successfully
2026-09-19 10:01:23 WARN database Query response slow
2026-09-19 10:01:24 WARN database Query response slow
2026-09-19 10:01:25 INFO system Request processed successfully
2026-09-19 10:01:26 WARN database Query response slow
2026-09-19 10:01:27 INFO system Request processed successfully
2026-09-19 10:01:28 INFO system Request processed successfully
2026-09-19 10:01:29 INFO system Request processed successfully
2026-09-19 10:01:30 INFO system Request processed successfully
2026-09-19 10:01:31 INFO system Request processed successfully
2026-09-19 10:01:32 ERROR auth Authentication failed
2026-09-19 10:01:33 INFO system Request processed successfully
2026-09-19 10:01:34 INFO system Request processed successfully
2026-09-19 10:01:35 ERROR auth Authentication failed
2026-09-19 10:01:36 INFO system Request processed successfully
2026-09-19 10:01:37 INFO system Request processed successfully
2026-09-19 10:01:38 INFO system Request processed successfully
2026-09-19 10:01:39 INFO system Request processed successfully
2026-09-19 10:01:40 INFO system Request processed successfully
2026-09-19 10:01:41 INFO system Request processed successfully
2026-09-19 10:01:42 INFO system Request processed successfully
2026-09-19 10:01:43 INFO system Request processed successfully
2026-09-19 10:01:44 INFO system Request processed successfully
2026-09-19 10:01:45 ERROR database Connection timeout
2026-09-19 10:01:46 INFO system Request processed successfully
2026-09-19 10:01:47 INFO system Request processed successfully
2026-09-19 10:01:48 INFO system Request processed successfully
2026-09-19 10:01:49 ERROR model Model loading failed
2026-09-19 10:01:50 WARN database Query response slow
2026-09-19 10:01:51 INFO system Request processed successfully
2026-09-19 10:01:52 INFO system Request processed successfully
2026-09-19 10:01:53 INFO system Request processed successfully
2026-09-19 10:01:54 INFO system Request processed successfully
2026-09-19 10:01:55 WARN database Query response slow
2026-09-19 10:01:56 INFO system Request processed successfully
2026-09-19 10:01:57 INFO system Request processed successfully
2026-09-19 10:01:58 INFO system Request processed successfully
2026-09-19 10:01:59 INFO system Request processed successfully
2026-09-19 10:01:00 INFO system Request processed successfully
2026-09-19 10:01:01 INFO system Request processed successfully
2026-09-19 10:01:02 INFO system Request processed successfully
2026-09-19 10:01:03 INFO system Request processed successfully
2026-09-19 10:01:04 WARN database Query response slow
2026-09-19 10:01:05 INFO system Request processed successfully
2026-09-19 10:01:06 INFO system Request processed successfully
2026-09-19 10:01:07 INFO system Request processed successfully
2026-09-19 10:01:08 INFO system Request processed successfully
2026-09-19 10:01:09 INFO system Request processed successfully
2026-09-19 10:01:10 INFO system Request processed successfully
2026-09-19 10:01:11 INFO system Request processed successfully
2026-09-19 10:01:12 WARN database Query response slow
2026-09-19 10:01:13 INFO system Request processed successfully
2026-09-19 10:01:14 INFO system Request processed successfully
2026-09-19 10:01:15 INFO system Request processed successfully
2026-09-19 10:01:16 INFO system Request processed successfully
2026-09-19 10:01:17 INFO system Request processed successfully
2026-09-19 10:01:18 INFO system Request processed successfully
2026-09-19 10:01:19 INFO system Request processed successfully
2026-09-19 10:01:20 INFO system Request processed successfully
2026-09-19 10:01:21 INFO system Request processed successfully
2026-09-19 10:01:22 INFO system Request processed successfully
2026-09-19 10:01:23 WARN database Query response slow
2026-09-19 10:01:24 INFO system Request processed successfully
2026-09-19 10:01:25 INFO system Request processed successfully
2026-09-19 10:01:26 INFO system Request processed successfully
2026-09-19 10:01:27 INFO system Request processed successfully
2026-09-19 10:01:28 INFO system Request processed successfully
2026-09-19 10:01:29 INFO system Request processed successfully
2026-09-19 10:01:30 INFO system Request processed successfully
2026-09-19 10:01:31 INFO system Request processed successfully
2026-09-19 10:01:32 INFO system Request processed successfully
2026-09-19 10:01:33 INFO system Request processed successfully
2026-09-19 10:01:34 INFO system Request processed successfully
2026-09-19 10:01:35 INFO system Request processed successfully
2026-09-19 10:01:36 INFO system Request processed successfully
2026-09-19 10:01:37 INFO system Request processed successfully
2026-09-19 10:01:38 WARN database Query response slow
2026-09-19 10:01:39 WARN database Query response slow
2026-09-19 10:01:40 INFO system Request processed successfully
2026-09-19 10:01:41 INFO system Request processed successfully
2026-09-19 10:01:42 INFO system Request processed successfully
2026-09-19 10:01:43 INFO system Request processed successfully
2026-09-19 10:01:44 WARN database Query response slow
2026-09-19 10:01:45 INFO system Request processed successfully
2026-09-19 10:01:46 INFO system Request processed successfully
2026-09-19 10:01:47 ERROR auth Authentication failed
2026-09-19 10:01:48 INFO system Request processed successfully
2026-09-19 10:01:49 WARN database Query response slow
2026-09-19 10:01:50 INFO system Request processed successfully
2026-09-19 10:01:51 INFO system Request processed successfully
2026-09-19 10:01:52 INFO system Request processed successfully
2026-09-19 10:01:53 INFO system Request processed successfully
2026-09-19 10:01:54 INFO system Request processed successfully
2026-09-19 10:01:55 INFO system Request processed successfully
2026-09-19 10:01:56 INFO system Request processed successfully
2026-09-19 10:01:57 INFO system Request processed successfully
2026-09-19 10:01:58 INFO system Request processed successfully
2026-09-19 10:01:59 WARN database Query response slow
2026-09-19 10:01:00 INFO system Request processed successfully
2026-09-19 10:01:01 INFO system Request processed successfully
2026-09-19 10:01:02 INFO system Request processed successfully
2026-09-19 10:01:03 INFO system Request processed successfully
2026-09-19 10:01:04 INFO system Request processed successfully
2026-09-19 10:01:05 INFO system Request processed successfully
2026-09-19 10:01:06 WARN database Query response slow
2026-09-19 10:01:07 INFO system Request processed successfully
2026-09-19 10:01:08 INFO system Request processed successfully
2026-09-19 10:01:09 WARN database Query response slow
2026-09-19 10:01:10 INFO system Request processed successfully
2026-09-19 10:01:11 INFO system Request processed successfully
2026-09-19 10:01:12 INFO system Request processed successfully
2026-09-19 10:01:13 INFO system Request processed successfully
2026-09-19 10:01:14 INFO system Request processed successfully
2026-09-19 10:01:15 INFO system Request processed successfully
2026-09-19 10:01:16 INFO system Request processed successfully
2026-09-19 10:01:17 ERROR auth Authentication failed
2026-09-19 10:01:18 INFO system Request processed successfully
2026-09-19 10:01:19 INFO system Request processed successfully
2026-09-19 10:01:20 INFO system Request processed successfully
2026-09-19 10:01:21 INFO system Request processed successfully
2026-09-19 10:01:22 INFO system Request processed successfully
2026-09-19 10:01:23 ERROR auth Authentication failed
2026-09-19 10:01:24 INFO system Request processed successfully
2026-09-19 10:01:25 INFO system Request processed successfully
2026-09-19 10:01:26 INFO system Request processed successfully
2026-09-19 10:01:27 INFO system Request processed successfully
2026-09-19 10:01:28 INFO system Request processed successfully
2026-09-19 10:01:29 INFO system Request processed successfully
2026-09-19 10:01:30 INFO system Request processed successfully
2026-09-19 10:01:31 INFO system Request processed successfully
2026-09-19 10:01:32 ERROR auth Authentication failed
2026-09-19 10:01:33 INFO system Request processed successfully
2026-09-19 10:01:34 INFO system Request processed successfully
2026-09-19 10:01:35 INFO system Request processed successfully
2026-09-19 10:01:36 INFO system Request processed successfully
2026-09-19 10:01:37 INFO system Request processed successfully
2026-09-19 10:01:38 INFO system Request processed successfully
2026-09-19 10:01:39 INFO system Request processed successfully
2026-09-19 10:01:40 INFO system Request processed successfully
2026-09-19 10:01:41 INFO system Request processed successfully
2026-09-19 10:01:42 INFO system Request processed successfully
2026-09-19 10:01:43 INFO system Request processed successfully
2026-09-19 10:01:44 INFO system Request processed successfully
2026-09-19 10:01:45 WARN database Query response slow
2026-09-19 10:01:46 INFO system Request processed successfully
2026-09-19 10:01:47 WARN database Query response slow
2026-09-19 10:01:48 INFO system Request processed successfully
2026-09-19 10:01:49 INFO system Request processed successfully
2026-09-19 10:01:50 INFO system Request processed successfully
2026-09-19 10:01:51 INFO system Request processed successfully
2026-09-19 10:01:52 ERROR model Model loading failed
2026-09-19 10:01:53 INFO system Request processed successfully
2026-09-19 10:01:54 WARN database Query response slow
2026-09-19 10:01:55 INFO system Request processed successfully
2026-09-19 10:01:56 INFO system Request processed successfully
2026-09-19 10:01:57 INFO system Request processed successfully
2026-09-19 10:01:58 INFO system Request processed successfully
2026-09-19 10:01:59 INFO system Request processed successfully
2026-09-19 10:01:00 INFO system Request processed successfully
2026-09-19 10:01:01 INFO system Request processed successfully
2026-09-19 10:01:02 INFO system Request processed successfully
2026-09-19 10:01:03 INFO system Request processed successfully
2026-09-19 10:01:04 INFO system Request processed successfully
2026-09-19 10:01:05 INFO system Request processed successfully
2026-09-19 10:01:06 INFO system Request processed successfully
2026-09-19 10:01:07 INFO system Request processed successfully
2026-09-19 10:01:08 INFO system Request processed successfully
2026-09-19 10:01:09 INFO system Request processed successfully
2026-09-19 10:01:10 INFO system Request processed successfully
2026-09-19 10:01:11 INFO system Request processed successfully
2026-09-19 10:01:12 INFO system Request processed successfully
2026-09-19 10:01:13 INFO system Request processed successfully
2026-09-19 10:01:14 INFO system Request processed successfully
2026-09-19 10:01:15 INFO system Request processed successfully
2026-09-19 10:01:16 INFO system Request processed successfully
2026-09-19 10:01:17 INFO system Request processed successfully
2026-09-19 10:01:18 WARN database Query response slow
2026-09-19 10:01:19 ERROR model Model loading failed
2026-09-19 10:01:20 INFO system Request processed successfully
2026-09-19 10:01:21 INFO system Request processed successfully
2026-09-19 10:01:22 INFO system Request processed successfully
2026-09-19 10:01:23 INFO system Request processed successfully
2026-09-19 10:01:24 INFO system Request processed successfully
2026-09-19 10:01:25 ERROR model Model loading failed
2026-09-19 10:01:26 WARN database Query response slow
2026-09-19 10:01:27 INFO system Request processed successfully
2026-09-19 10:01:28 INFO system Request processed successfully
2026-09-19 10:01:29 INFO system Request processed successfully
2026-09-19 10:01:30 WARN database Query response slow
2026-09-19 10:01:31 INFO system Request processed successfully
2026-09-19 10:01:32 INFO system Request processed successfully
2026-09-19 10:01:33 INFO system Request processed successfully
2026-09-19 10:01:34 INFO system Request processed successfully
2026-09-19 10:01:35 INFO system Request processed successfully
2026-09-19 10:01:36 INFO system Request processed successfully
2026-09-19 10:01:37 INFO system Request processed successfully
2026-09-19 10:01:38 WARN database Query response slow
2026-09-19 10:01:39 INFO system Request processed successfully
2026-09-19 10:01:40 INFO system Request processed successfully
2026-09-19 10:01:41 INFO system Request processed successfully
2026-09-19 10:01:42 INFO system Request processed successfully
2026-09-19 10:01:43 INFO system Request processed successfully
2026-09-19 10:01:44 INFO system Request processed successfully
2026-09-19 10:01:45 INFO system Request processed successfully
2026-09-19 10:01:46 INFO system Request processed successfully
2026-09-19 10:01:47 INFO system Request processed successfully
2026-09-19 10:01:48 INFO system Request processed successfully
2026-09-19 10:01:49 INFO system Request processed successfully
2026-09-19 10:01:50 INFO system Request processed successfully
2026-09-19 10:01:51 INFO system Request processed successfully
2026-09-19 10:01:52 INFO system Request processed successfully
2026-09-19 10:01:53 INFO system Request processed successfully
2026-09-19 10:01:54 WARN database Query response slow
2026-09-19 10:01:55 INFO system Request processed successfully
2026-09-19 10:01:56 WARN database Query response slow
2026-09-19 10:01:57 INFO system Request processed successfully
2026-09-19 10:01:58 INFO system Request processed successfully
2026-09-19 10:01:59 INFO system Request processed successfully
2026-09-19 10:01:00 INFO system Request processed successfully
2026-09-19 10:01:01 INFO system Request processed successfully
2026-09-19 10:01:02 INFO system Request processed successfully
2026-09-19 10:01:03 INFO system Request processed successfully
2026-09-19 10:01:04 INFO system Request processed successfully
2026-09-19 10:01:05 WARN database Query response slow
2026-09-19 10:01:06 INFO system Request processed successfully
2026-09-19 10:01:07 INFO system Request processed successfully
2026-09-19 10:01:08 INFO system Request processed successfully
2026-09-19 10:01:09 INFO system Request processed successfully
2026-09-19 10:01:10 INFO system Request processed successfully
2026-09-19 10:01:11 INFO system Request processed successfully
2026-09-19 10:01:12 INFO system Request processed successfully
2026-09-19 10:01:13 INFO system Request processed successfully
2026-09-19 10:01:14 INFO system Request processed successfully
2026-09-19 10:01:15 INFO system Request processed successfully
2026-09-19 10:01:16 WARN database Query response slow
2026-09-19 10:01:17 INFO system Request processed successfully
2026-09-19 10:01:18 ERROR database Connection timeout
2026-09-19 10:01:19 INFO system Request processed successfully
2026-09-19 10:01:20 WARN database Query response slow
2026-09-19 10:01:21 INFO system Request processed successfully
2026-09-19 10:01:22 INFO system Request processed successfully
2026-09-19 10:01:23 INFO system Request processed successfully
2026-09-19 10:01:24 INFO system Request processed successfully
2026-09-19 10:01:25 WARN database Query response slow
2026-09-19 10:01:26 INFO system Request processed successfully
2026-09-19 10:01:27 INFO system Request processed successfully
2026-09-19 10:01:28 INFO system Request processed successfully
2026-09-19 10:01:29 ERROR auth Authentication failed
2026-09-19 10:01:30 INFO system Request processed successfully
2026-09-19 10:01:31 INFO system Request processed successfully
2026-09-19 10:01:32 INFO system Request processed successfully
2026-09-19 10:01:33 INFO system Request processed successfully
2026-09-19 10:01:34 INFO system Request processed successfully
2026-09-19 10:01:35 INFO system Request processed successfully
2026-09-19 10:01:36 INFO system Request processed successfully
2026-09-19 10:01:37 INFO system Request processed successfully
2026-09-19 10:01:38 INFO system Request processed successfully
2026-09-19 10:01:39 INFO system Request processed successfully
2026-09-19 10:01:40 INFO system Request processed successfully
2026-09-19 10:01:41 WARN database Query response slow
2026-09-19 10:01:42 INFO system Request processed successfully
2026-09-19 10:01:43 WARN database Query response slow
2026-09-19 10:01:44 INFO system Request processed successfully
2026-09-19 10:01:45 INFO system Request processed successfully
2026-09-19 10:01:46 INFO system Request processed successfully
2026-09-19 10:01:47 WARN database Query response slow
2026-09-19 10:01:48 INFO system Request processed successfully
2026-09-19 10:01:49 WARN database Query response slow
2026-09-19 10:01:50 INFO system Request processed successfully
2026-09-19 10:01:51 INFO system Request processed successfully
2026-09-19 10:01:52 INFO system Request processed successfully
2026-09-19 10:01:53 INFO system Request processed successfully
2026-09-19 10:01:54 WARN database Query response slow
2026-09-19 10:01:55 INFO system Request processed successfully
2026-09-19 10:01:56 INFO system Request processed successfully
2026-09-19 10:01:57 INFO system Request processed successfully
2026-09-19 10:01:58 INFO system Request processed successfully
2026-09-19 10:01:59 INFO system Request processed successfully
2026-09-19 10:01:00 INFO system Request processed successfully
2026-09-19 10:01:01 INFO system Request processed successfully
2026-09-19 10:01:02 INFO system Request processed successfully
2026-09-19 10:01:03 INFO system Request processed successfully
2026-09-19 10:01:04 INFO system Request processed successfully
2026-09-19 10:01:05 WARN database Query response slow
2026-09-19 10:01:06 ERROR database Connection timeout
2026-09-19 10:01:07 INFO system Request processed successfully
2026-09-19 10:01:08 INFO system Request processed successfully
2026-09-19 10:01:09 INFO system Request processed successfully
2026-09-19 10:01:10 WARN database Query response slow
2026-09-19 10:01:11 INFO system Request processed successfully
2026-09-19 10:01:12 WARN database Query response slow
2026-09-19 10:01:13 INFO system Request processed successfully
2026-09-19 10:01:14 WARN database Query response slow
2026-09-19 10:01:15 WARN database Query response slow
2026-09-19 10:01:16 INFO system Request processed successfully
2026-09-19 10:01:17 WARN database Query response slow
2026-09-19 10:01:18 INFO system Request processed successfully
2026-09-19 10:01:19 INFO system Request processed successfully
2026-09-19 10:01:20 INFO system Request processed successfully
2026-09-19 10:01:21 WARN database Query response slow
2026-09-19 10:01:22 INFO system Request processed successfully
2026-09-19 10:01:23 WARN database Query response slow
2026-09-19 10:01:24 INFO system Request processed successfully
2026-09-19 10:01:25 INFO system Request processed successfully
2026-09-19 10:01:26 WARN database Query response slow
2026-09-19 10:01:27 INFO system Request processed successfully
2026-09-19 10:01:28 INFO system Request processed successfully
2026-09-19 10:01:29 INFO system Request processed successfully
2026-09-19 10:01:30 INFO system Request processed successfully
2026-09-19 10:01:31 INFO system Request processed successfully
2026-09-19 10:01:32 INFO system Request processed successfully
2026-09-19 10:01:33 INFO system Request processed successfully
2026-09-19 10:01:34 INFO system Request processed successfully
2026-09-19 10:01:35 INFO system Request processed successfully
2026-09-19 10:01:36 WARN database Query response slow
2026-09-19 10:01:37 INFO system Request processed successfully
2026-09-19 10:01:38 INFO system Request processed successfully
2026-09-19 10:01:39 INFO system Request processed successfully
2026-09-19 10:01:40 INFO system Request processed successfully
2026-09-19 10:01:41 INFO system Request processed successfully
2026-09-19 10:01:42 INFO system Request processed successfully
2026-09-19 10:01:43 INFO system Request processed successfully
2026-09-19 10:01:44 INFO system Request processed successfully
2026-09-19 10:01:45 WARN database Query response slow
2026-09-19 10:01:46 INFO system Request processed successfully
2026-09-19 10:01:47 INFO system Request processed successfully
2026-09-19 10:01:48 INFO system Request processed successfully
2026-09-19 10:01:49 INFO system Request processed successfully
2026-09-19 10:01:50 INFO system Request processed successfully
2026-09-19 10:01:51 INFO system Request processed successfully
2026-09-19 10:01:52 WARN database Query response slow
2026-09-19 10:01:53 INFO system Request processed successfully
2026-09-19 10:01:54 INFO system Request processed successfully
2026-09-19 10:01:55 INFO system Request processed successfully
2026-09-19 10:01:56 ERROR auth Authentication failed
2026-09-19 10:01:57 INFO system Request processed successfully
2026-09-19 10:01:58 INFO system Request processed successfully
2026-09-19 10:01:59 INFO system Request processed successfully
2026-09-19 10:01:00 INFO system Request processed successfully
2026-09-19 10:01:01 INFO system Request processed successfully
2026-09-19 10:01:02 INFO system Request processed successfully
2026-09-19 10:01:03 INFO system Request processed successfully
2026-09-19 10:01:04 INFO system Request processed successfully
2026-09-19 10:01:05 INFO system Request processed successfully
2026-09-19 10:01:06 ERROR database Connection timeout
2026-09-19 10:01:07 INFO system Request processed successfully
2026-09-19 10:01:08 INFO system Request processed successfully
2026-09-19 10:01:09 INFO system Request processed successfully
2026-09-19 10:01:10 INFO system Request processed successfully
2026-09-19 10:01:11 WARN database Query response slow
2026-09-19 10:01:12 INFO system Request processed successfully
2026-09-19 10:01:13 INFO system Request processed successfully
2026-09-19 10:01:14 WARN database Query response slow
2026-09-19 10:01:15 INFO system Request processed successfully
2026-09-19 10:01:16 INFO system Request processed successfully
2026-09-19 10:01:17 INFO system Request processed successfully
2026-09-19 10:01:18 INFO system Request processed successfully
2026-09-19 10:01:19 INFO system Request processed successfully
2026-09-19 10:01:20 WARN database Query response slow
2026-09-19 10:01:21 ERROR database Connection timeout
2026-09-19 10:01:22 INFO system Request processed successfully
2026-09-19 10:01:23 INFO system Request processed successfully
2026-09-19 10:01:24 INFO system Request processed successfully
2026-09-19 10:01:25 INFO system Request processed successfully
2026-09-19 10:01:26 INFO system Request processed successfully
2026-09-19 10:01:27 INFO system Request processed successfully
2026-09-19 10:01:28 INFO system Request processed successfully
2026-09-19 10:01:29 ERROR auth Authentication failed
2026-09-19 10:01:30 WARN database Query response slow
2026-09-19 10:01:31 INFO system Request processed successfully
2026-09-19 10:01:32 INFO system Request processed successfully
2026-09-19 10:01:33 INFO system Request processed successfully
2026-09-19 10:01:34 INFO system Request processed successfully
2026-09-19 10:01:35 INFO system Request processed successfully
2026-09-19 10:01:36 INFO system Request processed successfully
2026-09-19 10:01:37 INFO system Request processed successfully
2026-09-19 10:01:38 ERROR auth Authentication failed
2026-09-19 10:01:39 INFO system Request processed successfully
2026-09-19 10:01:40 INFO system Request processed successfully
2026-09-19 10:01:41 INFO system Request processed successfully
2026-09-19 10:01:42 INFO system Request processed successfully
2026-09-19 10:01:43 ERROR model Model loading failed
2026-09-19 10:01:44 WARN database Query response slow
2026-09-19 10:01:45 INFO system Request processed successfully
2026-09-19 10:01:46 WARN database Query response slow
2026-09-19 10:01:47 ERROR auth Authentication failed
2026-09-19 10:01:48 WARN database Query response slow
2026-09-19 10:01:49 INFO system Request processed successfully
2026-09-19 10:01:50 INFO system Request processed successfully
2026-09-19 10:01:51 INFO system Request processed successfully
2026-09-19 10:01:52 WARN database Query response slow
2026-09-19 10:01:53 INFO system Request processed successfully
2026-09-19 10:01:54 INFO system Request processed successfully
2026-09-19 10:01:55 WARN database Query response slow
2026-09-19 10:01:56 ERROR auth Authentication failed
2026-09-19 10:01:57 INFO system Request processed successfully
2026-09-19 10:01:58 INFO system Request processed successfully
2026-09-19 10:01:59 INFO system Request processed successfully
2026-09-19 10:01:00 INFO system Request processed successfully
2026-09-19 10:01:01 INFO system Request processed successfully
2026-09-19 10:01:02 INFO system Request processed successfully
2026-09-19 10:01:03 ERROR database Connection timeout
2026-09-19 10:01:04 INFO system Request processed successfully
2026-09-19 10:01:05 INFO system Request processed successfully
2026-09-19 10:01:06 INFO system Request processed successfully
2026-09-19 10:01:07 INFO system Request processed successfully
2026-09-19 10:01:08 WARN database Query response slow
2026-09-19 10:01:09 INFO system Request processed successfully
2026-09-19 10:01:10 INFO system Request processed successfully
2026-09-19 10:01:11 INFO system Request processed successfully
2026-09-19 10:01:12 INFO system Request processed successfully
2026-09-19 10:01:13 INFO system Request processed successfully
2026-09-19 10:01:14 INFO system Request processed successfully
2026-09-19 10:01:15 INFO system Request processed successfully
2026-09-19 10:01:16 WARN database Query response slow
2026-09-19 10:01:17 WARN database Query response slow
2026-09-19 10:01:18 ERROR database Connection timeout
2026-09-19 10:01:19 INFO system Request processed successfully
2026-09-19 10:01:20 INFO system Request processed successfully
2026-09-19 10:01:21 INFO system Request processed successfully
2026-09-19 10:01:22 INFO system Request processed successfully
2026-09-19 10:01:23 INFO system Request processed successfully
2026-09-19 10:01:24 INFO system Request processed successfully
2026-09-19 10:01:25 INFO system Request processed successfully
2026-09-19 10:01:26 INFO system Request processed successfully
2026-09-19 10:01:27 INFO system Request processed successfully
2026-09-19 10:01:28 INFO system Request processed successfully
2026-09-19 10:01:29 INFO system Request processed successfully
2026-09-19 10:01:30 INFO system Request processed successfully
2026-09-19 10:01:31 INFO system Request processed successfully
2026-09-19 10:01:32 INFO system Request processed successfully
2026-09-19 10:01:33 INFO system Request processed successfully
2026-09-19 10:01:34 INFO system Request processed successfully
2026-09-19 10:01:35 WARN database Query response slow
2026-09-19 10:01:36 WARN database Query response slow
2026-09-19 10:01:37 WARN database Query response slow
2026-09-19 10:01:38 INFO system Request processed successfully
2026-09-19 10:01:39 INFO system Request processed successfully
2026-09-19 10:01:40 INFO system Request processed successfully
2026-09-19 10:01:41 INFO system Request processed successfully
2026-09-19 10:01:42 INFO system Request processed successfully
2026-09-19 10:01:43 INFO system Request processed successfully
2026-09-19 10:01:44 INFO system Request processed successfully
2026-09-19 10:01:45 ERROR database Connection timeout
2026-09-19 10:01:46 INFO system Request processed successfully
2026-09-19 10:01:47 INFO system Request processed successfully
2026-09-19 10:01:48 INFO system Request processed successfully
2026-09-19 10:01:49 INFO system Request processed successfully
2026-09-19 10:01:50 INFO system Request processed successfully
2026-09-19 10:01:51 WARN database Query response slow
2026-09-19 10:01:52 INFO system Request processed successfully
2026-09-19 10:01:53 INFO system Request processed successfully
2026-09-19 10:01:54 ERROR database Connection timeout
2026-09-19 10:01:55 INFO system Request processed successfully
2026-09-19 10:01:56 INFO system Request processed successfully
2026-09-19 10:01:57 INFO system Request processed successfully
2026-09-19 10:01:58 INFO system Request processed successfully
2026-09-19 10:01:59 WARN database Query response slow
2026-09-19 10:01:00 WARN database Query response slow
2026-09-19 10:01:01 WARN database Query response slow
2026-09-19 10:01:02 INFO system Request processed successfully
2026-09-19 10:01:03 WARN database Query response slow
2026-09-19 10:01:04 INFO system Request processed successfully
2026-09-19 10:01:05 ERROR auth Authentication failed
2026-09-19 10:01:06 INFO system Request processed successfully
2026-09-19 10:01:07 INFO system Request processed successfully
2026-09-19 10:01:08 INFO system Request processed successfully
2026-09-19 10:01:09 INFO system Request processed successfully
2026-09-19 10:01:10 INFO system Request processed successfully
2026-09-19 10:01:11 INFO system Request processed successfully
2026-09-19 10:01:12 INFO system Request processed successfully
2026-09-19 10:01:13 INFO system Request processed successfully
2026-09-19 10:01:14 INFO system Request processed successfully
2026-09-19 10:01:15 WARN database Query response slow
2026-09-19 10:01:16 INFO system Request processed successfully
2026-09-19 10:01:17 INFO system Request processed successfully
2026-09-19 10:01:18 INFO system Request processed successfully
2026-09-19 10:01:19 INFO system Request processed successfully
2026-09-19 10:01:20 INFO system Request processed successfully
2026-09-19 10:01:21 INFO system Request processed successfully
2026-09-19 10:01:22 INFO system Request processed successfully
2026-09-19 10:01:23 INFO system Request processed successfully
2026-09-19 10:01:24 INFO system Request processed successfully
2026-09-19 10:01:25 INFO system Request processed successfully
2026-09-19 10:01:26 INFO system Request processed successfully
2026-09-19 10:01:27 INFO system Request processed successfully
2026-09-19 10:01:28 INFO system Request processed successfully
2026-09-19 10:01:29 INFO system Request processed successfully
2026-09-19 10:01:30 INFO system Request processed successfully
2026-09-19 10:01:31 INFO system Request processed successfully
2026-09-19 10:01:32 INFO system Request processed successfully
2026-09-19 10:01:33 INFO system Request processed successfully
2026-09-19 10:01:34 WARN database Query response slow
2026-09-19 10:01:35 WARN database Query response slow
2026-09-19 10:01:36 INFO system Request processed successfully
2026-09-19 10:01:37 WARN database Query response slow
2026-09-19 10:01:38 INFO system Request processed successfully
2026-09-19 10:01:39 INFO system Request processed successfully
2026-09-19 10:01:40 INFO system Request processed successfully
2026-09-19 10:01:41 INFO system Request processed successfully
2026-09-19 10:01:42 INFO system Request processed successfully
2026-09-19 10:01:43 INFO system Request processed successfully
2026-09-19 10:01:44 INFO system Request processed successfully
2026-09-19 10:01:45 INFO system Request processed successfully
2026-09-19 10:01:46 WARN database Query response slow
2026-09-19 10:01:47 INFO system Request processed successfully
2026-09-19 10:01:48 INFO system Request processed successfully
2026-09-19 10:01:49 WARN database Query response slow
2026-09-19 10:01:50 INFO system Request processed successfully
2026-09-19 10:01:51 INFO system Request processed successfully
2026-09-19 10:01:52 INFO system Request processed successfully
2026-09-19 10:01:53 INFO system Request processed successfully
2026-09-19 10:01:54 INFO system Request processed successfully
2026-09-19 10:01:55 INFO system Request processed successfully
2026-09-19 10:01:56 WARN database Query response slow
2026-09-19 10:01:57 INFO system Request processed successfully
2026-09-19 10:01:58 WARN database Query response slow
2026-09-19 10:01:59 INFO system Request processed successfully
2026-09-19 10:01:00 INFO system Request processed successfully
2026-09-19 10:01:01 INFO system Request processed successfully
2026-09-19 10:01:02 INFO system Request processed successfully
2026-09-19 10:01:03 INFO system Request processed successfully
2026-09-19 10:01:04 INFO system Request processed successfully
2026-09-19 10:01:05 INFO system Request processed successfully
2026-09-19 10:01:06 INFO system Request processed successfully
2026-09-19 10:01:07 INFO system Request processed successfully
2026-09-19 10:01:08 ERROR auth Authentication failed
2026-09-19 10:01:09 INFO system Request processed successfully
2026-09-19 10:01:10 INFO system Request processed successfully
2026-09-19 10:01:11 INFO system Request processed successfully
2026-09-19 10:01:12 INFO system Request processed successfully
2026-09-19 10:01:13 INFO system Request processed successfully
2026-09-19 10:01:14 INFO system Request processed successfully
2026-09-19 10:01:15 INFO system Request processed successfully
2026-09-19 10:01:16 INFO system Request processed successfully
2026-09-19 10:01:17 INFO system Request processed successfully
2026-09-19 10:01:18 WARN database Query response slow
2026-09-19 10:01:19 INFO system Request processed successfully
2026-09-19 10:01:20 INFO system Request processed successfully
2026-09-19 10:01:21 INFO system Request processed successfully
2026-09-19 10:01:22 ERROR model Model loading failed
2026-09-19 10:01:23 WARN database Query response slow
2026-09-19 10:01:24 WARN database Query response slow
2026-09-19 10:01:25 INFO system Request processed successfully
2026-09-19 10:01:26 INFO system Request processed successfully
2026-09-19 10:01:27 INFO system Request processed successfully
2026-09-19 10:01:28 INFO system Request processed successfully
2026-09-19 10:01:29 INFO system Request processed successfully
2026-09-19 10:01:30 INFO system Request processed successfully
2026-09-19 10:01:31 INFO system Request processed successfully
2026-09-19 10:01:32 WARN database Query response slow
2026-09-19 10:01:33 INFO system Request processed successfully
2026-09-19 10:01:34 INFO system Request processed successfully
2026-09-19 10:01:35 INFO system Request processed successfully
2026-09-19 10:01:36 INFO system Request processed successfully
2026-09-19 10:01:37 INFO system Request processed successfully
2026-09-19 10:01:38 INFO system Request processed successfully
2026-09-19 10:01:39 INFO system Request processed successfully
2026-09-19 10:01:40 ERROR model Model loading failed
2026-09-19 10:01:41 ERROR auth Authentication failed
2026-09-19 10:01:42 INFO system Request processed successfully
2026-09-19 10:01:43 INFO system Request processed successfully
2026-09-19 10:01:44 INFO system Request processed successfully
2026-09-19 10:01:45 ERROR database Connection timeout
2026-09-19 10:01:46 WARN database Query response slow
2026-09-19 10:01:47 INFO system Request processed successfully
2026-09-19 10:01:48 INFO system Request processed successfully
2026-09-19 10:01:49 INFO system Request processed successfully
2026-09-19 10:01:50 INFO system Request processed successfully
2026-09-19 10:01:51 WARN database Query response slow
2026-09-19 10:01:52 WARN database Query response slow
2026-09-19 10:01:53 WARN database Query response slow
2026-09-19 10:01:54 INFO system Request processed successfully
2026-09-19 10:01:55 INFO system Request processed successfully
2026-09-19 10:01:56 INFO system Request processed successfully
2026-09-19 10:01:57 INFO system Request processed successfully
2026-09-19 10:01:58 INFO system Request processed successfully
2026-09-19 10:01:59 ERROR auth Authentication failed
2026-09-19 10:01:00 INFO system Request processed successfully
2026-09-19 10:01:01 INFO system Request processed successfully
2026-09-19 10:01:02 WARN database Query response slow
2026-09-19 10:01:03 INFO system Request processed successfully
2026-09-19 10:01:04 INFO system Request processed successfully
2026-09-19 10:01:05 INFO system Request processed successfully
2026-09-19 10:01:06 INFO system Request processed successfully
2026-09-19 10:01:07 INFO system Request processed successfully
2026-09-19 10:01:08 INFO system Request processed successfully
2026-09-19 10:01:09 INFO system Request processed successfully
2026-09-19 10:01:10 INFO system Request processed successfully
2026-09-19 10:01:11 INFO system Request processed successfully
2026-09-19 10:01:12 INFO system Request processed successfully
2026-09-19 10:01:13 INFO system Request processed successfully
2026-09-19 10:01:14 WARN database Query response slow
2026-09-19 10:01:15 INFO system Request processed successfully
2026-09-19 10:01:16 INFO system Request processed successfully
2026-09-19 10:01:17 INFO system Request processed successfully
2026-09-19 10:01:18 INFO system Request processed successfully
2026-09-19 10:01:19 INFO system Request processed successfully
2026-09-19 10:01:20 WARN database Query response slow
2026-09-19 10:01:21 INFO system Request processed successfully
2026-09-19 10:01:22 INFO system Request processed successfully
2026-09-19 10:01:23 INFO system Request processed successfully
2026-09-19 10:01:24 INFO system Request processed successfully
2026-09-19 10:01:25 INFO system Request processed successfully
2026-09-19 10:01:26 INFO system Request processed successfully
2026-09-19 10:01:27 INFO system Request processed successfully
2026-09-19 10:01:28 INFO system Request processed successfully
2026-09-19 10:01:29 INFO system Request processed successfully
2026-09-19 10:01:30 INFO system Request processed successfully
2026-09-19 10:01:31 WARN database Query response slow
2026-09-19 10:01:32 INFO system Request processed successfully
2026-09-19 10:01:33 INFO system Request processed successfully
2026-09-19 10:01:34 INFO system Request processed successfully
2026-09-19 10:01:35 INFO system Request processed successfully
2026-09-19 10:01:36 INFO system Request processed successfully
2026-09-19 10:01:37 INFO system Request processed successfully
2026-09-19 10:01:38 INFO system Request processed successfully
2026-09-19 10:01:39 INFO system Request processed successfully
2026-09-19 10:01:40 WARN database Query response slow
2026-09-19 10:01:41 WARN database Query response slow
2026-09-19 10:01:42 INFO system Request processed successfully
2026-09-19 10:01:43 INFO system Request processed successfully
2026-09-19 10:01:44 WARN database Query response slow
2026-09-19 10:01:45 INFO system Request processed successfully
2026-09-19 10:01:46 WARN database Query response slow
2026-09-19 10:01:47 INFO system Request processed successfully
2026-09-19 10:01:48 INFO system Request processed successfully
2026-09-19 10:01:49 INFO system Request processed successfully
2026-09-19 10:01:50 WARN database Query response slow
2026-09-19 10:01:51 WARN database Query response slow
2026-09-19 10:01:52 INFO system Request processed successfully
2026-09-19 10:01:53 INFO system Request processed successfully
2026-09-19 10:01:54 INFO system Request processed successfully
2026-09-19 10:01:55 INFO system Request processed successfully
2026-09-19 10:01:56 INFO system Request processed successfully
2026-09-19 10:01:57 ERROR database Connection timeout
2026-09-19 10:01:58 INFO system Request processed successfully
2026-09-19 10:01:59 INFO system Request processed successfully
2026-09-19 10:01:00 INFO system Request processed successfully
2026-09-19 10:01:01 WARN database Query response slow
2026-09-19 10:01:02 INFO system Request processed successfully
2026-09-19 10:01:03 INFO system Request processed successfully
2026-09-19 10:01:04 INFO system Request processed successfully
2026-09-19 10:01:05 INFO system Request processed successfully
2026-09-19 10:01:06 WARN database Query response slow
2026-09-19 10:01:07 INFO system Request processed successfully
2026-09-19 10:01:08 INFO system Request processed successfully
2026-09-19 10:01:09 INFO system Request processed successfully
2026-09-19 10:01:10 INFO system Request processed successfully
2026-09-19 10:01:11 INFO system Request processed successfully
2026-09-19 10:01:12 WARN database Query response slow
2026-09-19 10:01:13 INFO system Request processed successfully
2026-09-19 10:01:14 WARN database Query response slow
2026-09-19 10:01:15 WARN database Query response slow
2026-09-19 10:01:16 INFO system Request processed successfully
2026-09-19 10:01:17 WARN database Query response slow
2026-09-19 10:01:18 WARN database Query response slow
2026-09-19 10:01:19 INFO system Request processed successfully
2026-09-19 10:01:20 INFO system Request processed successfully
2026-09-19 10:01:21 WARN database Query response slow
2026-09-19 10:01:22 INFO system Request processed successfully
2026-09-19 10:01:23 INFO system Request processed successfully
2026-09-19 10:01:24 ERROR database Connection timeout
2026-09-19 10:01:25 WARN database Query response slow
2026-09-19 10:01:26 INFO system Request processed successfully
2026-09-19 10:01:27 INFO system Request processed successfully
2026-09-19 10:01:28 INFO system Request processed successfully
2026-09-19 10:01:29 INFO system Request processed successfully
2026-09-19 10:01:30 WARN database Query response slow
2026-09-19 10:01:31 WARN database Query response slow
2026-09-19 10:01:32 INFO system Request processed successfully
2026-09-19 10:01:33 INFO system Request processed successfully
2026-09-19 10:01:34 WARN database Query response slow
2026-09-19 10:01:35 INFO system Request processed successfully
2026-09-19 10:01:36 INFO system Request processed successfully
2026-09-19 10:01:37 INFO system Request processed successfully
2026-09-19 10:01:38 INFO system Request processed successfully
2026-09-19 10:01:39 INFO system Request processed successfully
2026-09-19 10:01:40 INFO system Request processed successfully
2026-09-19 10:01:41 WARN database Query response slow
2026-09-19 10:01:42 INFO system Request processed successfully
2026-09-19 10:01:43 INFO system Request processed successfully
2026-09-19 10:01:44 INFO system Request processed successfully
2026-09-19 10:01:45 INFO system Request processed successfully
2026-09-19 10:01:46 INFO system Request processed successfully
2026-09-19 10:01:47 INFO system Request processed successfully
2026-09-19 10:01:48 INFO system Request processed successfully
2026-09-19 10:01:49 INFO system Request processed successfully
2026-09-19 10:01:50 INFO system Request processed successfully
2026-09-19 10:01:51 INFO system Request processed successfully
2026-09-19 10:01:52 WARN database Query response slow
2026-09-19 10:01:53 ERROR auth Authentication failed
2026-09-19 10:01:54 INFO system Request processed successfully
2026-09-19 10:01:55 INFO system Request processed successfully
2026-09-19 10:01:56 INFO system Request processed successfully
2026-09-19 10:01:57 WARN database Query response slow
2026-09-19 10:01:58 INFO system Request processed successfully
2026-09-19 10:01:59 INFO system Request processed successfully
2026-09-19 10:01:00 INFO system Request processed successfully
2026-09-19 10:01:01 INFO system Request processed successfully
2026-09-19 10:01:02 INFO system Request processed successfully
2026-09-19 10:01:03 INFO system Request processed successfully
2026-09-19 10:01:04 INFO system Request processed successfully
2026-09-19 10:01:05 INFO system Request processed successfully
2026-09-19 10:01:06 INFO system Request processed successfully
2026-09-19 10:01:07 INFO system Request processed successfully
2026-09-19 10:01:08 INFO system Request processed successfully
2026-09-19 10:01:09 INFO system Request processed successfully
2026-09-19 10:01:10 INFO system Request processed successfully
2026-09-19 10:01:11 INFO system Request processed successfully
2026-09-19 10:01:12 INFO system Request processed successfully
2026-09-19 10:01:13 WARN database Query response slow
2026-09-19 10:01:14 INFO system Request processed successfully
2026-09-19 10:01:15 INFO system Request processed successfully
2026-09-19 10:01:16 INFO system Request processed successfully
2026-09-19 10:01:17 INFO system Request processed successfully
2026-09-19 10:01:18 INFO system Request processed successfully
2026-09-19 10:01:19 INFO system Request processed successfully
2026-09-19 10:01:20 INFO system Request processed successfully
2026-09-19 10:01:21 INFO system Request processed successfully
2026-09-19 10:01:22 INFO system Request processed successfully
2026-09-19 10:01:23 INFO system Request processed successfully
2026-09-19 10:01:24 WARN database Query response slow
2026-09-19 10:01:25 INFO system Request processed successfully
2026-09-19 10:01:26 INFO system Request processed successfully
2026-09-19 10:01:27 ERROR database Connection timeout
2026-09-19 10:01:28 INFO system Request processed successfully
2026-09-19 10:01:29 INFO system Request processed successfully
2026-09-19 10:01:30 INFO system Request processed successfully
2026-09-19 10:01:31 INFO system Request processed successfully
2026-09-19 10:01:32 INFO system Request processed successfully
2026-09-19 10:01:33 INFO system Request processed successfully
2026-09-19 10:01:34 INFO system Request processed successfully
2026-09-19 10:01:35 INFO system Request processed successfully
2026-09-19 10:01:36 INFO system Request processed successfully
2026-09-19 10:01:37 INFO system Request processed successfully
2026-09-19 10:01:38 INFO system Request processed successfully
2026-09-19 10:01:39 INFO system Request processed successfully
2026-09-19 10:01:40 INFO system Request processed successfully
2026-09-19 10:01:41 WARN database Query response slow
2026-09-19 10:01:42 INFO system Request processed successfully
2026-09-19 10:01:43 INFO system Request processed successfully
2026-09-19 10:01:44 WARN database Query response slow
2026-09-19 10:01:45 ERROR database Connection timeout
2026-09-19 10:01:46 INFO system Request processed successfully
2026-09-19 10:01:47 INFO system Request processed successfully
2026-09-19 10:01:48 INFO system Request processed successfully
2026-09-19 10:01:49 INFO system Request processed successfully
2026-09-19 10:01:50 WARN database Query response slow
2026-09-19 10:01:51 INFO system Request processed successfully
2026-09-19 10:01:52 INFO system Request processed successfully
2026-09-19 10:01:53 INFO system Request processed successfully
2026-09-19 10:01:54 INFO system Request processed successfully
2026-09-19 10:01:55 INFO system Request processed successfully
2026-09-19 10:01:56 INFO system Request processed successfully
2026-09-19 10:01:57 INFO system Request processed successfully
2026-09-19 10:01:58 INFO system Request processed successfully
2026-09-19 10:01:59 INFO system Request processed successfully
2026-09-19 10:01:00 INFO system Request processed successfully
2026-09-19 10:01:01 INFO system Request processed successfully
2026-09-19 10:01:02 INFO system Request processed successfully
2026-09-19 10:01:03 INFO system Request processed successfully
2026-09-19 10:01:04 WARN database Query response slow
2026-09-19 10:01:05 INFO system Request processed successfully
2026-09-19 10:01:06 INFO system Request processed successfully
2026-09-19 10:01:07 INFO system Request processed successfully
2026-09-19 10:01:08 INFO system Request processed successfully
2026-09-19 10:01:09 WARN database Query response slow
2026-09-19 10:01:10 WARN database Query response slow
2026-09-19 10:01:11 INFO system Request processed successfully
2026-09-19 10:01:12 ERROR database Connection timeout
2026-09-19 10:01:13 WARN database Query response slow
2026-09-19 10:01:14 INFO system Request processed successfully
2026-09-19 10:01:15 INFO system Request processed successfully
2026-09-19 10:01:16 WARN database Query response slow
2026-09-19 10:01:17 INFO system Request processed successfully
2026-09-19 10:01:18 WARN database Query response slow
2026-09-19 10:01:19 WARN database Query response slow
2026-09-19 10:01:20 INFO system Request processed successfully
2026-09-19 10:01:21 WARN database Query response slow
2026-09-19 10:01:22 INFO system Request processed successfully
2026-09-19 10:01:23 INFO system Request processed successfully
2026-09-19 10:01:24 INFO system Request processed successfully
2026-09-19 10:01:25 INFO system Request processed successfully
2026-09-19 10:01:26 INFO system Request processed successfully
2026-09-19 10:01:27 WARN database Query response slow
2026-09-19 10:01:28 INFO system Request processed successfully
2026-09-19 10:01:29 INFO system Request processed successfully
2026-09-19 10:01:30 INFO system Request processed successfully
2026-09-19 10:01:31 ERROR model Model loading failed
2026-09-19 10:01:32 INFO system Request processed successfully
2026-09-19 10:01:33 INFO system Request processed successfully
2026-09-19 10:01:34 INFO system Request processed successfully
2026-09-19 10:01:35 INFO system Request processed successfully
2026-09-19 10:01:36 INFO system Request processed successfully
2026-09-19 10:01:37 INFO system Request processed successfully
2026-09-19 10:01:38 INFO system Request processed successfully
2026-09-19 10:01:39 INFO system Request processed successfully
2026-09-19 10:01:40 INFO system Request processed successfully
2026-09-19 10:01:41 INFO system Request processed successfully
2026-09-19 10:01:42 ERROR database Connection timeout
2026-09-19 10:01:43 INFO system Request processed successfully
2026-09-19 10:01:44 INFO system Request processed successfully
2026-09-19 10:01:45 WARN database Query response slow
2026-09-19 10:01:46 INFO system Request processed successfully
2026-09-19 10:01:47 INFO system Request processed successfully
2026-09-19 10:01:48 INFO system Request processed successfully
2026-09-19 10:01:49 WARN database Query response slow
2026-09-19 10:01:50 INFO system Request processed successfully
2026-09-19 10:01:51 INFO system Request processed successfully
2026-09-19 10:01:52 INFO system Request processed successfully
2026-09-19 10:01:53 INFO system Request processed successfully
2026-09-19 10:01:54 WARN database Query response slow
2026-09-19 10:01:55 INFO system Request processed successfully
2026-09-19 10:01:56 INFO system Request processed successfully
2026-09-19 10:01:57 WARN database Query response slow
2026-09-19 10:01:58 INFO system Request processed successfully
2026-09-19 10:01:59 WARN database Query response slow
2026-09-19 10:01:00 INFO system Request processed successfully
2026-09-19 10:01:01 INFO system Request processed successfully
2026-09-19 10:01:02 INFO system Request processed successfully
2026-09-19 10:01:03 INFO system Request processed successfully
2026-09-19 10:01:04 INFO system Request processed successfully
2026-09-19 10:01:05 INFO system Request processed successfully
2026-09-19 10:01:06 INFO system Request processed successfully
2026-09-19 10:01:07 WARN database Query response slow
2026-09-19 10:01:08 INFO system Request processed successfully
2026-09-19 10:01:09 INFO system Request processed successfully
2026-09-19 10:01:10 INFO system Request processed successfully
2026-09-19 10:01:11 INFO system Request processed successfully
2026-09-19 10:01:12 WARN database Query response slow
2026-09-19 10:01:13 INFO system Request processed successfully
2026-09-19 10:01:14 INFO system Request processed successfully
2026-09-19 10:01:15 INFO system Request processed successfully
2026-09-19 10:01:16 INFO system Request processed successfully
2026-09-19 10:01:17 WARN database Query response slow
2026-09-19 10:01:18 INFO system Request processed successfully
2026-09-19 10:01:19 INFO system Request processed successfully
2026-09-19 10:01:20 INFO system Request processed successfully
2026-09-19 10:01:21 INFO system Request processed successfully
2026-09-19 10:01:22 ERROR model Model loading failed
2026-09-19 10:01:23 INFO system Request processed successfully
2026-09-19 10:01:24 INFO system Request processed successfully
2026-09-19 10:01:25 INFO system Request processed successfully
2026-09-19 10:01:26 INFO system Request processed successfully
2026-09-19 10:01:27 INFO system Request processed successfully
2026-09-19 10:01:28 WARN database Query response slow
2026-09-19 10:01:29 INFO system Request processed successfully
2026-09-19 10:01:30 INFO system Request processed successfully
2026-09-19 10:01:31 ERROR model Model loading failed
2026-09-19 10:01:32 INFO system Request processed successfully
2026-09-19 10:01:33 INFO system Request processed successfully
2026-09-19 10:01:34 WARN database Query response slow
2026-09-19 10:01:35 ERROR auth Authentication failed
2026-09-19 10:01:36 INFO system Request processed successfully
2026-09-19 10:01:37 INFO system Request processed successfully
2026-09-19 10:01:38 WARN database Query response slow
2026-09-19 10:01:39 INFO system Request processed successfully
2026-09-19 10:01:40 WARN database Query response slow
2026-09-19 10:01:41 INFO system Request processed successfully
2026-09-19 10:01:42 INFO system Request processed successfully
2026-09-19 10:01:43 INFO system Request processed successfully
2026-09-19 10:01:44 INFO system Request processed successfully
2026-09-19 10:01:45 INFO system Request processed successfully
2026-09-19 10:01:46 INFO system Request processed successfully
2026-09-19 10:01:47 INFO system Request processed successfully
2026-09-19 10:01:48 INFO system Request processed successfully
2026-09-19 10:01:49 INFO system Request processed successfully
2026-09-19 10:01:50 INFO system Request processed successfully
2026-09-19 10:01:51 INFO system Request processed successfully
2026-09-19 10:01:52 INFO system Request processed successfully
2026-09-19 10:01:53 INFO system Request processed successfully
2026-09-19 10:01:54 INFO system Request processed successfully
2026-09-19 10:01:55 INFO system Request processed successfully
2026-09-19 10:01:56 WARN database Query response slow
2026-09-19 10:01:57 INFO system Request processed successfully
2026-09-19 10:01:58 INFO system Request processed successfully
2026-09-19 10:01:59 INFO system Request processed successfully
2026-09-19 10:01:00 WARN database Query response slow
2026-09-19 10:01:01 INFO system Request processed successfully
2026-09-19 10:01:02 ERROR auth Authentication failed
2026-09-19 10:01:03 INFO system Request processed successfully
2026-09-19 10:01:04 ERROR model Model loading failed
2026-09-19 10:01:05 INFO system Request processed successfully
2026-09-19 10:01:06 INFO system Request processed successfully
2026-09-19 10:01:07 INFO system Request processed successfully
2026-09-19 10:01:08 INFO system Request processed successfully
2026-09-19 10:01:09 INFO system Request processed successfully
2026-09-19 10:01:10 INFO system Request processed successfully
2026-09-19 10:01:11 ERROR auth Authentication failed
2026-09-19 10:01:12 INFO system Request processed successfully
2026-09-19 10:01:13 WARN database Query response slow
2026-09-19 10:01:14 WARN database Query response slow
2026-09-19 10:01:15 INFO system Request processed successfully
2026-09-19 10:01:16 WARN database Query response slow
2026-09-19 10:01:17 INFO system Request processed successfully
2026-09-19 10:01:18 INFO system Request processed successfully
2026-09-19 10:01:19 INFO system Request processed successfully
2026-09-19 10:01:20 INFO system Request processed successfully
2026-09-19 10:01:21 INFO system Request processed successfully
2026-09-19 10:01:22 INFO system Request processed successfully
2026-09-19 10:01:23 INFO system Request processed successfully
2026-09-19 10:01:24 INFO system Request processed successfully
2026-09-19 10:01:25 INFO system Request processed successfully
2026-09-19 10:01:26 INFO system Request processed successfully
2026-09-19 10:01:27 WARN database Query response slow
2026-09-19 10:01:28 WARN database Query response slow
2026-09-19 10:01:29 INFO system Request processed successfully
2026-09-19 10:01:30 INFO system Request processed successfully
2026-09-19 10:01:31 INFO system Request processed successfully
2026-09-19 10:01:32 INFO system Request processed successfully
2026-09-19 10:01:33 INFO system Request processed successfully
2026-09-19 10:01:34 INFO system Request processed successfully
2026-09-19 10:01:35 INFO system Request processed successfully
2026-09-19 10:01:36 WARN database Query response slow
2026-09-19 10:01:37 INFO system Request processed successfully
2026-09-19 10:01:38 INFO system Request processed successfully
2026-09-19 10:01:39 INFO system Request processed successfully
2026-09-19 10:01:40 INFO system Request processed successfully
2026-09-19 10:01:41 INFO system Request processed successfully
2026-09-19 10:01:42 INFO system Request processed successfully
2026-09-19 10:01:43 INFO system Request processed successfully
2026-09-19 10:01:44 INFO system Request processed successfully
2026-09-19 10:01:45 INFO system Request processed successfully
2026-09-19 10:01:46 INFO system Request processed successfully
2026-09-19 10:01:47 INFO system Request processed successfully
2026-09-19 10:01:48 INFO system Request processed successfully
2026-09-19 10:01:49 INFO system Request processed successfully
2026-09-19 10:01:50 INFO system Request processed successfully
2026-09-19 10:01:51 INFO system Request processed successfully
2026-09-19 10:01:52 INFO system Request processed successfully
2026-09-19 10:01:53 INFO system Request processed successfully
2026-09-19 10:01:54 ERROR database Connection timeout
2026-09-19 10:01:55 INFO system Request processed successfully
2026-09-19 10:01:56 INFO system Request processed successfully
2026-09-19 10:01:57 INFO system Request processed successfully
2026-09-19 10:01:58 INFO system Request processed successfully
2026-09-19 10:01:59 INFO system Request processed successfully
2026-09-19 10:01:00 INFO system Request processed successfully
2026-09-19 10:01:01 INFO system Request processed successfully
2026-09-19 10:01:02 INFO system Request processed successfully
2026-09-19 10:01:03 INFO system Request processed successfully
2026-09-19 10:01:04 INFO system Request processed successfully
2026-09-19 10:01:05 INFO system Request processed successfully
2026-09-19 10:01:06 INFO system Request processed successfully
2026-09-19 10:01:07 INFO system Request processed successfully
2026-09-19 10:01:08 INFO system Request processed successfully
2026-09-19 10:01:09 INFO system Request processed successfully
2026-09-19 10:01:10 INFO system Request processed successfully
2026-09-19 10:01:11 INFO system Request processed successfully
2026-09-19 10:01:12 INFO system Request processed successfully
2026-09-19 10:01:13 INFO system Request processed successfully
2026-09-19 10:01:14 INFO system Request processed successfully
2026-09-19 10:01:15 INFO system Request processed successfully
2026-09-19 10:01:16 INFO system Request processed successfully
2026-09-19 10:01:17 INFO system Request processed successfully
2026-09-19 10:01:18 INFO system Request processed successfully
2026-09-19 10:01:19 INFO system Request processed successfully
2026-09-19 10:01:20 INFO system Request processed successfully
2026-09-19 10:01:21 ERROR database Connection timeout
2026-09-19 10:01:22 INFO system Request processed successfully
2026-09-19 10:01:23 INFO system Request processed successfully
2026-09-19 10:01:24 INFO system Request processed successfully
2026-09-19 10:01:25 INFO system Request processed successfully
2026-09-19 10:01:26 INFO system Request processed successfully
2026-09-19 10:01:27 INFO system Request processed successfully
2026-09-19 10:01:28 INFO system Request processed successfully
2026-09-19 10:01:29 INFO system Request processed successfully
2026-09-19 10:01:30 INFO system Request processed successfully
2026-09-19 10:01:31 INFO system Request processed successfully
2026-09-19 10:01:32 INFO system Request processed successfully
2026-09-19 10:01:33 INFO system Request processed successfully
2026-09-19 10:01:34 INFO system Request processed successfully
2026-09-19 10:01:35 INFO system Request processed successfully
2026-09-19 10:01:36 INFO system Request processed successfully
2026-09-19 10:01:37 INFO system Request processed successfully
2026-09-19 10:01:38 INFO system Request processed successfully
2026-09-19 10:01:39 WARN database Query response slow
2026-09-19 10:01:40 INFO system Request processed successfully
2026-09-19 10:01:41 INFO system Request processed successfully
2026-09-19 10:01:42 WARN database Query response slow
2026-09-19 10:01:43 INFO system Request processed successfully
2026-09-19 10:01:44 INFO system Request processed successfully
2026-09-19 10:01:45 INFO system Request processed successfully
2026-09-19 10:01:46 INFO system Request processed successfully
2026-09-19 10:01:47 INFO system Request processed successfully
2026-09-19 10:01:48 INFO system Request processed successfully
2026-09-19 10:01:49 INFO system Request processed successfully
2026-09-19 10:01:50 INFO system Request processed successfully
2026-09-19 10:01:51 WARN database Query response slow
2026-09-19 10:01:52 ERROR model Model loading failed
2026-09-19 10:01:53 INFO system Request processed successfully
2026-09-19 10:01:54 INFO system Request processed successfully
2026-09-19 10:01:55 INFO system Request processed successfully
2026-09-19 10:01:56 INFO system Request processed successfully
2026-09-19 10:01:57 INFO system Request processed successfully
2026-09-19 10:01:58 INFO system Request processed successfully
2026-09-19 10:01:59 INFO system Request processed successfully
2026-09-19 10:01:00 INFO system Request processed successfully
2026-09-19 10:01:01 INFO system Request processed successfully
2026-09-19 10:01:02 INFO system Request processed successfully
2026-09-19 10:01:03 INFO system Request processed successfully
2026-09-19 10:01:04 INFO system Request processed successfully
2026-09-19 10:01:05 INFO system Request processed successfully
2026-09-19 10:01:06 INFO system Request processed successfully
2026-09-19 10:01:07 INFO system Request processed successfully
2026-09-19 10:01:08 INFO system Request processed successfully
2026-09-19 10:01:09 INFO system Request processed successfully
2026-09-19 10:01:10 ERROR model Model loading failed
2026-09-19 10:01:11 ERROR auth Authentication failed
2026-09-19 10:01:12 INFO system Request processed successfully
2026-09-19 10:01:13 INFO system Request processed successfully
2026-09-19 10:01:14 INFO system Request processed successfully
2026-09-19 10:01:15 INFO system Request processed successfully
2026-09-19 10:01:16 INFO system Request processed successfully
2026-09-19 10:01:17 ERROR auth Authentication failed
2026-09-19 10:01:18 INFO system Request processed successfully
2026-09-19 10:01:19 INFO system Request processed successfully
2026-09-19 10:01:20 INFO system Request processed successfully
2026-09-19 10:01:21 INFO system Request processed successfully
2026-09-19 10:01:22 INFO system Request processed successfully
2026-09-19 10:01:23 INFO system Request processed successfully
2026-09-19 10:01:24 INFO system Request processed successfully
2026-09-19 10:01:25 INFO system Request processed successfully
2026-09-19 10:01:26 INFO system Request processed successfully
2026-09-19 10:01:27 WARN database Query response slow
2026-09-19 10:01:28 INFO system Request processed successfully
2026-09-19 10:01:29 INFO system Request processed successfully
2026-09-19 10:01:30 INFO system Request processed successfully
2026-09-19 10:01:31 ERROR model Model loading failed
2026-09-19 10:01:32 WARN database Query response slow
2026-09-19 10:01:33 INFO system Request processed successfully
2026-09-19 10:01:34 ERROR model Model loading failed
2026-09-19 10:01:35 INFO system Request processed successfully
2026-09-19 10:01:36 INFO system Request processed successfully
2026-09-19 10:01:37 INFO system Request processed successfully
2026-09-19 10:01:38 INFO system Request processed successfully
2026-09-19 10:01:39 WARN database Query response slow
2026-09-19 10:01:40 INFO system Request processed successfully
2026-09-19 10:01:41 INFO system Request processed successfully
2026-09-19 10:01:42 ERROR database Connection timeout
2026-09-19 10:01:43 WARN database Query response slow
2026-09-19 10:01:44 INFO system Request processed successfully
2026-09-19 10:01:45 WARN database Query response slow
2026-09-19 10:01:46 WARN database Query response slow
2026-09-19 10:01:47 INFO system Request processed successfully
2026-09-19 10:01:48 INFO system Request processed successfully
2026-09-19 10:01:49 INFO system Request processed successfully
2026-09-19 10:01:50 INFO system Request processed successfully
2026-09-19 10:01:51 INFO system Request processed successfully
2026-09-19 10:01:52 INFO system Request processed successfully
2026-09-19 10:01:53 INFO system Request processed successfully
2026-09-19 10:01:54 INFO system Request processed successfully
2026-09-19 10:01:55 INFO system Request processed successfully
2026-09-19 10:01:56 WARN database Query response slow
2026-09-19 10:01:57 WARN database Query response slow
2026-09-19 10:01:58 INFO system Request processed successfully
2026-09-19 10:01:59 INFO system Request processed successfully
2026-09-19 10:01:00 WARN database Query response slow
2026-09-19 10:01:01 INFO system Request processed successfully
2026-09-19 10:01:02 WARN database Query response slow
2026-09-19 10:01:03 INFO system Request processed successfully
2026-09-19 10:01:04 INFO system Request processed successfully
2026-09-19 10:01:05 WARN database Query response slow
2026-09-19 10:01:06 WARN database Query response slow
2026-09-19 10:01:07 INFO system Request processed successfully
2026-09-19 10:01:08 WARN database Query response slow
2026-09-19 10:01:09 INFO system Request processed successfully
2026-09-19 10:01:10 INFO system Request processed successfully
2026-09-19 10:01:11 INFO system Request processed successfully
2026-09-19 10:01:12 INFO system Request processed successfully
2026-09-19 10:01:13 INFO system Request processed successfully
2026-09-19 10:01:14 INFO system Request processed successfully
2026-09-19 10:01:15 INFO system Request processed successfully
2026-09-19 10:01:16 INFO system Request processed successfully
2026-09-19 10:01:17 INFO system Request processed successfully
2026-09-19 10:01:18 INFO system Request processed successfully
2026-09-19 10:01:19 INFO system Request processed successfully
2026-09-19 10:01:20 INFO system Request processed successfully
2026-09-19 10:01:21 INFO system Request processed successfully
2026-09-19 10:01:22 INFO system Request processed successfully
2026-09-19 10:01:23 INFO system Request processed successfully
2026-09-19 10:01:24 INFO system Request processed successfully
2026-09-19 10:01:25 INFO system Request processed successfully
2026-09-19 10:01:26 INFO system Request processed successfully
2026-09-19 10:01:27 INFO system Request processed successfully
2026-09-19 10:01:28 INFO system Request processed successfully
2026-09-19 10:01:29 INFO system Request processed successfully
2026-09-19 10:01:30 INFO system Request processed successfully
2026-09-19 10:01:31 WARN database Query response slow
2026-09-19 10:01:32 INFO system Request processed successfully
2026-09-19 10:01:33 INFO system Request processed successfully
2026-09-19 10:01:34 INFO system Request processed successfully
2026-09-19 10:01:35 INFO system Request processed successfully
2026-09-19 10:01:36 INFO system Request processed successfully
2026-09-19 10:01:37 INFO system Request processed successfully
2026-09-19 10:01:38 INFO system Request processed successfully
2026-09-19 10:01:39 INFO system Request processed successfully
